/*
 * Generated Eye Sprite Data
 * Converted by convert_sprites.py
 */

#pragma once
#include <Arduino.h>

const uint8_t PROGMEM sprite_frame_00_rle[] = {
    0x01, 0x07, 0x3A, 0x01, 0xC3, 0x18, 0x73, 0xE3, 0x18, 0x01, 0x03, 0x19,
    0x01, 0xE3, 0x18, 0x01, 0x28, 0x42, 0x01, 0x44, 0x21, 0x76, 0x00, 0x00,
    0x01, 0x65, 0x29, 0x01, 0x45, 0x29, 0x62, 0x00, 0x00, 0x01, 0x20, 0x00,
    0x11, 0x00, 0x00, 0x01, 0x20, 0x00, 0x01, 0x00, 0x00, 0x01, 0x85, 0x29,
    0x01, 0x45, 0x29, 0x76, 0x00, 0x00, 0x01, 0x65, 0x29, 0x01, 0x45, 0x29,
    0x76, 0x00, 0x00, 0x01, 0x65, 0x29, 0x01, 0x45, 0x29, 0x76, 0x00, 0x00,
    0x01, 0x65, 0x29, 0x01, 0x45, 0x29, 0x76, 0x00, 0x00, 0x01, 0x65, 0x29,
    0x01, 0x45, 0x29, 0x76, 0x00, 0x00, 0x01, 0x65, 0x29, 0x01, 0x45, 0x29,
    0x76, 0x00, 0x00, 0x01, 0x65, 0x29, 0x01, 0x45, 0x29, 0x76, 0x00, 0x00,
    0x01, 0x65, 0x29, 0x01, 0x45, 0x29, 0x76, 0x00, 0x00, 0x01, 0x65, 0x29,
    0x01, 0x45, 0x29, 0x76, 0x00, 0x00, 0x02, 0x65, 0x29, 0x74, 0x00, 0x00,
    0x01, 0x20, 0x00, 0x01, 0x00, 0x00, 0x01, 0x65, 0x29, 0x01, 0x45, 0x29,
    0x1C, 0x00, 0x00, 0x01, 0x20, 0x00, 0x57, 0x00, 0x00, 0x01, 0x20, 0x00,
    0x01, 0x00, 0x00, 0x02, 0x65, 0x29, 0x74, 0x00, 0x00, 0x01, 0x20, 0x00,
    0x01, 0x00, 0x00, 0x02, 0x65, 0x29, 0x76, 0x00, 0x00, 0x02, 0x65, 0x29,
    0x74, 0x00, 0x00, 0x01, 0x20, 0x00, 0x01, 0x00, 0x00, 0x02, 0x65, 0x29,
    0x74, 0x00, 0x00, 0x01, 0x20, 0x00, 0x01, 0x00, 0x00, 0x02, 0x65, 0x29,
    0x36, 0x00, 0x00, 0x01, 0x41, 0x10, 0x01, 0x82, 0x28, 0x05, 0x61, 0x28,
    0x01, 0x61, 0x30, 0x01, 0x62, 0x28, 0x01, 0x00, 0x08, 0x36, 0x00, 0x00,
    0x02, 0x65, 0x29, 0x33, 0x00, 0x00, 0x01, 0x00, 0x08, 0x01, 0x62, 0x30,
    0x01, 0x83, 0x48, 0x01, 0x84, 0x58, 0x01, 0xA5, 0x70, 0x02, 0xA4, 0x78,
    0x02, 0xA5, 0x78, 0x03, 0xC5, 0x80, 0x01, 0x83, 0x50, 0x01, 0x62, 0x38,
    0x01, 0x41, 0x28, 0x01, 0x00, 0x10, 0x33, 0x00, 0x00, 0x01, 0x85, 0x29,
    0x01, 0x65, 0x29, 0x31, 0x00, 0x00, 0x01, 0x00, 0x08, 0x01, 0x62, 0x38,
    0x01, 0xA5, 0x60, 0x01, 0xC5, 0x80, 0x01, 0xE6, 0x90, 0x01, 0x85, 0x78,
    0x03, 0x85, 0x70, 0x01, 0x85, 0x78, 0x02, 0xA5, 0x78, 0x01, 0xA5, 0x80,
    0x01, 0xE6, 0x98, 0x01, 0x06, 0xA9, 0x01, 0xE6, 0x90, 0x01, 0xA5, 0x70,
    0x01, 0xA4, 0x60, 0x01, 0xA3, 0x48, 0x01, 0x20, 0x18, 0x31, 0x00, 0x00,
    0x01, 0x85, 0x29, 0x01, 0x65, 0x29, 0x30, 0x00, 0x00, 0x01, 0x20, 0x10,
    0x01, 0xA3, 0x50, 0x01, 0xC5, 0x88, 0x01, 0x85, 0xC1, 0x01, 0xA6, 0xC9,
    0x01, 0xE6, 0x98, 0x01, 0x65, 0x78, 0x01, 0x65, 0x70, 0x03, 0x64, 0x80,
    0x01, 0x64, 0x78, 0x01, 0x45, 0x78, 0x01, 0x65, 0x78, 0x01, 0x85, 0x80,
    0x01, 0xC5, 0xA0, 0x01, 0x26, 0xC9, 0x01, 0x05, 0xB9, 0x01, 0xC5, 0x98,
    0x01, 0xA5, 0x78, 0x01, 0xE5, 0x68, 0x01, 0x62, 0x30, 0x30, 0x00, 0x00,
    0x01, 0x85, 0x29, 0x01, 0x65, 0x29, 0x2F, 0x00, 0x00, 0x01, 0x20, 0x10,
    0x01, 0xA4, 0x58, 0x01, 0xE5, 0x90, 0x01, 0xC4, 0xD1, 0x01, 0x44, 0xF2,
    0x01, 0x65, 0xB9, 0x01, 0x44, 0x78, 0x01, 0xA4, 0x88, 0x01, 0x24, 0xB1,
    0x01, 0xC4, 0xC9, 0x01, 0xE5, 0xD2, 0x01, 0xA8, 0xDB, 0x01, 0xA5, 0xC2,
    0x01, 0x04, 0xBA, 0x01, 0x64, 0xB1, 0x01, 0xA4, 0x90, 0x01, 0x84, 0x80,
    0x01, 0xA4, 0xA0, 0x01, 0x45, 0xD9, 0x01, 0x45, 0xD1, 0x01, 0xE5, 0xA8,
    0x01, 0xA5, 0x80, 0x01, 0xE5, 0x70, 0x01, 0x82, 0x38, 0x2F, 0x00, 0x00,
    0x01, 0x85, 0x29, 0x01, 0x65, 0x29, 0x2F, 0x00, 0x00, 0x01, 0x83, 0x48,
    0x01, 0xE5, 0x88, 0x01, 0xC4, 0xD1, 0x01, 0x43, 0xFA, 0x01, 0x04, 0xEA,
    0x01, 0xA3, 0x98, 0x01, 0x05, 0xA9, 0x01, 0xE4, 0xE1, 0x01, 0x63, 0xF3,
    0x01, 0x66, 0xFD, 0x01, 0xF0, 0xFE, 0x01, 0xB6, 0xFF, 0x01, 0x12, 0xFF,
    0x01, 0x6B, 0xFE, 0x01, 0x44, 0xF4, 0x01, 0x43, 0xE2, 0x01, 0x84, 0xC9,
    0x01, 0xA3, 0x98, 0x01, 0xE4, 0xB8, 0x01, 0x44, 0xE1, 0x01, 0x44, 0xD9,
    0x01, 0x05, 0xA9, 0x01, 0xA5, 0x80, 0x01, 0xC5, 0x70, 0x01, 0x41, 0x28,
    0x2E, 0x00, 0x00, 0x01, 0x85, 0x29, 0x01, 0x45, 0x29, 0x2E, 0x00, 0x00,
    0x01, 0x41, 0x28, 0x01, 0xC4, 0x78, 0x01, 0x64, 0xC1, 0x01, 0x22, 0xF2,
    0x01, 0xC2, 0xF2, 0x01, 0x83, 0xF2, 0x01, 0xE4, 0xE1, 0x01, 0x24, 0xEA,
    0x01, 0xC3, 0xF3, 0x01, 0x65, 0xFE, 0x01, 0xB0, 0xFF, 0x01, 0xFC, 0xFF,
    0x01, 0xFE, 0xFF, 0x01, 0xFD, 0xFF, 0x01, 0xB5, 0xFF, 0x01, 0xC7, 0xFE,
    0x01, 0xE3, 0xFC, 0x01, 0xC2, 0xF2, 0x01, 0x23, 0xEA, 0x01, 0x63, 0xD9,
    0x01, 0x03, 0xD9, 0x01, 0x24, 0xD9, 0x01, 0x25, 0xD9, 0x01, 0x05, 0xB1,
    0x01, 0xA4, 0x80, 0x01, 0xE5, 0x68, 0x01, 0x41, 0x18, 0x2D, 0x00, 0x00,
    0x02, 0x65, 0x29, 0x2E, 0x00, 0x00, 0x01, 0x83, 0x50, 0x01, 0xE5, 0xA0,
    0x01, 0xC4, 0xE1, 0x01, 0xC2, 0xF3, 0x01, 0xC3, 0xFD, 0x01, 0x62, 0xF3,
    0x01, 0x22, 0xF2, 0x01, 0x82, 0xEB, 0x01, 0x64, 0xFE, 0x01, 0x47, 0xFF,
    0x01, 0xD7, 0xFF, 0x01, 0xFF, 0xFF, 0x01, 0xFE, 0xFF, 0x01, 0xFF, 0xFF,
    0x01, 0xFC, 0xFF, 0x01, 0x6B, 0xFF, 0x01, 0xE2, 0xFE, 0x01, 0xA1, 0xF4,
    0x01, 0xC1, 0xFA, 0x01, 0x62, 0xFA, 0x01, 0x62, 0xE1, 0x01, 0x03, 0xD9,
    0x01, 0xE3, 0xD8, 0x01, 0x05, 0xD9, 0x01, 0xE5, 0xB0, 0x01, 0xC5, 0x80,
    0x01, 0x83, 0x48, 0x2D, 0x00, 0x00, 0x01, 0x85, 0x29, 0x01, 0x65, 0x29,
    0x2D, 0x00, 0x00, 0x01, 0x41, 0x18, 0x01, 0xA5, 0x68, 0x01, 0x25, 0xB9,
    0x01, 0x62, 0xEA, 0x01, 0x02, 0xFE, 0x01, 0xA2, 0xFE, 0x01, 0xA2, 0xEB,
    0x01, 0xE2, 0xEA, 0x01, 0x43, 0xFE, 0x01, 0x22, 0xFF, 0x01, 0x27, 0xFF,
    0x01, 0xD8, 0xFF, 0x01, 0xFF, 0xFF, 0x03, 0xFE, 0xFF, 0x01, 0x90, 0xFF,
    0x01, 0x22, 0xFF, 0x01, 0x82, 0xFE, 0x01, 0xE1, 0xF3, 0x01, 0xE1, 0xFA,
    0x01, 0x62, 0xF2, 0x01, 0x21, 0xE2, 0x01, 0x83, 0xEB, 0x01, 0x82, 0xD9,
    0x01, 0x05, 0xD9, 0x01, 0xC5, 0xA0, 0x01, 0xC4, 0x60, 0x01, 0x20, 0x10,
    0x2C, 0x00, 0x00, 0x01, 0x85, 0x29, 0x01, 0x65, 0x29, 0x2D, 0x00, 0x00,
    0x01, 0x83, 0x40, 0x01, 0xE6, 0x88, 0x01, 0x64, 0xD1, 0x01, 0x62, 0xF3,
    0x01, 0x61, 0xFE, 0x01, 0x42, 0xFE, 0x01, 0x81, 0xEB, 0x01, 0x82, 0xF4,
    0x01, 0xE2, 0xFE, 0x01, 0xC0, 0xFE, 0x01, 0x04, 0xFF, 0x01, 0xD4, 0xFF,
    0x04, 0xFE, 0xFF, 0x01, 0xD5, 0xFF, 0x01, 0x03, 0xFF, 0x01, 0x21, 0xFF,
    0x01, 0xA2, 0xFD, 0x01, 0x40, 0xF3, 0x01, 0x01, 0xFB, 0x01, 0xE1, 0xF4,
    0x01, 0xA2, 0xFE, 0x01, 0xA3, 0xF4, 0x01, 0x43, 0xD9, 0x01, 0xE5, 0xC0,
    0x01, 0xC4, 0x78, 0x01, 0x21, 0x20, 0x2C, 0x00, 0x00, 0x01, 0x85, 0x29,
    0x01, 0x65, 0x29, 0x2D, 0x00, 0x00, 0x01, 0x63, 0x40, 0x01, 0x06, 0x99,
    0x01, 0x83, 0xD9, 0x01, 0xE2, 0xF3, 0x01, 0x81, 0xFE, 0x01, 0xC2, 0xFD,
    0x01, 0x01, 0xEB, 0x01, 0x21, 0xF5, 0x01, 0xE1, 0xFE, 0x01, 0xC0, 0xFE,
    0x01, 0xE1, 0xFE, 0x01, 0x47, 0xFF, 0x01, 0x8D, 0xFF, 0x01, 0xB3, 0xFF,
    0x01, 0xFC, 0xFF, 0x01, 0xFF, 0xFF, 0x01, 0xD5, 0xFF, 0x01, 0x03, 0xFF,
    0x01, 0x00, 0xFF, 0x01, 0xA1, 0xFE, 0x01, 0x01, 0xF4, 0x01, 0x60, 0xF3,
    0x01, 0xE1, 0xFD, 0x01, 0xA0, 0xFE, 0x01, 0x82, 0xFE, 0x01, 0x23, 0xE3,
    0x01, 0xC4, 0xD0, 0x01, 0xE5, 0x98, 0x01, 0x62, 0x30, 0x2C, 0x00, 0x00,
    0x01, 0x85, 0x29, 0x01, 0x65, 0x29, 0x2D, 0x00, 0x00, 0x01, 0x63, 0x48,
    0x01, 0x06, 0x99, 0x01, 0x83, 0xD9, 0x01, 0xE2, 0xEB, 0x01, 0x82, 0xFE,
    0x01, 0x61, 0xF4, 0x01, 0xA1, 0xF2, 0x01, 0x61, 0xFC, 0x01, 0x21, 0xFE,
    0x01, 0xA0, 0xFE, 0x02, 0xE0, 0xFE, 0x01, 0x00, 0xFF, 0x01, 0x45, 0xFF,
    0x01, 0xB3, 0xFF, 0x01, 0xFD, 0xFF, 0x01, 0xB2, 0xFF, 0x01, 0x02, 0xFF,
    0x01, 0x00, 0xFF, 0x01, 0x01, 0xFF, 0x01, 0xC1, 0xF4, 0x01, 0x60, 0xF3,
    0x01, 0x81, 0xFD, 0x01, 0xA1, 0xFE, 0x01, 0xC1, 0xFE, 0x01, 0xC3, 0xF4,
    0x01, 0x03, 0xD9, 0x01, 0xE5, 0xB0, 0x01, 0x83, 0x40, 0x2C, 0x00, 0x00,
    0x01, 0x85, 0x29, 0x01, 0x65, 0x29, 0x2D, 0x00, 0x00, 0x01, 0x63, 0x50,
    0x01, 0x05, 0x99, 0x01, 0x63, 0xD9, 0x01, 0x62, 0xF3, 0x01, 0x02, 0xFD,
    0x01, 0xC1, 0xF2, 0x01, 0x62, 0xF2, 0x01, 0xA1, 0xF2, 0x01, 0xA1, 0xF3,
    0x01, 0x40, 0xFD, 0x01, 0xA1, 0xFE, 0x01, 0xE0, 0xFE, 0x01, 0x00, 0xFF,
    0x01, 0x43, 0xFF, 0x01, 0x8D, 0xFF, 0x01, 0xFA, 0xFF, 0x01, 0x91, 0xFF,
    0x01, 0x02, 0xFF, 0x01, 0x01, 0xFF, 0x01, 0x02, 0xFF, 0x01, 0x41, 0xF5,
    0x01, 0x60, 0xF3, 0x01, 0x21, 0xF5, 0x01, 0xA1, 0xFE, 0x01, 0xC1, 0xFE,
    0x01, 0x82, 0xFD, 0x01, 0x82, 0xD9, 0x01, 0xC5, 0xB0, 0x01, 0x62, 0x38,
    0x2C, 0x00, 0x00, 0x01, 0x85, 0x29, 0x01, 0x65, 0x29, 0x2D, 0x00, 0x00,
    0x01, 0x42, 0x40, 0x01, 0x26, 0x99, 0x01, 0x83, 0xD9, 0x02, 0x82, 0xF2,
    0x03, 0x43, 0xD9, 0x01, 0xC2, 0xE1, 0x01, 0x01, 0xF3, 0x01, 0x01, 0xF5,
    0x01, 0xC1, 0xFE, 0x02, 0x01, 0xFF, 0x01, 0x8D, 0xFF, 0x01, 0xFB, 0xFF,
    0x01, 0x6E, 0xFF, 0x01, 0x01, 0xFF, 0x01, 0x21, 0xFF, 0x01, 0x22, 0xFF,
    0x01, 0x21, 0xF5, 0x01, 0xA0, 0xFB, 0x01, 0x01, 0xFC, 0x01, 0x20, 0xF4,
    0x01, 0x41, 0xF5, 0x01, 0xC3, 0xFD, 0x01, 0xC2, 0xD9, 0x01, 0xC5, 0xA8,
    0x01, 0x62, 0x28, 0x2C, 0x00, 0x00, 0x01, 0x85, 0x29, 0x01, 0x65, 0x29,
    0x2D, 0x00, 0x00, 0x01, 0x41, 0x28, 0x01, 0x06, 0x99, 0x01, 0x64, 0xD9,
    0x01, 0xE3, 0xE9, 0x01, 0x24, 0xD1, 0x01, 0xC5, 0xA8, 0x01, 0x05, 0xC1,
    0x01, 0x04, 0xD9, 0x01, 0xE3, 0xD8, 0x01, 0xA2, 0xE1, 0x01, 0x61, 0xF3,
    0x01, 0xA1, 0xF5, 0x01, 0x22, 0xFF, 0x01, 0x00, 0xFF, 0x01, 0x4A, 0xFF,
    0x01, 0xFA, 0xFF, 0x01, 0x6B, 0xFF, 0x02, 0x21, 0xFF, 0x01, 0xE2, 0xFE,
    0x01, 0xA1, 0xF4, 0x01, 0xC0, 0xFB, 0x01, 0xA1, 0xFB, 0x01, 0x21, 0xFB,
    0x01, 0xC1, 0xF3, 0x01, 0x83, 0xF4, 0x01, 0x83, 0xD9, 0x01, 0xE5, 0xA8,
    0x01, 0x82, 0x38, 0x2C, 0x00, 0x00, 0x01, 0x85, 0x29, 0x01, 0x65, 0x29,
    0x2D, 0x00, 0x00, 0x01, 0x00, 0x08, 0x01, 0xC5, 0x78, 0x01, 0x45, 0xD1,
    0x01, 0x85, 0xE1, 0x01, 0xC5, 0x98, 0x01, 0x82, 0x48, 0x01, 0xA4, 0x78,
    0x01, 0x05, 0xD1, 0x01, 0x04, 0xD9, 0x01, 0x23, 0xD9, 0x01, 0xC2, 0xF2,
    0x01, 0xE1, 0xF4, 0x01, 0xE2, 0xFE, 0x01, 0x01, 0xFF, 0x01, 0x27, 0xFF,
    0x01, 0xF5, 0xFF, 0x01, 0x48, 0xFF, 0x01, 0x21, 0xFF, 0x01, 0x42, 0xFF,
    0x01, 0x02, 0xFE, 0x01, 0x00, 0xFC, 0x01, 0xE2, 0xFB, 0x01, 0x82, 0xF2,
    0x01, 0xC2, 0xE9, 0x01, 0x22, 0xFB, 0x01, 0xA2, 0xF2, 0x01, 0x24, 0xD1,
    0x01, 0xE4, 0x98, 0x01, 0x62, 0x30, 0x2C, 0x00, 0x00, 0x01, 0x85, 0x29,
    0x01, 0x65, 0x29, 0x2E, 0x00, 0x00, 0x01, 0x83, 0x50, 0x01, 0x47, 0xC1,
    0x01, 0x06, 0xB1, 0x01, 0x62, 0x48, 0x01, 0x00, 0x00, 0x01, 0x62, 0x38,
    0x01, 0x05, 0xB9, 0x01, 0x25, 0xE1, 0x01, 0x04, 0xD9, 0x01, 0x83, 0xEA,
    0x01, 0xA1, 0xFC, 0x01, 0xE2, 0xFE, 0x01, 0x01, 0xFF, 0x01, 0x25, 0xFF,
    0x01, 0xAF, 0xFF, 0x01, 0x45, 0xFF, 0x01, 0x41, 0xFF, 0x01, 0xE2, 0xFE,
    0x01, 0xA0, 0xF4, 0x01, 0x01, 0xFC, 0x01, 0x02, 0xF3, 0x01, 0x43, 0xE1,
    0x01, 0x24, 0xE1, 0x01, 0x63, 0xF2, 0x01, 0x03, 0xF2, 0x01, 0x25, 0xC9,
    0x01, 0xC4, 0x70, 0x01, 0x20, 0x18, 0x2C, 0x00, 0x00, 0x01, 0x85, 0x29,
    0x01, 0x65, 0x29, 0x2E, 0x00, 0x00, 0x01, 0x21, 0x20, 0x01, 0x48, 0xA9,
    0x01, 0xA4, 0x68, 0x01, 0x00, 0x08, 0x01, 0x00, 0x00, 0x01, 0x82, 0x48,
    0x01, 0x05, 0xC1, 0x01, 0x25, 0xE1, 0x01, 0x04, 0xD9, 0x01, 0x43, 0xEA,
    0x01, 0x82, 0xFC, 0x01, 0xC2, 0xFE, 0x01, 0x01, 0xFF, 0x01, 0x03, 0xFF,
    0x01, 0x46, 0xFF, 0x01, 0x23, 0xFF, 0x01, 0x22, 0xFF, 0x01, 0x61, 0xF5,
    0x01, 0x20, 0xFC, 0x01, 0x82, 0xFB, 0x01, 0x83, 0xE1, 0x02, 0x44, 0xE9,
    0x02, 0x64, 0xE9, 0x01, 0x05, 0xB1, 0x01, 0xA3, 0x50, 0x2D, 0x00, 0x00,
    0x01, 0x85, 0x29, 0x01, 0x65, 0x29, 0x2E, 0x00, 0x00, 0x01, 0x20, 0x20,
    0x01, 0x26, 0x79, 0x01, 0x83, 0x38, 0x01, 0x00, 0x00, 0x01, 0x20, 0x08,
    0x01, 0xC4, 0x70, 0x01, 0x05, 0xC9, 0x01, 0x25, 0xD9, 0x01, 0x04, 0xD9,
    0x01, 0x43, 0xEA, 0x01, 0x81, 0xFC, 0x01, 0xA1, 0xFE, 0x03, 0x01, 0xFF,
    0x01, 0x21, 0xFF, 0x01, 0xC1, 0xFD, 0x01, 0x40, 0xFC, 0x01, 0xA2, 0xFB,
    0x01, 0xE2, 0xE1, 0x01, 0x24, 0xE1, 0x01, 0x45, 0xE9, 0x02, 0x24, 0xE9,
    0x01, 0x25, 0xC9, 0x01, 0xE5, 0x80, 0x01, 0x20, 0x20, 0x2D, 0x00, 0x00,
    0x01, 0x85, 0x29, 0x01, 0x65, 0x29, 0x2E, 0x00, 0x00, 0x01, 0x20, 0x10,
    0x01, 0x82, 0x30, 0x02, 0x00, 0x00, 0x01, 0x83, 0x40, 0x01, 0x06, 0xA9,
    0x01, 0x05, 0xD9, 0x01, 0x24, 0xD9, 0x01, 0x04, 0xD9, 0x01, 0x62, 0xEA,
    0x01, 0x21, 0xFD, 0x01, 0xC1, 0xFE, 0x01, 0x00, 0xFF, 0x01, 0x01, 0xFF,
    0x01, 0xA1, 0xFE, 0x01, 0x21, 0xF5, 0x01, 0x00, 0xF4, 0x01, 0x21, 0xFB,
    0x01, 0xC2, 0xE9, 0x01, 0x24, 0xE1, 0x01, 0x05, 0xD1, 0x01, 0xE4, 0xD0,
    0x01, 0x25, 0xE9, 0x01, 0x26, 0xD9, 0x01, 0xE5, 0x90, 0x01, 0x41, 0x30,
    0x2E, 0x00, 0x00, 0x01, 0x85, 0x29, 0x01, 0x65, 0x29, 0x31, 0x00, 0x00,
    0x01, 0x41, 0x28, 0x01, 0x06, 0x89, 0x01, 0x06, 0xC9, 0x01, 0x05, 0xD9,
    0x01, 0x04, 0xD9, 0x01, 0x23, 0xD9, 0x01, 0x82, 0xF3, 0x01, 0x62, 0xFE,
    0x02, 0xE1, 0xFE, 0x01, 0x22, 0xFE, 0x01, 0x21, 0xF4, 0x01, 0xE1, 0xF2,
    0x01, 0x41, 0xF2, 0x01, 0x82, 0xE9, 0x01, 0x24, 0xE1, 0x01, 0x25, 0xC1,
    0x01, 0xC4, 0x88, 0x01, 0xE5, 0xC0, 0x01, 0x26, 0xD9, 0x01, 0xE5, 0x98,
    0x01, 0x62, 0x40, 0x2F, 0x00, 0x00, 0x01, 0x85, 0x29, 0x01, 0x65, 0x29,
    0x31, 0x00, 0x00, 0x01, 0x62, 0x48, 0x01, 0xE6, 0xA0, 0x01, 0x06, 0xD1,
    0x01, 0xE4, 0xD8, 0x01, 0x24, 0xD9, 0x01, 0x22, 0xEA, 0x01, 0xC1, 0xFC,
    0x01, 0xC1, 0xFE, 0x01, 0x01, 0xFF, 0x01, 0x02, 0xFE, 0x01, 0x41, 0xEB,
    0x01, 0x22, 0xF2, 0x01, 0x82, 0xE9, 0x01, 0x43, 0xE9, 0x01, 0x45, 0xD9,
    0x01, 0x25, 0xB1, 0x01, 0xA3, 0x50, 0x01, 0x62, 0x50, 0x01, 0x07, 0xC9,
    0x01, 0xC5, 0x98, 0x01, 0x83, 0x48, 0x30, 0x00, 0x00, 0x02, 0x65, 0x29,
    0x31, 0x00, 0x00, 0x01, 0x62, 0x48, 0x01, 0xC6, 0xA8, 0x01, 0x06, 0xD9,
    0x01, 0xE4, 0xD8, 0x01, 0xA3, 0xD9, 0x01, 0xC2, 0xFB, 0x01, 0x61, 0xFD,
    0x01, 0xE1, 0xFE, 0x01, 0xC2, 0xFE, 0x01, 0xE1, 0xF3, 0x01, 0xE2, 0xE9,
    0x01, 0x83, 0xE9, 0x01, 0x64, 0xE9, 0x01, 0x45, 0xD9, 0x01, 0x05, 0x99,
    0x01, 0x82, 0x40, 0x01, 0x00, 0x08, 0x01, 0xC4, 0x58, 0x01, 0xE6, 0x90,
    0x01, 0x42, 0x38, 0x2F, 0x00, 0x00, 0x01, 0x20, 0x00, 0x01, 0x00, 0x00,
    0x02, 0x65, 0x29, 0x31, 0x00, 0x00, 0x01, 0x83, 0x48, 0x01, 0xC6, 0xA8,
    0x01, 0x05, 0xD9, 0x01, 0xC4, 0xD8, 0x01, 0x42, 0xE2, 0x01, 0x41, 0xFC,
    0x01, 0x20, 0xFD, 0x01, 0xC2, 0xFE, 0x01, 0x62, 0xFD, 0x01, 0x41, 0xEA,
    0x01, 0x83, 0xE9, 0x01, 0x85, 0xE9, 0x01, 0x86, 0xD1, 0x01, 0xC4, 0x78,
    0x01, 0x41, 0x28, 0x01, 0x00, 0x00, 0x01, 0x00, 0x08, 0x01, 0xA3, 0x40,
    0x01, 0x41, 0x28, 0x30, 0x00, 0x00, 0x01, 0x20, 0x00, 0x01, 0x00, 0x00,
    0x02, 0x65, 0x29, 0x2E, 0x00, 0x00, 0x02, 0x20, 0x00, 0x01, 0x00, 0x00,
    0x01, 0x63, 0x50, 0x01, 0xC6, 0xA8, 0x01, 0x05, 0xD9, 0x01, 0xE4, 0xD8,
    0x01, 0x42, 0xE2, 0x01, 0x61, 0xFC, 0x01, 0xA0, 0xFC, 0x01, 0x01, 0xFD,
    0x01, 0x82, 0xF3, 0x01, 0xA3, 0xE1, 0x01, 0x85, 0xE9, 0x01, 0x65, 0xB9,
    0x01, 0xE4, 0x68, 0x01, 0x20, 0x18, 0x37, 0x00, 0x00, 0x02, 0x65, 0x29,
    0x31, 0x00, 0x00, 0x01, 0x62, 0x48, 0x01, 0xE6, 0xA0, 0x01, 0x05, 0xD9,
    0x01, 0xE4, 0xD8, 0x01, 0xE3, 0xE1, 0x01, 0x42, 0xFC, 0x01, 0x81, 0xFC,
    0x01, 0x01, 0xFC, 0x01, 0x82, 0xEA, 0x01, 0x64, 0xE1, 0x01, 0x45, 0xC1,
    0x01, 0xA3, 0x60, 0x01, 0x00, 0x10, 0x38, 0x00, 0x00, 0x02, 0x65, 0x29,
    0x2F, 0x00, 0x00, 0x01, 0x20, 0x00, 0x01, 0x00, 0x00, 0x01, 0x41, 0x28,
    0x01, 0x06, 0x89, 0x01, 0xE5, 0xD8, 0x01, 0xE4, 0xE0, 0x01, 0x24, 0xD9,
    0x01, 0x03, 0xE2, 0x01, 0x82, 0xF3, 0x01, 0x82, 0xFB, 0x01, 0xE3, 0xE1,
    0x01, 0x25, 0xD1, 0x01, 0x04, 0x81, 0x01, 0x20, 0x18, 0x01, 0x00, 0x00,
    0x01, 0x20, 0x00, 0x37, 0x00, 0x00, 0x02, 0x65, 0x29, 0x2F, 0x00, 0x00,
    0x01, 0x20, 0x00, 0x01, 0x00, 0x00, 0x01, 0x00, 0x08, 0x01, 0xA4, 0x68,
    0x01, 0xE6, 0xC8, 0x02, 0xE4, 0xE0, 0x01, 0xC4, 0xD8, 0x01, 0xE3, 0xE1,
    0x01, 0x23, 0xFB, 0x01, 0x63, 0xE1, 0x01, 0x05, 0xB9, 0x01, 0x82, 0x58,
    0x01, 0x00, 0x08, 0x02, 0x20, 0x00, 0x37, 0x00, 0x00, 0x02, 0x65, 0x29,
    0x32, 0x00, 0x00, 0x01, 0x62, 0x40, 0x01, 0xE6, 0xB0, 0x01, 0xE5, 0xE0,
    0x01, 0xE4, 0xE0, 0x01, 0xE4, 0xD8, 0x01, 0x44, 0xE1, 0x01, 0x04, 0xF2,
    0x01, 0x04, 0xD9, 0x01, 0xE5, 0xA0, 0x01, 0x62, 0x40, 0x01, 0x00, 0x00,
    0x01, 0x20, 0x00, 0x38, 0x00, 0x00, 0x02, 0x65, 0x29, 0x32, 0x00, 0x00,
    0x01, 0x20, 0x10, 0x01, 0xA4, 0x78, 0x01, 0xE6, 0xD0, 0x01, 0xC4, 0xE0,
    0x02, 0xE4, 0xD8, 0x01, 0xC4, 0xD8, 0x01, 0xE5, 0xD8, 0x01, 0xE4, 0xA0,
    0x01, 0x41, 0x38, 0x3A, 0x00, 0x00, 0x02, 0x65, 0x29, 0x31, 0x00, 0x00,
    0x01, 0x20, 0x00, 0x01, 0x00, 0x00, 0x01, 0x41, 0x30, 0x01, 0xC5, 0xA0,
    0x01, 0xE5, 0xD8, 0x03, 0xC4, 0xD8, 0x01, 0xE5, 0xD8, 0x01, 0x05, 0xC1,
    0x01, 0x83, 0x60, 0x3A, 0x00, 0x00, 0x02, 0x65, 0x29, 0x34, 0x00, 0x00,
    0x01, 0x62, 0x48, 0x01, 0xE6, 0xB8, 0x01, 0xC5, 0xD8, 0x01, 0xC4, 0xD0,
    0x01, 0xE4, 0xD0, 0x01, 0xC5, 0xD0, 0x01, 0xE5, 0xC8, 0x01, 0x05, 0x89,
    0x01, 0x41, 0x20, 0x39, 0x00, 0x00, 0x01, 0x85, 0x29, 0x01, 0x65, 0x29,
    0x34, 0x00, 0x00, 0x01, 0x00, 0x08, 0x01, 0xA3, 0x60, 0x01, 0xE6, 0xB8,
    0x03, 0xC5, 0xD0, 0x01, 0xE5, 0xD0, 0x01, 0x06, 0xC1, 0x01, 0xE4, 0x78,
    0x01, 0x41, 0x28, 0x38, 0x00, 0x00, 0x01, 0x85, 0x29, 0x01, 0x65, 0x29,
    0x35, 0x00, 0x00, 0x01, 0x20, 0x18, 0x01, 0xC4, 0x70, 0x01, 0x06, 0xB9,
    0x01, 0xE5, 0xD0, 0x02, 0xC5, 0xD0, 0x01, 0xE5, 0xD0, 0x01, 0x06, 0xC9,
    0x01, 0x06, 0xA9, 0x01, 0xA4, 0x60, 0x01, 0x00, 0x10, 0x36, 0x00, 0x00,
    0x02, 0x65, 0x29, 0x36, 0x00, 0x00, 0x01, 0x20, 0x10, 0x01, 0xA3, 0x58,
    0x01, 0xC5, 0x98, 0x01, 0xC6, 0xC8, 0x01, 0xC5, 0xD0, 0x02, 0xE5, 0xD0,
    0x01, 0x06, 0xD9, 0x01, 0x06, 0xA9, 0x01, 0x42, 0x30, 0x36, 0x00, 0x00,
    0x01, 0x85, 0x29, 0x01, 0x65, 0x29, 0x38, 0x00, 0x00, 0x01, 0x42, 0x30,
    0x01, 0xA4, 0x70, 0x01, 0xE6, 0xB0, 0x01, 0xE6, 0xD0, 0x01, 0xE5, 0xD0,
    0x01, 0xE5, 0xD8, 0x01, 0xC5, 0xA8, 0x01, 0x42, 0x38, 0x36, 0x00, 0x00,
    0x01, 0x85, 0x29, 0x01, 0x65, 0x29, 0x39, 0x00, 0x00, 0x01, 0x20, 0x10,
    0x01, 0x83, 0x48, 0x01, 0xC6, 0xA8, 0x02, 0xE5, 0xD8, 0x01, 0xE5, 0xA8,
    0x01, 0x62, 0x30, 0x36, 0x00, 0x00, 0x02, 0x65, 0x29, 0x3A, 0x00, 0x00,
    0x01, 0x00, 0x08, 0x01, 0xA5, 0x80, 0x01, 0xE6, 0xD8, 0x01, 0xE5, 0xD8,
    0x01, 0xC5, 0xA0, 0x01, 0x41, 0x20, 0x36, 0x00, 0x00, 0x02, 0x65, 0x29,
    0x3A, 0x00, 0x00, 0x01, 0x00, 0x08, 0x01, 0x63, 0x68, 0x01, 0xE6, 0xD0,
    0x01, 0x05, 0xD9, 0x01, 0xC4, 0x88, 0x01, 0x20, 0x10, 0x36, 0x00, 0x00,
    0x02, 0x65, 0x29, 0x3A, 0x00, 0x00, 0x01, 0x00, 0x08, 0x01, 0x83, 0x68,
    0x01, 0x06, 0xD1, 0x01, 0x05, 0xC9, 0x01, 0xC3, 0x68, 0x01, 0x00, 0x08,
    0x36, 0x00, 0x00, 0x01, 0x65, 0x29, 0x01, 0x85, 0x29, 0x39, 0x00, 0x00,
    0x01, 0x20, 0x00, 0x01, 0x00, 0x08, 0x01, 0xA3, 0x70, 0x01, 0x06, 0xD1,
    0x01, 0x05, 0xB9, 0x01, 0x61, 0x38, 0x35, 0x00, 0x00, 0x01, 0x20, 0x00,
    0x01, 0x00, 0x00, 0x01, 0x65, 0x29, 0x01, 0x85, 0x29, 0x39, 0x00, 0x00,
    0x01, 0x20, 0x00, 0x01, 0x00, 0x10, 0x01, 0xA4, 0x80, 0x01, 0x27, 0xC9,
    0x01, 0xC4, 0x80, 0x01, 0x00, 0x10, 0x37, 0x00, 0x00, 0x02, 0x65, 0x29,
    0x3A, 0x00, 0x00, 0x01, 0x20, 0x18, 0x01, 0xC5, 0x90, 0x01, 0x05, 0xA9,
    0x01, 0x41, 0x30, 0x38, 0x00, 0x00, 0x02, 0x65, 0x29, 0x38, 0x00, 0x00,
    0x01, 0x20, 0x00, 0x01, 0x00, 0x00, 0x01, 0x82, 0x40, 0x01, 0x05, 0x91,
    0x01, 0x82, 0x58, 0x01, 0x00, 0x08, 0x38, 0x00, 0x00, 0x01, 0x65, 0x29,
    0x01, 0x85, 0x29, 0x3A, 0x00, 0x00, 0x01, 0x41, 0x20, 0x01, 0x83, 0x40,
    0x01, 0x00, 0x10, 0x39, 0x00, 0x00, 0x02, 0x65, 0x29, 0x76, 0x00, 0x00,
    0x02, 0x65, 0x29, 0x76, 0x00, 0x00, 0x02, 0x65, 0x29, 0x36, 0x00, 0x00,
    0x01, 0x21, 0x18, 0x01, 0x41, 0x20, 0x3E, 0x00, 0x00, 0x02, 0x65, 0x29,
    0x36, 0x00, 0x00, 0x01, 0xC5, 0x70, 0x01, 0xE5, 0x68, 0x3E, 0x00, 0x00,
    0x02, 0x65, 0x29, 0x35, 0x00, 0x00, 0x01, 0x00, 0x10, 0x01, 0xC5, 0x78,
    0x01, 0xC4, 0x60, 0x3E, 0x00, 0x00, 0x02, 0x65, 0x29, 0x35, 0x00, 0x00,
    0x01, 0x20, 0x10, 0x01, 0x82, 0x30, 0x01, 0x20, 0x10, 0x3E, 0x00, 0x00,
    0x02, 0x65, 0x29, 0x76, 0x00, 0x00, 0x02, 0x65, 0x29, 0x76, 0x00, 0x00,
    0x01, 0x65, 0x29, 0x01, 0x85, 0x29, 0x76, 0x00, 0x00, 0x02, 0x65, 0x29,
    0x76, 0x00, 0x00, 0x02, 0x65, 0x29, 0x76, 0x00, 0x00, 0x01, 0x85, 0x29,
    0x01, 0x65, 0x29, 0x76, 0x00, 0x00, 0x01, 0x85, 0x29, 0x01, 0x65, 0x29,
    0x76, 0x00, 0x00, 0x02, 0x85, 0x29, 0x76, 0x00, 0x00, 0x01, 0x85, 0x29,
    0x01, 0x65, 0x29, 0x76, 0x00, 0x00, 0x02, 0x65, 0x29, 0x74, 0x00, 0x00,
    0x01, 0x20, 0x00, 0x01, 0x00, 0x00, 0x02, 0x65, 0x29, 0x76, 0x00, 0x00,
    0x01, 0x85, 0x29, 0x01, 0x65, 0x29, 0x01, 0x00, 0x00, 0x01, 0x20, 0x00,
    0x74, 0x00, 0x00, 0x01, 0x85, 0x29, 0x01, 0x65, 0x29, 0x01, 0x00, 0x00,
    0x01, 0x20, 0x00, 0x74, 0x00, 0x00, 0x02, 0x85, 0x29, 0x76, 0x00, 0x00,
    0x01, 0x85, 0x29, 0x01, 0x65, 0x29, 0x74, 0x00, 0x00, 0x01, 0x20, 0x00,
    0x01, 0x00, 0x00, 0x01, 0x85, 0x29, 0x01, 0x65, 0x29, 0x5C, 0x00, 0x00,
    0x01, 0x20, 0x00, 0x19, 0x00, 0x00, 0x02, 0x85, 0x29, 0x74, 0x00, 0x00,
    0x01, 0x20, 0x00, 0x01, 0x00, 0x00, 0x02, 0x85, 0x29, 0x74, 0x00, 0x00,
    0x01, 0x20, 0x00, 0x01, 0x00, 0x00, 0x01, 0x85, 0x29, 0x01, 0x65, 0x29,
    0x76, 0x00, 0x00, 0x01, 0x85, 0x29, 0x01, 0x65, 0x29, 0x76, 0x00, 0x00,
    0x01, 0x85, 0x29, 0x01, 0x65, 0x29, 0x74, 0x00, 0x00, 0x01, 0x20, 0x00,
    0x01, 0x00, 0x00, 0x01, 0x85, 0x29, 0x01, 0x65, 0x29, 0x74, 0x00, 0x00,
    0x01, 0x20, 0x00, 0x01, 0x00, 0x00, 0x02, 0x85, 0x29, 0x76, 0x00, 0x00,
    0x02, 0x85, 0x29, 0x76, 0x00, 0x00, 0x01, 0x85, 0x29, 0x01, 0x65, 0x29,
    0x76, 0x00, 0x00, 0x01, 0x85, 0x29, 0x01, 0x65, 0x29, 0x76, 0x00, 0x00,
    0x01, 0x85, 0x29, 0x01, 0x65, 0x29, 0x76, 0x00, 0x00, 0x01, 0x65, 0x29,
    0x01, 0x85, 0x29, 0x76, 0x00, 0x00, 0x01, 0x85, 0x29, 0x01, 0x65, 0x29,
    0x76, 0x00, 0x00, 0x02, 0x65, 0x29, 0x74, 0x00, 0x00, 0x01, 0x20, 0x00,
    0x01, 0x00, 0x00, 0x01, 0x85, 0x29, 0x01, 0x65, 0x29, 0x76, 0x00, 0x00,
    0x01, 0x85, 0x29, 0x01, 0x66, 0x29, 0x76, 0x00, 0x00, 0x01, 0x65, 0x29,
    0x01, 0x86, 0x29, 0x76, 0x00, 0x00, 0x01, 0x65, 0x29, 0x01, 0x85, 0x29,
    0x76, 0x00, 0x00, 0x02, 0x65, 0x29, 0x74, 0x00, 0x00, 0x01, 0x20, 0x00,
    0x01, 0x00, 0x00, 0x02, 0x65, 0x29, 0x76, 0x00, 0x00, 0x01, 0x85, 0x29,
    0x01, 0x65, 0x29, 0x76, 0x00, 0x00, 0x01, 0x85, 0x29, 0x01, 0x65, 0x29,
    0x76, 0x00, 0x00, 0x02, 0x85, 0x29, 0x76, 0x00, 0x00, 0x02, 0x85, 0x29,
    0x76, 0x00, 0x00, 0x01, 0x85, 0x29, 0x01, 0x65, 0x29, 0x76, 0x00, 0x00,
    0x02, 0x85, 0x29, 0x01, 0x00, 0x00, 0x01, 0x20, 0x00, 0x72, 0x00, 0x00,
    0x01, 0x20, 0x00, 0x01, 0x00, 0x00, 0x02, 0x85, 0x29, 0x01, 0x00, 0x00,
    0x01, 0x20, 0x00, 0x72, 0x00, 0x00, 0x01, 0x20, 0x00, 0x01, 0x00, 0x00,
    0x02, 0x85, 0x29, 0x01, 0x00, 0x00, 0x01, 0x20, 0x00, 0x74, 0x00, 0x00,
    0x01, 0x85, 0x29, 0x01, 0x86, 0x29, 0x76, 0x00, 0x00, 0x02, 0x85, 0x29,
    0x74, 0x00, 0x00, 0x01, 0x20, 0x00, 0x01, 0x00, 0x00, 0x01, 0x85, 0x29,
    0x01, 0x65, 0x29, 0x74, 0x00, 0x00, 0x01, 0x20, 0x00, 0x01, 0x00, 0x00,
    0x01, 0x85, 0x29, 0x01, 0x65, 0x29, 0x01, 0x00, 0x00, 0x01, 0x20, 0x00,
    0x72, 0x00, 0x00, 0x01, 0x20, 0x00, 0x01, 0x00, 0x00, 0x02, 0x85, 0x29,
    0x01, 0x00, 0x00, 0x01, 0x20, 0x00, 0x11, 0x00, 0x00, 0x01, 0x20, 0x00,
    0x35, 0x00, 0x00, 0x01, 0x20, 0x00, 0x09, 0x00, 0x00, 0x02, 0x20, 0x00,
    0x06, 0x00, 0x00, 0x01, 0x20, 0x00, 0x15, 0x00, 0x00, 0x01, 0x20, 0x00,
    0x02, 0x00, 0x00, 0x01, 0x20, 0x00, 0x01, 0x00, 0x00, 0x01, 0x85, 0x29,
    0x01, 0x45, 0x29, 0x76, 0x00, 0x00, 0x01, 0x64, 0x29, 0x01, 0x28, 0x42,
    0x01, 0x03, 0x21, 0x01, 0x24, 0x21, 0x03, 0x04, 0x21, 0x03, 0x24, 0x21,
    0x04, 0x04, 0x21, 0x02, 0x24, 0x21, 0x11, 0x04, 0x21, 0x01, 0x24, 0x21,
    0x03, 0x04, 0x21, 0x01, 0x24, 0x21, 0x03, 0x04, 0x21, 0x04, 0x24, 0x21,
    0x01, 0x04, 0x21, 0x02, 0x24, 0x21, 0x06, 0x04, 0x21, 0x01, 0x24, 0x21,
    0x0F, 0x04, 0x21, 0x01, 0x24, 0x21, 0x03, 0x04, 0x21, 0x01, 0x24, 0x21,
    0x15, 0x04, 0x21, 0x01, 0x24, 0x21, 0x07, 0x04, 0x21, 0x02, 0x24, 0x21,
    0x01, 0x04, 0x21, 0x01, 0x24, 0x21, 0x04, 0x04, 0x21, 0x06, 0x24, 0x21,
    0x01, 0x44, 0x21, 0x01, 0x24, 0x21, 0x01, 0x68, 0x42
};
const uint16_t sprite_frame_00_size = 3657;

const uint8_t PROGMEM sprite_frame_01_rle[] = {
    0x01, 0xC6, 0x39, 0x08, 0xE3, 0x18, 0x01, 0xC3, 0x18, 0x1B, 0xE3, 0x18,
    0x01, 0xC3, 0x18, 0x0F, 0xE3, 0x18, 0x02, 0xC3, 0x18, 0x05, 0xE3, 0x18,
    0x02, 0xC3, 0x18, 0x02, 0xE3, 0x18, 0x01, 0xC3, 0x18, 0x14, 0xE3, 0x18,
    0x01, 0xC3, 0x18, 0x13, 0xE3, 0x18, 0x02, 0xC3, 0x18, 0x0B, 0xE3, 0x18,
    0x01, 0xC3, 0x18, 0x01, 0xA6, 0x31, 0x01, 0xE3, 0x18, 0x76, 0x00, 0x00,
    0x01, 0xC3, 0x18, 0x01, 0x04, 0x21, 0x29, 0x00, 0x00, 0x01, 0x20, 0x00,
    0x43, 0x00, 0x00, 0x01, 0x20, 0x00, 0x08, 0x00, 0x00, 0x01, 0x03, 0x19,
    0x01, 0x04, 0x21, 0x76, 0x00, 0x00, 0x01, 0xE3, 0x18, 0x01, 0x04, 0x21,
    0x76, 0x00, 0x00, 0x01, 0x03, 0x19, 0x01, 0x04, 0x21, 0x76, 0x00, 0x00,
    0x01, 0xE3, 0x18, 0x01, 0x04, 0x21, 0x76, 0x00, 0x00, 0x01, 0xE3, 0x18,
    0x01, 0x04, 0x21, 0x76, 0x00, 0x00, 0x01, 0xE3, 0x18, 0x01, 0x04, 0x21,
    0x76, 0x00, 0x00, 0x01, 0x03, 0x19, 0x01, 0x04, 0x21, 0x76, 0x00, 0x00,
    0x01, 0x03, 0x19, 0x01, 0x04, 0x21, 0x76, 0x00, 0x00, 0x01, 0x03, 0x19,
    0x01, 0x04, 0x21, 0x76, 0x00, 0x00, 0x01, 0x03, 0x21, 0x01, 0x04, 0x21,
    0x76, 0x00, 0x00, 0x01, 0x03, 0x19, 0x01, 0x04, 0x21, 0x76, 0x00, 0x00,
    0x01, 0x03, 0x19, 0x01, 0x04, 0x21, 0x76, 0x00, 0x00, 0x01, 0x03, 0x19,
    0x01, 0x04, 0x21, 0x76, 0x00, 0x00, 0x01, 0x03, 0x19, 0x01, 0x04, 0x21,
    0x76, 0x00, 0x00, 0x01, 0x03, 0x19, 0x01, 0x24, 0x21, 0x35, 0x00, 0x00,
    0x02, 0x00, 0x08, 0x01, 0x21, 0x28, 0x01, 0x42, 0x40, 0x01, 0x41, 0x40,
    0x03, 0x41, 0x38, 0x01, 0x41, 0x28, 0x38, 0x00, 0x00, 0x01, 0x03, 0x19,
    0x01, 0x24, 0x21, 0x01, 0x00, 0x00, 0x01, 0x20, 0x00, 0x30, 0x00, 0x00,
    0x01, 0x00, 0x08, 0x01, 0x21, 0x20, 0x01, 0xA3, 0x50, 0x01, 0xA3, 0x58,
    0x01, 0x84, 0x60, 0x01, 0xA4, 0x68, 0x01, 0xA5, 0x70, 0x04, 0xA4, 0x70,
    0x01, 0xC4, 0x60, 0x01, 0x63, 0x40, 0x01, 0x83, 0x48, 0x01, 0x82, 0x38,
    0x01, 0x41, 0x18, 0x03, 0x00, 0x00, 0x01, 0x20, 0x00, 0x30, 0x00, 0x00,
    0x01, 0x03, 0x21, 0x01, 0x24, 0x21, 0x31, 0x00, 0x00, 0x01, 0x61, 0x30,
    0x01, 0xA4, 0x60, 0x01, 0x85, 0x70, 0x02, 0xA5, 0x88, 0x01, 0x65, 0x80,
    0x01, 0x65, 0x78, 0x03, 0x85, 0x78, 0x01, 0x65, 0x78, 0x01, 0x65, 0x70,
    0x03, 0x85, 0x78, 0x01, 0x85, 0x70, 0x01, 0xA5, 0x70, 0x01, 0xA3, 0x50,
    0x01, 0x41, 0x20, 0x02, 0x00, 0x00, 0x02, 0x20, 0x00, 0x2E, 0x00, 0x00,
    0x01, 0x03, 0x19, 0x01, 0x24, 0x21, 0x2F, 0x00, 0x00, 0x01, 0x20, 0x18,
    0x01, 0xA3, 0x58, 0x01, 0xA5, 0x78, 0x01, 0x85, 0x90, 0x01, 0x24, 0xB1,
    0x01, 0xC5, 0xC9, 0x01, 0xC4, 0x90, 0x02, 0x65, 0x78, 0x01, 0x44, 0x70,
    0x01, 0x04, 0x70, 0x01, 0x04, 0x68, 0x01, 0x24, 0x70, 0x01, 0x44, 0x70,
    0x01, 0x64, 0x70, 0x01, 0xC5, 0x88, 0x01, 0xC5, 0x90, 0x01, 0xA4, 0x88,
    0x01, 0x64, 0x80, 0x01, 0xA5, 0x80, 0x01, 0xC5, 0x78, 0x01, 0xA3, 0x50,
    0x01, 0x00, 0x10, 0x01, 0x00, 0x00, 0x01, 0x20, 0x00, 0x2E, 0x00, 0x00,
    0x01, 0x03, 0x19, 0x01, 0x24, 0x21, 0x2E, 0x00, 0x00, 0x01, 0x20, 0x18,
    0x01, 0xA4, 0x60, 0x01, 0x85, 0x80, 0x01, 0xC4, 0x98, 0x01, 0x04, 0xD2,
    0x01, 0xA4, 0xF2, 0x01, 0x64, 0xB1, 0x02, 0x44, 0x70, 0x01, 0x63, 0x70,
    0x01, 0x42, 0x89, 0x01, 0x63, 0xA2, 0x01, 0x83, 0xA2, 0x01, 0xC2, 0x91,
    0x01, 0xC2, 0x80, 0x01, 0x63, 0x78, 0x01, 0x23, 0x70, 0x01, 0xC4, 0x90,
    0x01, 0xC5, 0xC1, 0x01, 0x44, 0xB1, 0x01, 0xC4, 0x90, 0x01, 0x84, 0x80,
    0x01, 0xC5, 0x80, 0x01, 0xC4, 0x60, 0x01, 0x21, 0x18, 0x2F, 0x00, 0x00,
    0x01, 0x03, 0x19, 0x01, 0x24, 0x21, 0x2D, 0x00, 0x00, 0x01, 0x20, 0x10,
    0x01, 0xA4, 0x58, 0x01, 0x44, 0x78, 0x01, 0xE4, 0xA0, 0x01, 0x64, 0xE2,
    0x01, 0x23, 0xFB, 0x01, 0xE3, 0xC9, 0x01, 0x23, 0x70, 0x01, 0x83, 0x78,
    0x01, 0x63, 0xAA, 0x01, 0xE4, 0xE4, 0x01, 0x24, 0xF6, 0x01, 0x26, 0xFF,
    0x01, 0x6A, 0xFF, 0x01, 0x09, 0xFF, 0x01, 0xC7, 0xED, 0x01, 0x83, 0xDB,
    0x01, 0x63, 0xC2, 0x01, 0x42, 0xA1, 0x01, 0x43, 0xB1, 0x01, 0x44, 0xEA,
    0x01, 0x24, 0xEA, 0x01, 0x64, 0xB9, 0x01, 0xC4, 0x90, 0x01, 0xA5, 0x80,
    0x01, 0xE5, 0x70, 0x01, 0x21, 0x18, 0x2E, 0x00, 0x00, 0x01, 0x03, 0x19,
    0x01, 0x24, 0x21, 0x2D, 0x00, 0x00, 0x01, 0x83, 0x50, 0x01, 0x64, 0x78,
    0x01, 0xE3, 0xA0, 0x01, 0x83, 0xE2, 0x01, 0x22, 0xFB, 0x01, 0x02, 0xFB,
    0x01, 0x42, 0xA9, 0x01, 0xE3, 0xB1, 0x01, 0x03, 0xE4, 0x01, 0x83, 0xFE,
    0x01, 0x62, 0xFF, 0x01, 0x67, 0xFF, 0x01, 0xD5, 0xFF, 0x01, 0xFB, 0xFF,
    0x01, 0xF8, 0xFF, 0x01, 0xF0, 0xFF, 0x01, 0xA6, 0xFE, 0x01, 0x22, 0xFD,
    0x01, 0x83, 0xFC, 0x01, 0x02, 0xE3, 0x01, 0x62, 0xF2, 0x01, 0x43, 0xFA,
    0x01, 0x43, 0xF2, 0x01, 0xE4, 0xD9, 0x01, 0xC3, 0x98, 0x01, 0x84, 0x78,
    0x01, 0xC4, 0x60, 0x01, 0x20, 0x18, 0x2D, 0x00, 0x00, 0x01, 0x03, 0x19,
    0x01, 0x24, 0x21, 0x2C, 0x00, 0x00, 0x01, 0x82, 0x30, 0x01, 0x64, 0x70,
    0x01, 0xC3, 0xA0, 0x01, 0xA3, 0xEA, 0x01, 0x21, 0xFB, 0x02, 0x01, 0xFB,
    0x01, 0xE2, 0xF2, 0x01, 0x21, 0xFC, 0x01, 0x62, 0xFE, 0x01, 0x42, 0xFF,
    0x01, 0x22, 0xFF, 0x01, 0x8F, 0xFF, 0x02, 0xFF, 0xFF, 0x01, 0xFE, 0xFF,
    0x01, 0xB2, 0xFF, 0x01, 0x86, 0xFF, 0x01, 0x42, 0xFE, 0x01, 0x40, 0xFD,
    0x01, 0xE1, 0xFC, 0x01, 0xA1, 0xFB, 0x01, 0x81, 0xF2, 0x01, 0x22, 0xF2,
    0x01, 0x03, 0xF2, 0x01, 0xE4, 0xE1, 0x01, 0xE4, 0xA0, 0x01, 0x84, 0x78,
    0x01, 0xC3, 0x50, 0x2D, 0x00, 0x00, 0x01, 0x03, 0x19, 0x01, 0x24, 0x21,
    0x2C, 0x00, 0x00, 0x01, 0x83, 0x58, 0x01, 0x84, 0x98, 0x01, 0x24, 0xE2,
    0x01, 0x02, 0xFB, 0x03, 0xE1, 0xFA, 0x01, 0x40, 0xFB, 0x01, 0xE0, 0xFC,
    0x01, 0xC2, 0xFE, 0x01, 0x22, 0xFF, 0x01, 0x02, 0xFF, 0x01, 0xB3, 0xFF,
    0x03, 0xFF, 0xFF, 0x01, 0x91, 0xFF, 0x01, 0x64, 0xFF, 0x01, 0x23, 0xFF,
    0x01, 0xA0, 0xFD, 0x01, 0x40, 0xFD, 0x01, 0xE1, 0xFC, 0x01, 0x81, 0xFB,
    0x01, 0xA1, 0xF2, 0x01, 0xE1, 0xF1, 0x01, 0xC2, 0xF1, 0x01, 0xC4, 0xE1,
    0x01, 0xA3, 0xA0, 0x01, 0xA4, 0x68, 0x01, 0x41, 0x20, 0x2C, 0x00, 0x00,
    0x01, 0x03, 0x19, 0x01, 0x24, 0x21, 0x2B, 0x00, 0x00, 0x01, 0x61, 0x28,
    0x01, 0x64, 0x70, 0x01, 0x24, 0xB9, 0x01, 0xC3, 0xFA, 0x01, 0xC1, 0xFA,
    0x01, 0xA1, 0xF3, 0x01, 0xC2, 0xF4, 0x01, 0xE1, 0xF3, 0x01, 0xC0, 0xF3,
    0x01, 0x60, 0xFD, 0x01, 0xE2, 0xFE, 0x01, 0x21, 0xFF, 0x01, 0x23, 0xFF,
    0x01, 0xD6, 0xFF, 0x01, 0xFF, 0xFF, 0x01, 0xDE, 0xFF, 0x01, 0xFE, 0xFF,
    0x01, 0xB3, 0xFF, 0x01, 0x44, 0xFF, 0x01, 0x43, 0xFF, 0x01, 0xE1, 0xFD,
    0x01, 0x40, 0xFD, 0x01, 0x60, 0xFD, 0x01, 0x80, 0xFC, 0x01, 0x60, 0xF3,
    0x01, 0x62, 0xF4, 0x01, 0xC1, 0xEA, 0x01, 0x82, 0xE9, 0x01, 0x64, 0xD9,
    0x01, 0xA4, 0x88, 0x01, 0xA3, 0x48, 0x2C, 0x00, 0x00, 0x01, 0x03, 0x19,
    0x01, 0x24, 0x21, 0x2B, 0x00, 0x00, 0x01, 0x83, 0x50, 0x01, 0x85, 0x90,
    0x01, 0xA4, 0xD1, 0x01, 0xA1, 0xFA, 0x01, 0x01, 0xF4, 0x01, 0x82, 0xFE,
    0x01, 0x22, 0xFF, 0x01, 0x62, 0xFE, 0x01, 0xE0, 0xF4, 0x01, 0x20, 0xFD,
    0x01, 0xA1, 0xFE, 0x01, 0x41, 0xFF, 0x01, 0x03, 0xFF, 0x01, 0xD5, 0xFF,
    0x01, 0xFE, 0xFF, 0x01, 0xDE, 0xFF, 0x01, 0xFE, 0xFF, 0x01, 0xB4, 0xFF,
    0x01, 0x44, 0xFF, 0x01, 0x43, 0xFF, 0x01, 0x21, 0xF6, 0x02, 0x60, 0xFD,
    0x01, 0x40, 0xFD, 0x01, 0x41, 0xF5, 0x01, 0x81, 0xFE, 0x01, 0xE2, 0xFD,
    0x01, 0xC1, 0xE2, 0x01, 0x43, 0xE9, 0x01, 0xE5, 0xC0, 0x01, 0xA3, 0x68,
    0x01, 0x41, 0x18, 0x2B, 0x00, 0x00, 0x01, 0x03, 0x19, 0x01, 0x24, 0x21,
    0x2B, 0x00, 0x00, 0x01, 0xA4, 0x68, 0x01, 0x86, 0xA0, 0x01, 0xE4, 0xE1,
    0x01, 0x21, 0xF3, 0x01, 0x42, 0xFE, 0x01, 0x21, 0xFF, 0x01, 0x00, 0xFF,
    0x01, 0x01, 0xFF, 0x01, 0xA0, 0xFD, 0x01, 0x00, 0xFD, 0x01, 0xC0, 0xF5,
    0x01, 0x22, 0xFF, 0x01, 0x21, 0xFF, 0x01, 0x8F, 0xFF, 0x02, 0xFD, 0xFF,
    0x01, 0xFC, 0xFF, 0x01, 0xB1, 0xFF, 0x01, 0x43, 0xFF, 0x01, 0x42, 0xFF,
    0x01, 0x02, 0xFF, 0x01, 0xC0, 0xF5, 0x02, 0x60, 0xFD, 0x01, 0x00, 0xFE,
    0x01, 0x80, 0xFE, 0x01, 0xA0, 0xFE, 0x01, 0xA2, 0xFD, 0x01, 0xE2, 0xD9,
    0x01, 0x05, 0xD9, 0x01, 0xC5, 0x98, 0x01, 0x82, 0x48, 0x2B, 0x00, 0x00,
    0x01, 0x03, 0x19, 0x01, 0x24, 0x21, 0x2B, 0x00, 0x00, 0x01, 0xA4, 0x60,
    0x01, 0xA5, 0xA8, 0x01, 0xC4, 0xE1, 0x01, 0x62, 0xF4, 0x01, 0x22, 0xFF,
    0x01, 0x00, 0xFF, 0x01, 0x01, 0xFF, 0x01, 0xE1, 0xFE, 0x01, 0xA0, 0xF5,
    0x01, 0x20, 0xFD, 0x01, 0x00, 0xF5, 0x01, 0x01, 0xF6, 0x01, 0x21, 0xFF,
    0x01, 0x44, 0xFF, 0x02, 0xB2, 0xFF, 0x01, 0x8D, 0xFF, 0x01, 0x68, 0xFF,
    0x01, 0x42, 0xFF, 0x02, 0x43, 0xFF, 0x01, 0x41, 0xFE, 0x02, 0x60, 0xFD,
    0x01, 0xA0, 0xF5, 0x01, 0x60, 0xFE, 0x01, 0x80, 0xFE, 0x01, 0xC1, 0xFE,
    0x01, 0x42, 0xEC, 0x01, 0x24, 0xD9, 0x01, 0xE5, 0xC0, 0x01, 0xA3, 0x60,
    0x2B, 0x00, 0x00, 0x01, 0x03, 0x19, 0x01, 0x24, 0x21, 0x2B, 0x00, 0x00,
    0x01, 0xA4, 0x68, 0x01, 0xC5, 0xB0, 0x01, 0x03, 0xE2, 0x01, 0x22, 0xF5,
    0x01, 0x21, 0xFF, 0x01, 0xE0, 0xFE, 0x01, 0x00, 0xFF, 0x01, 0xE1, 0xFE,
    0x01, 0xA0, 0xF5, 0x02, 0x20, 0xFD, 0x01, 0x20, 0xF5, 0x01, 0x41, 0xFE,
    0x01, 0x42, 0xFF, 0x01, 0x43, 0xFF, 0x01, 0x44, 0xFF, 0x02, 0x42, 0xFF,
    0x03, 0x43, 0xFF, 0x01, 0xA2, 0xFE, 0x01, 0x80, 0xF5, 0x01, 0x80, 0xFD,
    0x01, 0x60, 0xFD, 0x01, 0x00, 0xFE, 0x02, 0xA0, 0xFE, 0x01, 0x22, 0xFE,
    0x01, 0x03, 0xE2, 0x01, 0xE5, 0xC8, 0x01, 0xE4, 0x70, 0x01, 0x20, 0x10,
    0x01, 0x00, 0x00, 0x01, 0x20, 0x00, 0x28, 0x00, 0x00, 0x01, 0x03, 0x21,
    0x01, 0x04, 0x21, 0x2B, 0x00, 0x00, 0x01, 0xA4, 0x68, 0x01, 0xC5, 0xB0,
    0x01, 0x03, 0xE2, 0x01, 0xA2, 0xF5, 0x01, 0x21, 0xFF, 0x01, 0x00, 0xFF,
    0x01, 0x41, 0xFF, 0x01, 0x02, 0xFF, 0x01, 0x80, 0xF5, 0x03, 0x20, 0xFD,
    0x01, 0x20, 0xF5, 0x01, 0x41, 0xFE, 0x01, 0x63, 0xFF, 0x01, 0x42, 0xFF,
    0x03, 0x43, 0xFF, 0x01, 0x23, 0xFF, 0x01, 0x43, 0xFF, 0x01, 0xC2, 0xFE,
    0x01, 0x80, 0xF5, 0x02, 0x80, 0xFD, 0x01, 0x40, 0xFD, 0x01, 0xC1, 0xF5,
    0x01, 0xA0, 0xFE, 0x01, 0xA2, 0xFE, 0x01, 0x03, 0xE3, 0x01, 0xE5, 0xC8,
    0x01, 0xE4, 0x70, 0x01, 0x20, 0x10, 0x01, 0x00, 0x00, 0x01, 0x20, 0x00,
    0x28, 0x00, 0x00, 0x02, 0x04, 0x21, 0x2B, 0x00, 0x00, 0x01, 0xA3, 0x58,
    0x01, 0xC5, 0xA0, 0x01, 0xE4, 0xD9, 0x01, 0x62, 0xF5, 0x01, 0x21, 0xFF,
    0x01, 0xA1, 0xFE, 0x01, 0x21, 0xF5, 0x01, 0xE1, 0xF4, 0x01, 0xE1, 0xFC,
    0x01, 0x40, 0xFD, 0x03, 0x20, 0xFD, 0x01, 0x20, 0xF5, 0x01, 0x62, 0xFE,
    0x01, 0x63, 0xFF, 0x05, 0x43, 0xFF, 0x01, 0x62, 0xFE, 0x01, 0x60, 0xFD,
    0x02, 0x80, 0xFD, 0x01, 0x00, 0xFD, 0x01, 0x00, 0xEC, 0x01, 0x01, 0xFE,
    0x01, 0xE2, 0xFE, 0x01, 0xA3, 0xEB, 0x01, 0xC4, 0xC8, 0x01, 0xC4, 0x70,
    0x01, 0x00, 0x10, 0x2A, 0x00, 0x00, 0x02, 0x04, 0x21, 0x2B, 0x00, 0x00,
    0x01, 0x62, 0x40, 0x01, 0xC5, 0x90, 0x01, 0xA4, 0xD9, 0x01, 0xC2, 0xF4,
    0x01, 0x02, 0xFF, 0x01, 0x61, 0xF4, 0x01, 0x40, 0xEA, 0x01, 0x41, 0xEA,
    0x01, 0xE1, 0xEA, 0x01, 0x81, 0xFC, 0x01, 0x40, 0xFD, 0x03, 0x20, 0xFD,
    0x01, 0x40, 0xF5, 0x01, 0xA2, 0xFE, 0x01, 0x63, 0xFF, 0x04, 0x43, 0xFF,
    0x01, 0x21, 0xFE, 0x01, 0x60, 0xFD, 0x02, 0x80, 0xFD, 0x01, 0x21, 0xFD,
    0x01, 0xA0, 0xF3, 0x01, 0x41, 0xF5, 0x01, 0xE2, 0xFE, 0x01, 0xA2, 0xEB,
    0x01, 0xC4, 0xC8, 0x01, 0xC4, 0x68, 0x01, 0x00, 0x08, 0x2A, 0x00, 0x00,
    0x01, 0x03, 0x19, 0x01, 0x04, 0x21, 0x2B, 0x00, 0x00, 0x01, 0x41, 0x20,
    0x01, 0xC5, 0x80, 0x01, 0x44, 0xC9, 0x01, 0x22, 0xF4, 0x01, 0xE3, 0xFD,
    0x01, 0x80, 0xEA, 0x01, 0x21, 0xF2, 0x01, 0x42, 0xFA, 0x01, 0x22, 0xF2,
    0x01, 0x61, 0xEA, 0x01, 0x01, 0xF4, 0x02, 0x20, 0xFD, 0x01, 0x40, 0xFD,
    0x01, 0x20, 0xFD, 0x01, 0x80, 0xF5, 0x01, 0x23, 0xFF, 0x01, 0x63, 0xFF,
    0x01, 0x43, 0xFF, 0x01, 0x63, 0xFF, 0x01, 0x03, 0xFF, 0x01, 0xA0, 0xFD,
    0x03, 0x80, 0xFD, 0x01, 0x21, 0xFD, 0x01, 0x80, 0xF3, 0x01, 0xE0, 0xF4,
    0x01, 0xC2, 0xFE, 0x01, 0x02, 0xE3, 0x01, 0xC4, 0xC8, 0x01, 0xE4, 0x60,
    0x01, 0x00, 0x08, 0x2A, 0x00, 0x00, 0x01, 0x03, 0x21, 0x01, 0x04, 0x21,
    0x2B, 0x00, 0x00, 0x01, 0x20, 0x08, 0x01, 0xC4, 0x68, 0x01, 0x05, 0xB9,
    0x01, 0x43, 0xEB, 0x01, 0x62, 0xF4, 0x01, 0x20, 0xEA, 0x01, 0x22, 0xF2,
    0x01, 0x63, 0xC9, 0x01, 0x44, 0xC9, 0x01, 0xE3, 0xE9, 0x01, 0x21, 0xEA,
    0x01, 0xE1, 0xF3, 0x01, 0x40, 0xFD, 0x01, 0x20, 0xFD, 0x01, 0x40, 0xFD,
    0x01, 0x20, 0xFD, 0x01, 0x62, 0xFE, 0x01, 0x63, 0xFF, 0x01, 0x43, 0xFF,
    0x01, 0x63, 0xFF, 0x01, 0x82, 0xFE, 0x04, 0x80, 0xFD, 0x01, 0xE0, 0xFC,
    0x01, 0x40, 0xF3, 0x01, 0x01, 0xFD, 0x01, 0xC3, 0xFD, 0x01, 0xE2, 0xE1,
    0x01, 0x05, 0xC9, 0x01, 0xA3, 0x60, 0x2B, 0x00, 0x00, 0x01, 0x03, 0x19,
    0x01, 0x04, 0x21, 0x2C, 0x00, 0x00, 0x01, 0x82, 0x38, 0x01, 0xE5, 0xA0,
    0x01, 0x23, 0xE2, 0x01, 0x42, 0xF3, 0x01, 0x21, 0xF2, 0x01, 0xC3, 0xE1,
    0x01, 0xA3, 0x90, 0x01, 0x84, 0x80, 0x01, 0x04, 0xB9, 0x01, 0xE3, 0xF1,
    0x01, 0x21, 0xEA, 0x01, 0x61, 0xFC, 0x02, 0x40, 0xFD, 0x01, 0x20, 0xFD,
    0x01, 0xC0, 0xFD, 0x01, 0x43, 0xFF, 0x01, 0x63, 0xFF, 0x01, 0x43, 0xFF,
    0x01, 0x00, 0xFE, 0x04, 0x80, 0xFD, 0x01, 0x80, 0xFC, 0x01, 0x20, 0xFB,
    0x01, 0x62, 0xF3, 0x01, 0xA2, 0xEA, 0x01, 0x43, 0xE9, 0x01, 0x45, 0xB1,
    0x01, 0x62, 0x40, 0x2B, 0x00, 0x00, 0x01, 0x03, 0x19, 0x01, 0x24, 0x21,
    0x2C, 0x00, 0x00, 0x01, 0x20, 0x20, 0x01, 0xC5, 0x80, 0x01, 0x84, 0xD1,
    0x01, 0x81, 0xF2, 0x01, 0x22, 0xF2, 0x01, 0x84, 0xE1, 0x01, 0x04, 0x81,
    0x01, 0x62, 0x28, 0x01, 0xA4, 0x88, 0x01, 0x84, 0xE1, 0x01, 0xC2, 0xF1,
    0x01, 0xE1, 0xEA, 0x01, 0x21, 0xFD, 0x01, 0x40, 0xFD, 0x01, 0x20, 0xFD,
    0x01, 0xA0, 0xF5, 0x01, 0x43, 0xFF, 0x01, 0x83, 0xFF, 0x01, 0x02, 0xFF,
    0x01, 0xA0, 0xFD, 0x03, 0x80, 0xFD, 0x01, 0x40, 0xFD, 0x01, 0xE0, 0xFB,
    0x01, 0xA1, 0xFA, 0x01, 0x81, 0xE9, 0x01, 0x82, 0xF1, 0x01, 0x84, 0xE9,
    0x01, 0x05, 0x89, 0x01, 0x41, 0x20, 0x2B, 0x00, 0x00, 0x01, 0xE3, 0x18,
    0x01, 0x04, 0x21, 0x28, 0x00, 0x00, 0x01, 0x20, 0x00, 0x04, 0x00, 0x00,
    0x01, 0xA4, 0x58, 0x01, 0x25, 0xB1, 0x01, 0x42, 0xEA, 0x01, 0x22, 0xF2,
    0x01, 0x64, 0xD9, 0x01, 0x82, 0x60, 0x01, 0x00, 0x08, 0x01, 0x83, 0x78,
    0x01, 0x44, 0xD9, 0x01, 0xE2, 0xF1, 0x01, 0x21, 0xEA, 0x01, 0x81, 0xFC,
    0x01, 0x40, 0xFD, 0x01, 0x20, 0xFD, 0x01, 0x80, 0xF5, 0x01, 0x23, 0xFF,
    0x01, 0x83, 0xFF, 0x01, 0xA2, 0xFE, 0x02, 0x80, 0xFD, 0x01, 0x60, 0xFD,
    0x01, 0x80, 0xFD, 0x01, 0x81, 0xFC, 0x01, 0x01, 0xFB, 0x01, 0xE2, 0xF1,
    0x01, 0x82, 0xF1, 0x01, 0xC3, 0xF9, 0x01, 0x65, 0xC9, 0x01, 0xC3, 0x60,
    0x01, 0x00, 0x08, 0x2B, 0x00, 0x00, 0x01, 0xE3, 0x18, 0x01, 0x04, 0x21,
    0x2D, 0x00, 0x00, 0x01, 0x41, 0x28, 0x01, 0xE5, 0x98, 0x01, 0xE3, 0xE9,
    0x01, 0x02, 0xF2, 0x01, 0x65, 0xC1, 0x01, 0x82, 0x48, 0x01, 0x00, 0x08,
    0x01, 0x84, 0x78, 0x01, 0x44, 0xD9, 0x01, 0xE2, 0xF1, 0x01, 0xC1, 0xE9,
    0x01, 0x21, 0xFC, 0x01, 0x40, 0xFD, 0x01, 0x00, 0xFD, 0x01, 0x80, 0xF5,
    0x01, 0x23, 0xFF, 0x01, 0x83, 0xFF, 0x01, 0x82, 0xFE, 0x02, 0x60, 0xFD,
    0x01, 0x80, 0xFD, 0x01, 0x01, 0xFD, 0x01, 0x61, 0xFB, 0x01, 0x01, 0xF2,
    0x01, 0x82, 0xF1, 0x01, 0xC3, 0xF9, 0x01, 0xC4, 0xF1, 0x01, 0x25, 0xA1,
    0x01, 0x41, 0x30, 0x01, 0x00, 0x00, 0x01, 0x20, 0x00, 0x2A, 0x00, 0x00,
    0x01, 0x03, 0x21, 0x01, 0x24, 0x21, 0x2D, 0x00, 0x00, 0x01, 0x00, 0x10,
    0x01, 0xC4, 0x90, 0x01, 0xE4, 0xE9, 0x01, 0xE3, 0xF1, 0x01, 0x25, 0xA1,
    0x01, 0x41, 0x20, 0x01, 0x20, 0x10, 0x01, 0xC5, 0x90, 0x01, 0x64, 0xE1,
    0x01, 0xC2, 0xF1, 0x01, 0xA1, 0xE9, 0x01, 0xE1, 0xF3, 0x01, 0x20, 0xFD,
    0x01, 0xE0, 0xFC, 0x01, 0xC1, 0xFD, 0x01, 0x43, 0xFF, 0x01, 0x63, 0xFF,
    0x01, 0x41, 0xFE, 0x01, 0x40, 0xFD, 0x01, 0x80, 0xFD, 0x01, 0x01, 0xFD,
    0x01, 0x61, 0xF3, 0x01, 0x41, 0xF2, 0x01, 0xA2, 0xF1, 0x01, 0xA3, 0xF1,
    0x01, 0xC4, 0xF9, 0x01, 0x65, 0xC1, 0x01, 0xA3, 0x60, 0x01, 0x00, 0x08,
    0x01, 0x00, 0x00, 0x01, 0x20, 0x00, 0x2A, 0x00, 0x00, 0x01, 0x03, 0x19,
    0x01, 0x24, 0x21, 0x2A, 0x00, 0x00, 0x01, 0x20, 0x00, 0x02, 0x00, 0x00,
    0x01, 0x00, 0x18, 0x01, 0xE4, 0x98, 0x01, 0x24, 0xF2, 0x01, 0x84, 0xC9,
    0x01, 0xA3, 0x58, 0x01, 0x00, 0x00, 0x01, 0x83, 0x48, 0x01, 0x05, 0xB9,
    0x01, 0x83, 0xE9, 0x01, 0xA2, 0xF1, 0x01, 0xA1, 0xE9, 0x01, 0xE1, 0xF3,
    0x01, 0x20, 0xFD, 0x01, 0x00, 0xF5, 0x01, 0x41, 0xFE, 0x01, 0x62, 0xFF,
    0x01, 0x22, 0xFF, 0x01, 0xA0, 0xF5, 0x01, 0x60, 0xFD, 0x01, 0xC1, 0xFC,
    0x01, 0x21, 0xF3, 0x01, 0x21, 0xF2, 0x01, 0xA3, 0xF1, 0x01, 0x43, 0xE1,
    0x01, 0x84, 0xF1, 0x01, 0x85, 0xD9, 0x01, 0x04, 0x81, 0x01, 0x20, 0x18,
    0x2D, 0x00, 0x00, 0x01, 0x03, 0x19, 0x01, 0x24, 0x21, 0x29, 0x00, 0x00,
    0x03, 0x20, 0x00, 0x01, 0x00, 0x00, 0x01, 0x62, 0x48, 0x01, 0x86, 0xC9,
    0x01, 0xA5, 0xD1, 0x01, 0xC4, 0x78, 0x01, 0x00, 0x10, 0x01, 0x21, 0x20,
    0x01, 0xE5, 0x90, 0x01, 0x64, 0xD9, 0x02, 0xC2, 0xF1, 0x01, 0xA1, 0xE9,
    0x01, 0xE1, 0xF3, 0x01, 0x20, 0xFD, 0x01, 0x20, 0xF5, 0x01, 0xC2, 0xFE,
    0x01, 0x62, 0xFF, 0x01, 0x61, 0xFE, 0x01, 0x60, 0xFD, 0x01, 0x81, 0xFC,
    0x01, 0xC1, 0xF2, 0x01, 0x22, 0xF2, 0x01, 0x83, 0xE9, 0x01, 0x25, 0xC9,
    0x01, 0xC3, 0xA0, 0x01, 0x46, 0xC9, 0x01, 0x05, 0x91, 0x01, 0x41, 0x28,
    0x2E, 0x00, 0x00, 0x01, 0x03, 0x19, 0x01, 0x24, 0x21, 0x2A, 0x00, 0x00,
    0x02, 0x20, 0x00, 0x01, 0x00, 0x00, 0x01, 0xA4, 0x68, 0x01, 0x47, 0xB1,
    0x01, 0x83, 0x58, 0x01, 0x20, 0x18, 0x01, 0x21, 0x20, 0x01, 0xE5, 0x80,
    0x01, 0x65, 0xD1, 0x01, 0xC3, 0xF1, 0x01, 0xC2, 0xF1, 0x01, 0xA2, 0xF1,
    0x01, 0x01, 0xEA, 0x01, 0x61, 0xFC, 0x01, 0x00, 0xFD, 0x01, 0xA0, 0xF5,
    0x01, 0x42, 0xFF, 0x01, 0x02, 0xFF, 0x01, 0xC0, 0xFD, 0x01, 0xA1, 0xFC,
    0x01, 0xE1, 0xF2, 0x01, 0x02, 0xF2, 0x01, 0x44, 0xE1, 0x01, 0x05, 0xB9,
    0x01, 0xA3, 0x68, 0x01, 0xC4, 0x88, 0x01, 0xE5, 0x90, 0x01, 0x41, 0x30,
    0x2D, 0x00, 0x00, 0x01, 0x20, 0x00, 0x01, 0x00, 0x00, 0x01, 0x03, 0x19,
    0x01, 0x04, 0x21, 0x2D, 0x00, 0x00, 0x01, 0x62, 0x30, 0x01, 0x21, 0x28,
    0x01, 0x00, 0x00, 0x01, 0x21, 0x28, 0x01, 0x05, 0x91, 0x01, 0x65, 0xD1,
    0x01, 0xC4, 0xE9, 0x01, 0xE2, 0xE9, 0x01, 0x22, 0xF2, 0x01, 0xC1, 0xE9,
    0x01, 0x21, 0xF3, 0x01, 0x01, 0xFD, 0x01, 0xE0, 0xF4, 0x01, 0x61, 0xFE,
    0x01, 0x42, 0xFF, 0x01, 0x21, 0xFE, 0x01, 0xA1, 0xF4, 0x01, 0xE1, 0xF2,
    0x01, 0xC2, 0xE9, 0x01, 0x04, 0xD9, 0x01, 0x05, 0xC1, 0x01, 0xE4, 0x60,
    0x01, 0x41, 0x28, 0x01, 0x05, 0x79, 0x01, 0x62, 0x38, 0x30, 0x00, 0x00,
    0x01, 0x03, 0x21, 0x01, 0x04, 0x21, 0x2C, 0x00, 0x00, 0x01, 0x20, 0x00,
    0x02, 0x00, 0x00, 0x01, 0x00, 0x10, 0x01, 0xC4, 0x80, 0x01, 0x65, 0xD9,
    0x01, 0xC3, 0xF1, 0x01, 0x02, 0xEA, 0x01, 0xC1, 0xF2, 0x01, 0x82, 0xFB,
    0x01, 0x81, 0xEA, 0x01, 0x01, 0xF4, 0x01, 0x00, 0xFD, 0x01, 0xE1, 0xF5,
    0x01, 0x22, 0xFF, 0x01, 0x81, 0xFE, 0x01, 0xC1, 0xF4, 0x01, 0x40, 0xF3,
    0x01, 0xE2, 0xE9, 0x01, 0x04, 0xD9, 0x01, 0xE6, 0xB8, 0x01, 0x04, 0x71,
    0x02, 0x20, 0x10, 0x01, 0x41, 0x20, 0x31, 0x00, 0x00, 0x01, 0x03, 0x19,
    0x01, 0x24, 0x21, 0x2F, 0x00, 0x00, 0x01, 0x62, 0x48, 0x01, 0x05, 0xB1,
    0x01, 0xA3, 0xE9, 0x01, 0xE2, 0xF2, 0x01, 0xC2, 0xFB, 0x01, 0xE1, 0xFB,
    0x01, 0xC0, 0xFB, 0x01, 0xC0, 0xF3, 0x01, 0xE0, 0xF4, 0x01, 0x21, 0xFE,
    0x01, 0x22, 0xFF, 0x01, 0xC2, 0xFE, 0x01, 0x60, 0xF4, 0x01, 0x20, 0xF3,
    0x01, 0xA1, 0xF2, 0x01, 0x23, 0xD9, 0x01, 0xE6, 0xC0, 0x01, 0xC4, 0x68,
    0x01, 0x20, 0x18, 0x34, 0x00, 0x00, 0x01, 0x03, 0x19, 0x01, 0x24, 0x21,
    0x2E, 0x00, 0x00, 0x01, 0x20, 0x10, 0x01, 0xC4, 0x70, 0x01, 0x04, 0xC9,
    0x01, 0x62, 0xEA, 0x01, 0x41, 0xFC, 0x01, 0x40, 0xFC, 0x01, 0x00, 0xFC,
    0x01, 0x80, 0xF4, 0x01, 0x22, 0xFE, 0x01, 0xC2, 0xFE, 0x01, 0x01, 0xFF,
    0x01, 0x22, 0xFF, 0x01, 0x21, 0xF5, 0x01, 0xE0, 0xEA, 0x01, 0x01, 0xFB,
    0x01, 0x02, 0xEA, 0x01, 0xE5, 0xC8, 0x01, 0x05, 0x81, 0x01, 0x41, 0x18,
    0x05, 0x00, 0x00, 0x01, 0x41, 0x18, 0x01, 0x61, 0x18, 0x2E, 0x00, 0x00,
    0x01, 0x03, 0x19, 0x01, 0x24, 0x21, 0x2E, 0x00, 0x00, 0x01, 0x20, 0x20,
    0x01, 0x04, 0x89, 0x01, 0x23, 0xD1, 0x01, 0x02, 0xF3, 0x01, 0x40, 0xFC,
    0x01, 0x00, 0xF4, 0x01, 0x41, 0xF5, 0x01, 0xE2, 0xFE, 0x01, 0x21, 0xFF,
    0x01, 0x01, 0xFF, 0x01, 0x21, 0xFF, 0x01, 0x62, 0xFE, 0x01, 0x80, 0xEB,
    0x01, 0xC0, 0xFA, 0x01, 0xE2, 0xFA, 0x01, 0x83, 0xD9, 0x01, 0x06, 0xA9,
    0x01, 0x82, 0x38, 0x05, 0x00, 0x00, 0x01, 0x21, 0x20, 0x01, 0x46, 0x81,
    0x01, 0x82, 0x30, 0x2E, 0x00, 0x00, 0x01, 0x03, 0x19, 0x01, 0x24, 0x21,
    0x2E, 0x00, 0x00, 0x01, 0x20, 0x20, 0x01, 0x04, 0x91, 0x01, 0x23, 0xC9,
    0x01, 0xE2, 0xF2, 0x01, 0x40, 0xFC, 0x01, 0x20, 0xFC, 0x01, 0x21, 0xF5,
    0x01, 0xE2, 0xFE, 0x01, 0x21, 0xFF, 0x01, 0x01, 0xFF, 0x01, 0x42, 0xFF,
    0x01, 0x42, 0xF5, 0x01, 0xA0, 0xF2, 0x01, 0xE1, 0xFA, 0x01, 0x62, 0xF2,
    0x01, 0x24, 0xC9, 0x01, 0xE4, 0x70, 0x01, 0x20, 0x10, 0x04, 0x00, 0x00,
    0x01, 0x41, 0x20, 0x01, 0x06, 0x91, 0x01, 0x06, 0x99, 0x01, 0x61, 0x28,
    0x2E, 0x00, 0x00, 0x01, 0x03, 0x19, 0x01, 0x24, 0x21, 0x2E, 0x00, 0x00,
    0x01, 0x20, 0x20, 0x01, 0xE4, 0x88, 0x01, 0x04, 0xC9, 0x01, 0x62, 0xEA,
    0x01, 0x21, 0xFC, 0x01, 0xC1, 0xFB, 0x01, 0x01, 0xE2, 0x01, 0xA2, 0xE3,
    0x01, 0xE3, 0xFE, 0x01, 0x01, 0xFF, 0x01, 0x02, 0xFF, 0x01, 0x61, 0xF4,
    0x01, 0xA0, 0xF2, 0x01, 0x81, 0xFA, 0x01, 0xC3, 0xE9, 0x01, 0xE4, 0xA8,
    0x01, 0x62, 0x38, 0x04, 0x00, 0x00, 0x01, 0x41, 0x28, 0x01, 0x05, 0x91,
    0x01, 0x28, 0xD1, 0x01, 0xC5, 0x80, 0x01, 0x00, 0x10, 0x2E, 0x00, 0x00,
    0x01, 0x03, 0x19, 0x01, 0x24, 0x21, 0x01, 0x00, 0x00, 0x01, 0x20, 0x00,
    0x2C, 0x00, 0x00, 0x01, 0x00, 0x08, 0x01, 0xC4, 0x70, 0x01, 0x05, 0xD1,
    0x01, 0x82, 0xE1, 0x01, 0x83, 0xFB, 0x01, 0x02, 0xEA, 0x01, 0xE3, 0xE0,
    0x01, 0x22, 0xD9, 0x01, 0x82, 0xEC, 0x01, 0xE2, 0xFE, 0x01, 0x62, 0xFE,
    0x01, 0xA1, 0xF3, 0x01, 0x61, 0xF2, 0x01, 0x82, 0xE9, 0x01, 0x44, 0xE1,
    0x01, 0xE4, 0x80, 0x01, 0x20, 0x18, 0x04, 0x00, 0x00, 0x01, 0xE4, 0x68,
    0x01, 0x27, 0xD9, 0x01, 0xE6, 0xD0, 0x01, 0xA3, 0x60, 0x2F, 0x00, 0x00,
    0x01, 0x03, 0x19, 0x01, 0x24, 0x21, 0x2F, 0x00, 0x00, 0x01, 0xA3, 0x58,
    0x01, 0x05, 0xC1, 0x01, 0x24, 0xE1, 0x01, 0xE3, 0xE9, 0x01, 0x23, 0xE1,
    0x01, 0x04, 0xE1, 0x01, 0xE4, 0xE0, 0x01, 0x62, 0xD9, 0x01, 0x02, 0xF5,
    0x01, 0x62, 0xFE, 0x01, 0x41, 0xF3, 0x01, 0x82, 0xE9, 0x01, 0x24, 0xE9,
    0x01, 0x25, 0xD1, 0x01, 0xA3, 0x60, 0x05, 0x00, 0x00, 0x01, 0xC4, 0x70,
    0x01, 0x07, 0xE1, 0x01, 0xE5, 0xA8, 0x01, 0x61, 0x30, 0x2F, 0x00, 0x00,
    0x01, 0x03, 0x19, 0x01, 0x24, 0x21, 0x2F, 0x00, 0x00, 0x01, 0x41, 0x28,
    0x01, 0x05, 0xA1, 0x01, 0x25, 0xE1, 0x01, 0xE4, 0xE0, 0x03, 0x04, 0xE1,
    0x01, 0xC4, 0xE0, 0x01, 0xC2, 0xD9, 0x01, 0x43, 0xFD, 0x01, 0xA2, 0xEB,
    0x01, 0xE3, 0xE0, 0x01, 0x45, 0xE9, 0x01, 0x25, 0xC9, 0x01, 0x62, 0x58,
    0x05, 0x00, 0x00, 0x01, 0xA3, 0x68, 0x01, 0x07, 0xC9, 0x01, 0xA4, 0x78,
    0x01, 0x00, 0x08, 0x2F, 0x00, 0x00, 0x01, 0x03, 0x19, 0x01, 0x24, 0x21,
    0x30, 0x00, 0x00, 0x01, 0x83, 0x50, 0x01, 0x26, 0xC1, 0x01, 0x05, 0xE1,
    0x02, 0xE4, 0xE0, 0x01, 0xC4, 0xE0, 0x01, 0xE4, 0xE0, 0x01, 0xA4, 0xD8,
    0x01, 0xC3, 0xE1, 0x01, 0x24, 0xEA, 0x01, 0xE3, 0xE0, 0x01, 0x04, 0xE1,
    0x01, 0x25, 0xC1, 0x01, 0x62, 0x60, 0x05, 0x00, 0x00, 0x01, 0x62, 0x38,
    0x01, 0x27, 0xA9, 0x01, 0xA4, 0x70, 0x30, 0x00, 0x00, 0x01, 0x03, 0x19,
    0x01, 0x24, 0x21, 0x30, 0x00, 0x00, 0x01, 0x20, 0x10, 0x01, 0xC4, 0x70,
    0x01, 0x06, 0xC9, 0x05, 0xE5, 0xE0, 0x02, 0xC4, 0xE0, 0x01, 0xE4, 0xE0,
    0x01, 0x04, 0xE1, 0x01, 0x05, 0xD1, 0x01, 0xA4, 0x68, 0x05, 0x00, 0x00,
    0x01, 0x00, 0x08, 0x01, 0x06, 0x79, 0x01, 0xC5, 0x78, 0x01, 0x00, 0x08,
    0x2F, 0x00, 0x00, 0x01, 0xE3, 0x18, 0x01, 0x24, 0x21, 0x31, 0x00, 0x00,
    0x01, 0x00, 0x18, 0x01, 0xC4, 0x70, 0x01, 0x06, 0xB9, 0x01, 0xE6, 0xC8,
    0x01, 0xC4, 0x98, 0x01, 0xE5, 0xA8, 0x01, 0xE5, 0xD0, 0x01, 0xE5, 0xE0,
    0x01, 0xE4, 0xE0, 0x02, 0xE5, 0xE0, 0x01, 0x05, 0xE1, 0x01, 0x26, 0xA1,
    0x01, 0x61, 0x28, 0x01, 0x00, 0x00, 0x03, 0x20, 0x00, 0x01, 0x00, 0x00,
    0x01, 0x21, 0x18, 0x01, 0xC4, 0x48, 0x01, 0x00, 0x08, 0x2F, 0x00, 0x00,
    0x01, 0xE3, 0x18, 0x01, 0x24, 0x21, 0x32, 0x00, 0x00, 0x01, 0x00, 0x08,
    0x01, 0x83, 0x48, 0x01, 0xE5, 0x78, 0x01, 0xA3, 0x58, 0x01, 0x82, 0x40,
    0x01, 0xC4, 0x80, 0x01, 0xE6, 0xC0, 0x02, 0xE5, 0xE0, 0x01, 0x05, 0xE1,
    0x01, 0x25, 0xE9, 0x01, 0x26, 0xD1, 0x01, 0xE5, 0x80, 0x01, 0x21, 0x20,
    0x01, 0x00, 0x00, 0x03, 0x20, 0x00, 0x01, 0x00, 0x00, 0x01, 0x20, 0x08,
    0x30, 0x00, 0x00, 0x01, 0x03, 0x19, 0x01, 0x24, 0x21, 0x34, 0x00, 0x00,
    0x01, 0x62, 0x20, 0x01, 0x82, 0x30, 0x01, 0x00, 0x08, 0x01, 0x20, 0x10,
    0x01, 0xC4, 0x60, 0x01, 0x06, 0xB9, 0x01, 0x05, 0xE1, 0x01, 0x05, 0xE9,
    0x01, 0x25, 0xE9, 0x01, 0x05, 0xE9, 0x01, 0x26, 0xC9, 0x01, 0x83, 0x60,
    0x01, 0x00, 0x00, 0x03, 0x20, 0x00, 0x32, 0x00, 0x00, 0x01, 0x03, 0x19,
    0x01, 0x24, 0x21, 0x38, 0x00, 0x00, 0x01, 0x00, 0x08, 0x01, 0x83, 0x58,
    0x01, 0x06, 0xC9, 0x01, 0x26, 0xE9, 0x02, 0x25, 0xE9, 0x01, 0x05, 0xD9,
    0x01, 0x84, 0x78, 0x01, 0x00, 0x08, 0x35, 0x00, 0x00, 0x01, 0x03, 0x19,
    0x01, 0x24, 0x21, 0x39, 0x00, 0x00, 0x01, 0x20, 0x18, 0x01, 0xC4, 0x88,
    0x01, 0x46, 0xE1, 0x02, 0x25, 0xE9, 0x01, 0x05, 0xE1, 0x01, 0xA3, 0x78,
    0x01, 0x00, 0x08, 0x35, 0x00, 0x00, 0x01, 0x03, 0x19, 0x01, 0x24, 0x21,
    0x3A, 0x00, 0x00, 0x01, 0x62, 0x50, 0x01, 0x06, 0xC9, 0x01, 0x25, 0xF1,
    0x01, 0x04, 0xE9, 0x01, 0x25, 0xD9, 0x01, 0xA3, 0x68, 0x01, 0x00, 0x00,
    0x02, 0x20, 0x00, 0x33, 0x00, 0x00, 0x01, 0x03, 0x19, 0x01, 0x24, 0x21,
    0x3A, 0x00, 0x00, 0x01, 0x41, 0x30, 0x01, 0xE5, 0xA8, 0x01, 0x05, 0xE9,
    0x01, 0x04, 0xF1, 0x01, 0x25, 0xC9, 0x01, 0x82, 0x60, 0x01, 0x00, 0x00,
    0x02, 0x20, 0x00, 0x33, 0x00, 0x00, 0x01, 0x03, 0x21, 0x01, 0x24, 0x21,
    0x3A, 0x00, 0x00, 0x01, 0x00, 0x10, 0x01, 0xC4, 0x80, 0x01, 0x25, 0xD9,
    0x01, 0x24, 0xF1, 0x01, 0x25, 0xB9, 0x01, 0x62, 0x48, 0x01, 0x00, 0x00,
    0x02, 0x20, 0x00, 0x33, 0x00, 0x00, 0x01, 0x03, 0x21, 0x01, 0x24, 0x21,
    0x3A, 0x00, 0x00, 0x01, 0x00, 0x08, 0x01, 0xA3, 0x60, 0x01, 0x26, 0xD1,
    0x01, 0x25, 0xF1, 0x01, 0x04, 0xA9, 0x01, 0x41, 0x28, 0x36, 0x00, 0x00,
    0x01, 0x03, 0x21, 0x01, 0x24, 0x21, 0x3A, 0x00, 0x00, 0x01, 0x00, 0x08,
    0x01, 0xC4, 0x68, 0x01, 0x26, 0xD9, 0x01, 0x25, 0xE1, 0x01, 0xE4, 0x90,
    0x01, 0x20, 0x10, 0x36, 0x00, 0x00, 0x01, 0x03, 0x19, 0x01, 0x24, 0x21,
    0x3B, 0x00, 0x00, 0x01, 0x05, 0x71, 0x01, 0x47, 0xD9, 0x01, 0x46, 0xC9,
    0x01, 0xA3, 0x50, 0x37, 0x00, 0x00, 0x01, 0x03, 0x19, 0x01, 0x24, 0x21,
    0x3A, 0x00, 0x00, 0x01, 0x00, 0x08, 0x01, 0x05, 0x81, 0x01, 0x47, 0xD1,
    0x01, 0xE4, 0x88, 0x01, 0x20, 0x18, 0x37, 0x00, 0x00, 0x01, 0x04, 0x19,
    0x01, 0x24, 0x21, 0x3A, 0x00, 0x00, 0x01, 0x00, 0x08, 0x01, 0x05, 0x91,
    0x01, 0x46, 0xA9, 0x01, 0x82, 0x38, 0x38, 0x00, 0x00, 0x01, 0x03, 0x21,
    0x01, 0x24, 0x21, 0x3A, 0x00, 0x00, 0x01, 0x00, 0x10, 0x01, 0x45, 0x89,
    0x01, 0xC3, 0x50, 0x39, 0x00, 0x00, 0x01, 0x04, 0x21, 0x01, 0x24, 0x21,
    0x3A, 0x00, 0x00, 0x01, 0xE3, 0x38, 0x01, 0x24, 0x59, 0x3A, 0x00, 0x00,
    0x01, 0x04, 0x21, 0x01, 0x24, 0x21, 0x3A, 0x00, 0x00, 0x01, 0x61, 0x10,
    0x01, 0x20, 0x08, 0x3A, 0x00, 0x00, 0x01, 0x03, 0x21, 0x01, 0x24, 0x21,
    0x76, 0x00, 0x00, 0x01, 0x03, 0x21, 0x01, 0x24, 0x21, 0x76, 0x00, 0x00,
    0x01, 0x04, 0x21, 0x01, 0x24, 0x21, 0x76, 0x00, 0x00, 0x01, 0x04, 0x21,
    0x01, 0x24, 0x21, 0x76, 0x00, 0x00, 0x01, 0x04, 0x21, 0x01, 0x24, 0x21,
    0x76, 0x00, 0x00, 0x01, 0x04, 0x21, 0x01, 0x24, 0x21, 0x76, 0x00, 0x00,
    0x01, 0x04, 0x21, 0x01, 0x24, 0x21, 0x76, 0x00, 0x00, 0x01, 0x04, 0x21,
    0x01, 0x24, 0x21, 0x76, 0x00, 0x00, 0x01, 0x04, 0x21, 0x01, 0x24, 0x21,
    0x76, 0x00, 0x00, 0x01, 0x04, 0x21, 0x01, 0x24, 0x21, 0x76, 0x00, 0x00,
    0x01, 0x04, 0x21, 0x01, 0x24, 0x21, 0x76, 0x00, 0x00, 0x01, 0x04, 0x21,
    0x01, 0x24, 0x21, 0x76, 0x00, 0x00, 0x01, 0x04, 0x21, 0x01, 0x24, 0x21,
    0x76, 0x00, 0x00, 0x01, 0x04, 0x21, 0x01, 0x24, 0x21, 0x76, 0x00, 0x00,
    0x01, 0x04, 0x21, 0x01, 0x24, 0x21, 0x76, 0x00, 0x00, 0x01, 0x04, 0x21,
    0x01, 0x24, 0x21, 0x76, 0x00, 0x00, 0x01, 0x04, 0x21, 0x01, 0x24, 0x21,
    0x0A, 0x00, 0x00, 0x01, 0x20, 0x00, 0x6B, 0x00, 0x00, 0x01, 0x04, 0x21,
    0x01, 0x24, 0x21, 0x76, 0x00, 0x00, 0x01, 0x04, 0x21, 0x01, 0x24, 0x21,
    0x76, 0x00, 0x00, 0x01, 0x04, 0x21, 0x01, 0x24, 0x21, 0x76, 0x00, 0x00,
    0x02, 0x24, 0x21, 0x76, 0x00, 0x00, 0x02, 0x24, 0x21, 0x76, 0x00, 0x00,
    0x02, 0x24, 0x21, 0x76, 0x00, 0x00, 0x01, 0x04, 0x21, 0x01, 0x24, 0x21,
    0x76, 0x00, 0x00, 0x01, 0x04, 0x21, 0x01, 0x24, 0x21, 0x76, 0x00, 0x00,
    0x01, 0x04, 0x21, 0x01, 0x24, 0x21, 0x76, 0x00, 0x00, 0x01, 0x04, 0x19,
    0x01, 0x24, 0x21, 0x76, 0x00, 0x00, 0x01, 0x04, 0x19, 0x01, 0x24, 0x21,
    0x76, 0x00, 0x00, 0x01, 0x04, 0x21, 0x01, 0x24, 0x21, 0x76, 0x00, 0x00,
    0x01, 0x04, 0x21, 0x01, 0x24, 0x21, 0x76, 0x00, 0x00, 0x01, 0x04, 0x21,
    0x01, 0x24, 0x21, 0x76, 0x00, 0x00, 0x01, 0x04, 0x21, 0x01, 0x24, 0x21,
    0x76, 0x00, 0x00, 0x01, 0x04, 0x21, 0x01, 0x24, 0x21, 0x76, 0x00, 0x00,
    0x02, 0x24, 0x21, 0x74, 0x00, 0x00, 0x01, 0x20, 0x00, 0x01, 0x00, 0x00,
    0x01, 0x04, 0x21, 0x01, 0x24, 0x21, 0x74, 0x00, 0x00, 0x01, 0x20, 0x00,
    0x01, 0x00, 0x00, 0x02, 0x24, 0x21, 0x76, 0x00, 0x00, 0x01, 0x04, 0x21,
    0x01, 0x24, 0x21, 0x76, 0x00, 0x00, 0x02, 0x24, 0x21, 0x76, 0x00, 0x00,
    0x02, 0x24, 0x21, 0x76, 0x00, 0x00, 0x02, 0x24, 0x21, 0x76, 0x00, 0x00,
    0x02, 0x24, 0x21, 0x76, 0x00, 0x00, 0x02, 0x24, 0x21, 0x76, 0x00, 0x00,
    0x02, 0x24, 0x21, 0x76, 0x00, 0x00, 0x02, 0x24, 0x21, 0x01, 0x00, 0x00,
    0x01, 0x20, 0x00, 0x74, 0x00, 0x00, 0x02, 0x24, 0x21, 0x01, 0x00, 0x00,
    0x01, 0x20, 0x00, 0x74, 0x00, 0x00, 0x01, 0x04, 0x21, 0x01, 0x24, 0x21,
    0x01, 0x00, 0x00, 0x01, 0x20, 0x00, 0x09, 0x00, 0x00, 0x02, 0x20, 0x00,
    0x12, 0x00, 0x00, 0x01, 0x20, 0x00, 0x07, 0x00, 0x00, 0x01, 0x20, 0x00,
    0x20, 0x00, 0x00, 0x01, 0x20, 0x00, 0x07, 0x00, 0x00, 0x01, 0x20, 0x00,
    0x09, 0x00, 0x00, 0x01, 0x20, 0x00, 0x08, 0x00, 0x00, 0x01, 0x20, 0x00,
    0x12, 0x00, 0x00, 0x01, 0x24, 0x21, 0x01, 0x04, 0x21, 0x76, 0x00, 0x00,
    0x01, 0x03, 0x19, 0x01, 0xE7, 0x39, 0x01, 0x04, 0x21, 0x01, 0x24, 0x21,
    0x07, 0x04, 0x21, 0x01, 0x24, 0x21, 0x01, 0x04, 0x21, 0x02, 0x24, 0x21,
    0x02, 0x04, 0x21, 0x01, 0x24, 0x21, 0x01, 0x04, 0x21, 0x01, 0x24, 0x21,
    0x01, 0x04, 0x21, 0x02, 0x24, 0x21, 0x04, 0x04, 0x21, 0x01, 0x24, 0x21,
    0x01, 0x04, 0x21, 0x05, 0x24, 0x21, 0x05, 0x04, 0x21, 0x03, 0x24, 0x21,
    0x02, 0x04, 0x21, 0x02, 0x24, 0x21, 0x0F, 0x04, 0x21, 0x01, 0x24, 0x21,
    0x03, 0x04, 0x21, 0x02, 0x24, 0x21, 0x02, 0x04, 0x21, 0x01, 0x24, 0x21,
    0x01, 0x04, 0x21, 0x01, 0x24, 0x21, 0x05, 0x04, 0x21, 0x02, 0x24, 0x21,
    0x11, 0x04, 0x21, 0x04, 0x24, 0x21, 0x06, 0x04, 0x21, 0x01, 0x24, 0x21,
    0x08, 0x04, 0x21, 0x01, 0x24, 0x21, 0x02, 0x04, 0x21, 0x01, 0x24, 0x21,
    0x01, 0x04, 0x21, 0x01, 0xE7, 0x39
};
const uint16_t sprite_frame_01_size = 4734;

const uint8_t PROGMEM sprite_frame_03_rle[] = {
    0x01, 0x07, 0x3A, 0x01, 0xE3, 0x18, 0x01, 0x03, 0x19, 0x02, 0xE3, 0x18,
    0x03, 0x03, 0x19, 0x07, 0xE3, 0x18, 0x04, 0x03, 0x19, 0x33, 0xE3, 0x18,
    0x01, 0xC3, 0x18, 0x02, 0xE3, 0x18, 0x03, 0xC3, 0x18, 0x27, 0xE3, 0x18,
    0x01, 0xC3, 0x18, 0x02, 0xE3, 0x18, 0x01, 0xC3, 0x18, 0x01, 0xC6, 0x31,
    0x01, 0x44, 0x21, 0x76, 0x00, 0x00, 0x01, 0x03, 0x19, 0x01, 0x45, 0x29,
    0x01, 0x00, 0x00, 0x07, 0x20, 0x00, 0x02, 0x00, 0x00, 0x03, 0x20, 0x00,
    0x36, 0x00, 0x00, 0x01, 0x20, 0x00, 0x32, 0x00, 0x00, 0x01, 0x24, 0x21,
    0x01, 0x44, 0x21, 0x04, 0x00, 0x00, 0x02, 0x20, 0x00, 0x70, 0x00, 0x00,
    0x01, 0x04, 0x21, 0x01, 0x44, 0x21, 0x76, 0x00, 0x00, 0x01, 0x24, 0x21,
    0x01, 0x44, 0x21, 0x76, 0x00, 0x00, 0x01, 0x04, 0x21, 0x01, 0x44, 0x21,
    0x76, 0x00, 0x00, 0x01, 0x04, 0x21, 0x01, 0x44, 0x21, 0x06, 0x00, 0x00,
    0x01, 0x20, 0x00, 0x6F, 0x00, 0x00, 0x01, 0x24, 0x21, 0x01, 0x44, 0x21,
    0x76, 0x00, 0x00, 0x01, 0x24, 0x21, 0x01, 0x44, 0x21, 0x76, 0x00, 0x00,
    0x01, 0x24, 0x21, 0x01, 0x44, 0x21, 0x76, 0x00, 0x00, 0x01, 0x24, 0x21,
    0x01, 0x45, 0x29, 0x76, 0x00, 0x00, 0x01, 0x24, 0x21, 0x01, 0x45, 0x29,
    0x76, 0x00, 0x00, 0x01, 0x24, 0x21, 0x01, 0x44, 0x21, 0x76, 0x00, 0x00,
    0x01, 0x24, 0x21, 0x01, 0x44, 0x21, 0x74, 0x00, 0x00, 0x01, 0x20, 0x00,
    0x01, 0x00, 0x00, 0x02, 0x24, 0x21, 0x74, 0x00, 0x00, 0x01, 0x20, 0x00,
    0x01, 0x00, 0x00, 0x02, 0x24, 0x21, 0x37, 0x00, 0x00, 0x01, 0x00, 0x10,
    0x01, 0x21, 0x18, 0x02, 0x20, 0x18, 0x02, 0x00, 0x18, 0x01, 0x00, 0x10,
    0x01, 0x00, 0x08, 0x35, 0x00, 0x00, 0x01, 0x20, 0x00, 0x01, 0x00, 0x00,
    0x01, 0x24, 0x21, 0x01, 0x44, 0x21, 0x31, 0x00, 0x00, 0x01, 0x00, 0x08,
    0x01, 0x21, 0x18, 0x02, 0x62, 0x38, 0x02, 0x62, 0x40, 0x01, 0x83, 0x50,
    0x04, 0x84, 0x68, 0x01, 0xA4, 0x68, 0x01, 0xC4, 0x58, 0x01, 0xA3, 0x48,
    0x01, 0x41, 0x30, 0x01, 0x21, 0x20, 0x01, 0x41, 0x18, 0x01, 0x00, 0x08,
    0x03, 0x00, 0x00, 0x01, 0x20, 0x00, 0x2F, 0x00, 0x00, 0x01, 0x24, 0x21,
    0x01, 0x44, 0x21, 0x2C, 0x00, 0x00, 0x01, 0x20, 0x00, 0x02, 0x00, 0x00,
    0x01, 0x41, 0x18, 0x01, 0x82, 0x40, 0x01, 0xA4, 0x60, 0x01, 0xC5, 0x70,
    0x01, 0xA5, 0x78, 0x01, 0x85, 0x70, 0x01, 0x84, 0x70, 0x02, 0x85, 0x70,
    0x02, 0x84, 0x70, 0x05, 0x85, 0x70, 0x01, 0x85, 0x78, 0x01, 0xA5, 0x70,
    0x01, 0xA4, 0x68, 0x01, 0x83, 0x58, 0x01, 0x61, 0x38, 0x01, 0x21, 0x20,
    0x01, 0x00, 0x08, 0x01, 0x00, 0x00, 0x02, 0x20, 0x00, 0x2B, 0x00, 0x00,
    0x01, 0x20, 0x00, 0x01, 0x00, 0x00, 0x01, 0x24, 0x21, 0x01, 0x44, 0x21,
    0x2D, 0x00, 0x00, 0x01, 0x20, 0x10, 0x01, 0x83, 0x40, 0x01, 0xA4, 0x68,
    0x01, 0xC5, 0x98, 0x01, 0x05, 0xC1, 0x01, 0xE5, 0xB0, 0x01, 0x64, 0x78,
    0x03, 0x64, 0x70, 0x01, 0x85, 0x70, 0x01, 0x65, 0x70, 0x01, 0x64, 0x70,
    0x01, 0x44, 0x70, 0x01, 0x24, 0x70, 0x01, 0x44, 0x70, 0x02, 0x65, 0x78,
    0x03, 0x85, 0x80, 0x01, 0xA5, 0x80, 0x01, 0xA4, 0x78, 0x01, 0xA4, 0x70,
    0x01, 0x83, 0x50, 0x01, 0x61, 0x30, 0x01, 0x00, 0x08, 0x01, 0x00, 0x00,
    0x02, 0x20, 0x00, 0x2B, 0x00, 0x00, 0x01, 0x24, 0x21, 0x01, 0x44, 0x21,
    0x2C, 0x00, 0x00, 0x01, 0x61, 0x30, 0x01, 0xC5, 0x68, 0x01, 0xC5, 0x88,
    0x01, 0xE5, 0xB8, 0x01, 0x25, 0xD9, 0x01, 0xE5, 0xC8, 0x01, 0x64, 0x88,
    0x01, 0x64, 0x70, 0x02, 0x65, 0x70, 0x01, 0x44, 0x70, 0x01, 0x03, 0x68,
    0x02, 0x43, 0x70, 0x01, 0x03, 0x81, 0x01, 0x63, 0x91, 0x01, 0xE3, 0x80,
    0x01, 0x83, 0x78, 0x01, 0x43, 0x78, 0x01, 0x23, 0x78, 0x01, 0x24, 0x78,
    0x01, 0x44, 0x80, 0x01, 0x64, 0x80, 0x02, 0x85, 0x80, 0x01, 0xA5, 0x80,
    0x01, 0xC5, 0x78, 0x01, 0xA3, 0x58, 0x01, 0x21, 0x20, 0x2D, 0x00, 0x00,
    0x01, 0x24, 0x21, 0x01, 0x45, 0x29, 0x2A, 0x00, 0x00, 0x01, 0x00, 0x08,
    0x01, 0xA3, 0x40, 0x01, 0xE5, 0x78, 0x01, 0xC5, 0x90, 0x01, 0x05, 0xC9,
    0x01, 0x25, 0xE9, 0x01, 0xE5, 0xC8, 0x01, 0x64, 0x88, 0x01, 0x65, 0x70,
    0x01, 0x44, 0x70, 0x01, 0x43, 0x70, 0x01, 0x63, 0x78, 0x01, 0x63, 0x91,
    0x01, 0xC3, 0xB2, 0x01, 0x03, 0xCC, 0x01, 0xC2, 0xDC, 0x01, 0x82, 0xED,
    0x01, 0x43, 0xFE, 0x01, 0xE3, 0xF5, 0x01, 0x23, 0xE5, 0x01, 0x63, 0xD4,
    0x01, 0xE4, 0xCB, 0x01, 0x42, 0xAA, 0x01, 0x83, 0xBA, 0x01, 0x03, 0xC2,
    0x01, 0xA3, 0xA0, 0x01, 0xA4, 0x98, 0x01, 0xA4, 0x88, 0x01, 0x85, 0x80,
    0x01, 0xA5, 0x80, 0x01, 0xC4, 0x70, 0x01, 0x41, 0x30, 0x2C, 0x00, 0x00,
    0x01, 0x24, 0x21, 0x01, 0x45, 0x29, 0x29, 0x00, 0x00, 0x01, 0x00, 0x08,
    0x01, 0xA3, 0x48, 0x01, 0xC6, 0x78, 0x01, 0xA5, 0x90, 0x01, 0x05, 0xD1,
    0x01, 0x25, 0xE9, 0x01, 0x05, 0xD1, 0x01, 0x64, 0x88, 0x01, 0x64, 0x70,
    0x01, 0x44, 0x78, 0x01, 0x02, 0x91, 0x01, 0x63, 0xC3, 0x01, 0xE4, 0xE4,
    0x01, 0xE3, 0xF5, 0x01, 0xC2, 0xFE, 0x01, 0xC1, 0xFE, 0x01, 0xE3, 0xFE,
    0x01, 0x28, 0xFF, 0x01, 0x4B, 0xFF, 0x01, 0x48, 0xFF, 0x01, 0x23, 0xFF,
    0x01, 0x21, 0xFF, 0x01, 0x02, 0xFF, 0x01, 0xE3, 0xFE, 0x01, 0xC2, 0xFE,
    0x01, 0xA3, 0xFD, 0x01, 0x42, 0xE3, 0x01, 0x63, 0xE2, 0x01, 0xA3, 0xD1,
    0x01, 0x04, 0xA9, 0x01, 0x84, 0x88, 0x01, 0x85, 0x80, 0x01, 0xC5, 0x70,
    0x01, 0x62, 0x30, 0x2B, 0x00, 0x00, 0x01, 0x24, 0x21, 0x01, 0x44, 0x29,
    0x29, 0x00, 0x00, 0x01, 0x82, 0x40, 0x01, 0xC5, 0x78, 0x01, 0xA5, 0x90,
    0x01, 0x26, 0xC9, 0x01, 0x25, 0xE9, 0x01, 0x25, 0xE1, 0x01, 0x84, 0xA0,
    0x01, 0x64, 0x78, 0x01, 0xA4, 0x90, 0x01, 0x43, 0xBA, 0x01, 0xA4, 0xF5,
    0x01, 0xE3, 0xFE, 0x01, 0x02, 0xFF, 0x01, 0xE1, 0xFE, 0x01, 0xA3, 0xFE,
    0x01, 0x2B, 0xF7, 0x01, 0xB6, 0xFF, 0x01, 0xFC, 0xFF, 0x01, 0xFE, 0xFF,
    0x01, 0xFC, 0xFF, 0x01, 0x93, 0xFF, 0x01, 0xE4, 0xF6, 0x03, 0xE0, 0xFE,
    0x01, 0xE1, 0xFE, 0x01, 0xC2, 0xFE, 0x01, 0x23, 0xFE, 0x01, 0x82, 0xF3,
    0x01, 0x02, 0xF2, 0x01, 0xA4, 0xD1, 0x01, 0xC4, 0x90, 0x01, 0x65, 0x78,
    0x01, 0xA5, 0x70, 0x01, 0x41, 0x30, 0x2A, 0x00, 0x00, 0x01, 0x24, 0x21,
    0x01, 0x44, 0x29, 0x28, 0x00, 0x00, 0x01, 0x41, 0x20, 0x01, 0xC5, 0x70,
    0x01, 0xC6, 0x98, 0x01, 0x05, 0xC9, 0x03, 0x25, 0xE1, 0x01, 0xC4, 0xB0,
    0x01, 0x04, 0xB1, 0x01, 0x23, 0xCA, 0x01, 0xC4, 0xF5, 0x01, 0x22, 0xFF,
    0x01, 0xE1, 0xFE, 0x01, 0xC1, 0xFE, 0x01, 0xC4, 0xFE, 0x01, 0x93, 0xFF,
    0x01, 0xFE, 0xFF, 0x05, 0xFF, 0xFF, 0x01, 0x91, 0xFF, 0x01, 0x02, 0xFF,
    0x02, 0xE0, 0xFE, 0x02, 0xC0, 0xFE, 0x01, 0xE0, 0xFE, 0x01, 0x22, 0xFE,
    0x01, 0xE1, 0xEA, 0x01, 0xE2, 0xF9, 0x01, 0xC4, 0xD9, 0x01, 0xC4, 0x90,
    0x01, 0x45, 0x78, 0x01, 0xA5, 0x68, 0x01, 0x21, 0x10, 0x29, 0x00, 0x00,
    0x01, 0x24, 0x21, 0x01, 0x45, 0x29, 0x27, 0x00, 0x00, 0x01, 0x00, 0x08,
    0x01, 0x83, 0x50, 0x01, 0xC6, 0x90, 0x01, 0x06, 0xD1, 0x02, 0xE5, 0xE0,
    0x01, 0x05, 0xE1, 0x01, 0x64, 0xE1, 0x01, 0x44, 0xF2, 0x01, 0x83, 0xEA,
    0x01, 0x23, 0xF5, 0x01, 0x02, 0xFF, 0x01, 0xC1, 0xFE, 0x01, 0xE1, 0xFE,
    0x01, 0xC1, 0xFE, 0x01, 0x4D, 0xFF, 0x01, 0xFE, 0xFF, 0x06, 0xFF, 0xFF,
    0x01, 0xFD, 0xFF, 0x01, 0x6B, 0xFF, 0x02, 0x00, 0xFF, 0x02, 0xC0, 0xFE,
    0x01, 0xA0, 0xFE, 0x01, 0xC0, 0xFE, 0x01, 0x21, 0xF5, 0x01, 0xE0, 0xE1,
    0x01, 0x82, 0xF1, 0x01, 0x83, 0xD9, 0x01, 0xA4, 0x98, 0x01, 0x65, 0x78,
    0x01, 0x83, 0x50, 0x01, 0x00, 0x08, 0x28, 0x00, 0x00, 0x01, 0x24, 0x21,
    0x01, 0x44, 0x29, 0x27, 0x00, 0x00, 0x01, 0x21, 0x18, 0x01, 0xA5, 0x70,
    0x01, 0xE6, 0xB8, 0x01, 0xE5, 0xE0, 0x01, 0xE4, 0xE0, 0x01, 0xE5, 0xE0,
    0x01, 0xE4, 0xE0, 0x01, 0x63, 0xF2, 0x01, 0x42, 0xFB, 0x01, 0x21, 0xF4,
    0x01, 0xA2, 0xFE, 0x01, 0x01, 0xFF, 0x01, 0xE1, 0xFE, 0x01, 0x01, 0xFF,
    0x01, 0xE2, 0xFE, 0x01, 0xB4, 0xFF, 0x08, 0xFF, 0xFF, 0x01, 0xD4, 0xFF,
    0x01, 0x02, 0xFF, 0x01, 0x00, 0xFF, 0x02, 0xE0, 0xFE, 0x01, 0xC0, 0xFE,
    0x01, 0xA0, 0xFE, 0x01, 0xA1, 0xFE, 0x01, 0x42, 0xF4, 0x01, 0x61, 0xE1,
    0x01, 0x42, 0xE9, 0x01, 0x84, 0xE1, 0x01, 0xE4, 0xA8, 0x01, 0xA5, 0x78,
    0x01, 0xA3, 0x40, 0x28, 0x00, 0x00, 0x01, 0x24, 0x21, 0x01, 0x44, 0x21,
    0x27, 0x00, 0x00, 0x01, 0x62, 0x28, 0x01, 0xC6, 0x88, 0x01, 0x05, 0xD9,
    0x02, 0xE4, 0xE0, 0x01, 0xC5, 0xE0, 0x01, 0x43, 0xE1, 0x01, 0x02, 0xFB,
    0x01, 0x60, 0xF3, 0x01, 0x81, 0xF5, 0x01, 0x01, 0xFF, 0x02, 0xE1, 0xFE,
    0x01, 0x01, 0xFF, 0x01, 0xE1, 0xFE, 0x01, 0x71, 0xFF, 0x07, 0xFF, 0xFF,
    0x01, 0xFE, 0xFF, 0x01, 0xB6, 0xFF, 0x01, 0x05, 0xFF, 0x01, 0x00, 0xFF,
    0x01, 0xE0, 0xFE, 0x02, 0xC0, 0xFE, 0x02, 0xA0, 0xFE, 0x01, 0x42, 0xFE,
    0x01, 0xA1, 0xE2, 0x01, 0x02, 0xE1, 0x01, 0x42, 0xE9, 0x01, 0x43, 0xE1,
    0x01, 0xC4, 0x98, 0x01, 0xA4, 0x68, 0x01, 0x41, 0x18, 0x27, 0x00, 0x00,
    0x01, 0x24, 0x21, 0x01, 0x44, 0x21, 0x26, 0x00, 0x00, 0x01, 0x20, 0x10,
    0x01, 0xC5, 0x58, 0x01, 0xE6, 0xA8, 0x01, 0x05, 0xE1, 0x01, 0xE4, 0xE0,
    0x01, 0xE5, 0xE0, 0x01, 0xC4, 0xD8, 0x01, 0xE3, 0xE9, 0x01, 0x21, 0xFB,
    0x01, 0x20, 0xF4, 0x01, 0xA2, 0xFE, 0x01, 0xE0, 0xFE, 0x03, 0xE1, 0xFE,
    0x01, 0xE0, 0xFE, 0x01, 0x4D, 0xF7, 0x01, 0xFE, 0xFF, 0x06, 0xFF, 0xFF,
    0x01, 0xFE, 0xFF, 0x01, 0xFB, 0xFF, 0x01, 0x4A, 0xFF, 0x01, 0x00, 0xFF,
    0x01, 0x20, 0xF6, 0x01, 0x80, 0xF5, 0x01, 0x40, 0xFE, 0x01, 0xC0, 0xFE,
    0x01, 0xA0, 0xFE, 0x01, 0xC1, 0xFE, 0x01, 0x22, 0xEC, 0x01, 0x02, 0xE1,
    0x01, 0x03, 0xE9, 0x01, 0x02, 0xE9, 0x01, 0x44, 0xD9, 0x01, 0xA4, 0x88,
    0x01, 0x83, 0x48, 0x27, 0x00, 0x00, 0x01, 0x24, 0x21, 0x01, 0x44, 0x21,
    0x26, 0x00, 0x00, 0x01, 0x41, 0x28, 0x01, 0xC6, 0x78, 0x01, 0xE6, 0xB8,
    0x01, 0xE5, 0xE0, 0x01, 0xE4, 0xD8, 0x01, 0xE5, 0xD8, 0x01, 0xE4, 0xD8,
    0x01, 0x62, 0xF2, 0x01, 0xE0, 0xF3, 0x01, 0x21, 0xFE, 0x01, 0x01, 0xFF,
    0x05, 0xE0, 0xFE, 0x01, 0x4A, 0xFF, 0x01, 0xFD, 0xFF, 0x05, 0xFF, 0xFF,
    0x02, 0xFE, 0xFF, 0x01, 0xFD, 0xFF, 0x01, 0x6C, 0xFF, 0x01, 0x00, 0xFF,
    0x01, 0x60, 0xFE, 0x01, 0x60, 0xF5, 0x01, 0x80, 0xF5, 0x01, 0x40, 0xFE,
    0x01, 0xA0, 0xFE, 0x01, 0xC0, 0xFE, 0x01, 0x42, 0xF5, 0x01, 0x62, 0xD9,
    0x01, 0xE3, 0xE8, 0x01, 0x03, 0xE9, 0x01, 0x23, 0xE9, 0x01, 0x05, 0xB9,
    0x01, 0x84, 0x68, 0x01, 0x41, 0x18, 0x26, 0x00, 0x00, 0x01, 0x24, 0x21,
    0x01, 0x45, 0x21, 0x26, 0x00, 0x00, 0x01, 0x41, 0x28, 0x01, 0xC6, 0x78,
    0x01, 0xE6, 0xB8, 0x02, 0xE5, 0xE0, 0x01, 0xC5, 0xD8, 0x01, 0x23, 0xE1,
    0x01, 0xE1, 0xF2, 0x01, 0x61, 0xFD, 0x01, 0xE1, 0xFE, 0x01, 0xC0, 0xFE,
    0x05, 0xE0, 0xFE, 0x01, 0x03, 0xFF, 0x01, 0xB4, 0xFF, 0x02, 0xFE, 0xFF,
    0x03, 0xFF, 0xFF, 0x02, 0xFE, 0xFF, 0x01, 0xFD, 0xFF, 0x01, 0x8E, 0xFF,
    0x01, 0x00, 0xFF, 0x01, 0xE0, 0xFE, 0x01, 0xC0, 0xFD, 0x01, 0x80, 0xFD,
    0x01, 0xC0, 0xFD, 0x01, 0x60, 0xFE, 0x01, 0xC0, 0xFE, 0x01, 0xA2, 0xF5,
    0x01, 0xA2, 0xD9, 0x03, 0x03, 0xE9, 0x01, 0x24, 0xD9, 0x01, 0x85, 0x80,
    0x01, 0x21, 0x28, 0x26, 0x00, 0x00, 0x01, 0x24, 0x21, 0x01, 0x45, 0x29,
    0x26, 0x00, 0x00, 0x01, 0x41, 0x28, 0x01, 0xC6, 0x80, 0x01, 0xE6, 0xC0,
    0x02, 0xE5, 0xE0, 0x01, 0xC5, 0xD8, 0x01, 0x63, 0xE1, 0x01, 0xE1, 0xF3,
    0x01, 0x81, 0xFE, 0x02, 0xE0, 0xFE, 0x02, 0x00, 0xFF, 0x01, 0xE0, 0xFE,
    0x03, 0x00, 0xFF, 0x01, 0x26, 0xFF, 0x01, 0xF8, 0xFF, 0x01, 0xD8, 0xFF,
    0x01, 0xB5, 0xFF, 0x01, 0xFB, 0xFF, 0x03, 0xFF, 0xFF, 0x01, 0xFD, 0xFF,
    0x01, 0x6C, 0xFF, 0x02, 0x00, 0xFF, 0x01, 0x00, 0xFE, 0x01, 0xA0, 0xFD,
    0x01, 0xC0, 0xFD, 0x01, 0x20, 0xFE, 0x01, 0xA0, 0xFE, 0x01, 0x42, 0xFE,
    0x01, 0x81, 0xDA, 0x01, 0xE3, 0xE0, 0x01, 0x24, 0xE9, 0x01, 0x03, 0xE9,
    0x01, 0x03, 0xE1, 0x01, 0xE5, 0xB8, 0x01, 0x84, 0x60, 0x01, 0x20, 0x10,
    0x01, 0x00, 0x00, 0x01, 0x20, 0x00, 0x07, 0x00, 0x00, 0x01, 0x20, 0x00,
    0x1B, 0x00, 0x00, 0x01, 0x24, 0x21, 0x01, 0x45, 0x29, 0x26, 0x00, 0x00,
    0x01, 0x41, 0x28, 0x01, 0xC6, 0x78, 0x01, 0xE6, 0xB8, 0x01, 0xE5, 0xE8,
    0x01, 0xE5, 0xE0, 0x01, 0xC5, 0xD8, 0x01, 0xE2, 0xE1, 0x01, 0xA2, 0xFD,
    0x01, 0xC1, 0xFE, 0x01, 0x41, 0xFE, 0x01, 0xC1, 0xFD, 0x01, 0x60, 0xFD,
    0x01, 0x40, 0xFD, 0x01, 0x20, 0xFD, 0x01, 0x40, 0xF5, 0x01, 0x60, 0xFD,
    0x01, 0x00, 0xFE, 0x01, 0xC1, 0xFE, 0x01, 0x89, 0xFF, 0x01, 0x69, 0xFF,
    0x01, 0x23, 0xFF, 0x01, 0x6B, 0xFF, 0x01, 0xFA, 0xFF, 0x02, 0xFF, 0xFF,
    0x01, 0xFD, 0xFF, 0x01, 0x4B, 0xFF, 0x01, 0x00, 0xFF, 0x01, 0x01, 0xFF,
    0x01, 0x20, 0xFE, 0x01, 0xA0, 0xFD, 0x01, 0xC0, 0xFD, 0x01, 0x00, 0xFE,
    0x01, 0xA0, 0xFE, 0x01, 0xC0, 0xFE, 0x01, 0xE2, 0xFD, 0x01, 0x62, 0xE2,
    0x01, 0xE3, 0xE0, 0x02, 0x24, 0xE9, 0x01, 0x25, 0xD9, 0x01, 0x85, 0x88,
    0x01, 0x41, 0x30, 0x09, 0x00, 0x00, 0x01, 0x20, 0x00, 0x1B, 0x00, 0x00,
    0x01, 0x24, 0x21, 0x01, 0x45, 0x21, 0x26, 0x00, 0x00, 0x01, 0x20, 0x18,
    0x01, 0xC5, 0x60, 0x01, 0x07, 0xB9, 0x02, 0xE5, 0xE0, 0x01, 0xA4, 0xD8,
    0x01, 0x82, 0xEA, 0x01, 0xE2, 0xFD, 0x01, 0x20, 0xF5, 0x01, 0x20, 0xF4,
    0x01, 0xE0, 0xF3, 0x05, 0xE0, 0xFB, 0x01, 0x00, 0xF4, 0x01, 0x80, 0xF4,
    0x01, 0xE1, 0xF5, 0x01, 0x22, 0xFF, 0x01, 0x42, 0xFF, 0x01, 0x23, 0xFF,
    0x01, 0x6F, 0xFF, 0x01, 0xFE, 0xFF, 0x01, 0xFF, 0xFF, 0x01, 0xD8, 0xFF,
    0x01, 0x27, 0xFF, 0x01, 0x00, 0xFF, 0x01, 0x21, 0xFF, 0x01, 0x40, 0xFE,
    0x02, 0xC0, 0xFD, 0x01, 0x00, 0xFE, 0x01, 0xA0, 0xFE, 0x01, 0xC0, 0xFE,
    0x01, 0xE0, 0xFE, 0x01, 0x02, 0xFE, 0x01, 0x22, 0xDA, 0x01, 0x04, 0xE1,
    0x01, 0x24, 0xE9, 0x01, 0x05, 0xE1, 0x01, 0xA5, 0x98, 0x01, 0x62, 0x40,
    0x25, 0x00, 0x00, 0x01, 0x24, 0x21, 0x01, 0x45, 0x21, 0x26, 0x00, 0x00,
    0x01, 0x00, 0x08, 0x01, 0xA4, 0x58, 0x01, 0xC6, 0xA8, 0x01, 0x06, 0xE1,
    0x01, 0xE5, 0xE0, 0x01, 0xA4, 0xD8, 0x01, 0x83, 0xEA, 0x01, 0x81, 0xFC,
    0x01, 0xC0, 0xF3, 0x01, 0x00, 0xFC, 0x03, 0x20, 0xFC, 0x01, 0x00, 0xFC,
    0x04, 0xE0, 0xFB, 0x01, 0x00, 0xF4, 0x01, 0xA1, 0xF5, 0x01, 0x23, 0xFF,
    0x01, 0x43, 0xFF, 0x01, 0x6B, 0xFF, 0x01, 0xFC, 0xFF, 0x01, 0xFB, 0xFF,
    0x01, 0x8E, 0xFF, 0x01, 0x23, 0xFF, 0x02, 0x21, 0xFF, 0x01, 0x40, 0xFE,
    0x02, 0xE0, 0xFD, 0x01, 0x20, 0xFE, 0x01, 0xA0, 0xFE, 0x02, 0xC0, 0xFE,
    0x01, 0x01, 0xFF, 0x01, 0x63, 0xF5, 0x01, 0x62, 0xD9, 0x01, 0xE4, 0xE8,
    0x01, 0x04, 0xE9, 0x01, 0xE5, 0xA8, 0x01, 0x83, 0x50, 0x01, 0x00, 0x08,
    0x24, 0x00, 0x00, 0x01, 0x24, 0x21, 0x01, 0x45, 0x29, 0x27, 0x00, 0x00,
    0x01, 0x41, 0x28, 0x01, 0xC6, 0x88, 0x01, 0x06, 0xD9, 0x01, 0xE5, 0xE0,
    0x01, 0xA4, 0xE0, 0x01, 0xE3, 0xE9, 0x01, 0xE1, 0xFB, 0x01, 0xE0, 0xFB,
    0x01, 0x61, 0xFB, 0x01, 0xC1, 0xF2, 0x01, 0x81, 0xF2, 0x01, 0xE1, 0xF2,
    0x01, 0x81, 0xFB, 0x03, 0xE0, 0xFB, 0x02, 0x00, 0xFC, 0x01, 0x20, 0xF4,
    0x01, 0x22, 0xFE, 0x01, 0x43, 0xFF, 0x01, 0x6B, 0xFF, 0x01, 0xD3, 0xFF,
    0x01, 0x49, 0xFF, 0x01, 0x24, 0xFF, 0x03, 0x21, 0xFF, 0x01, 0x40, 0xFE,
    0x01, 0xC0, 0xFD, 0x01, 0xE0, 0xFD, 0x01, 0x20, 0xFE, 0x01, 0xA0, 0xFE,
    0x03, 0xC0, 0xFE, 0x01, 0xE2, 0xFE, 0x01, 0x22, 0xE3, 0x01, 0xC3, 0xE0,
    0x01, 0xE5, 0xE8, 0x01, 0xC5, 0xB0, 0x01, 0x82, 0x50, 0x01, 0x00, 0x08,
    0x24, 0x00, 0x00, 0x01, 0x24, 0x21, 0x01, 0x45, 0x29, 0x27, 0x00, 0x00,
    0x01, 0x41, 0x20, 0x01, 0xC5, 0x78, 0x01, 0xC6, 0xC0, 0x01, 0xE5, 0xE0,
    0x01, 0xC4, 0xE0, 0x01, 0x43, 0xE1, 0x01, 0x82, 0xFB, 0x01, 0xE1, 0xF2,
    0x01, 0x22, 0xE1, 0x01, 0xE3, 0xE0, 0x02, 0xE3, 0xE8, 0x01, 0x42, 0xE1,
    0x01, 0x61, 0xEA, 0x01, 0xA1, 0xFB, 0x04, 0x00, 0xFC, 0x01, 0xC0, 0xF4,
    0x01, 0x02, 0xFF, 0x01, 0x67, 0xFF, 0x01, 0x47, 0xFF, 0x01, 0x01, 0xFF,
    0x03, 0x21, 0xFF, 0x01, 0x01, 0xFF, 0x01, 0x20, 0xFE, 0x01, 0xC0, 0xFD,
    0x01, 0xE0, 0xFD, 0x01, 0x20, 0xFE, 0x01, 0xA0, 0xFE, 0x01, 0xC0, 0xFE,
    0x01, 0xE0, 0xFE, 0x01, 0xC0, 0xFE, 0x01, 0x01, 0xFF, 0x01, 0x02, 0xF5,
    0x01, 0x03, 0xD9, 0x01, 0xE5, 0xE8, 0x01, 0xE5, 0xB8, 0x01, 0x62, 0x48,
    0x01, 0x00, 0x00, 0x03, 0x20, 0x00, 0x21, 0x00, 0x00, 0x01, 0x24, 0x21,
    0x01, 0x45, 0x29, 0x27, 0x00, 0x00, 0x01, 0x00, 0x08, 0x01, 0xA3, 0x58,
    0x01, 0xC6, 0x98, 0x01, 0xE5, 0xD8, 0x01, 0xE4, 0xE0, 0x01, 0xC3, 0xD8,
    0x01, 0xA3, 0xF2, 0x01, 0xC2, 0xE9, 0x01, 0xA3, 0xE0, 0x01, 0x05, 0xE1,
    0x02, 0x05, 0xD1, 0x01, 0xE4, 0xE0, 0x01, 0xE3, 0xE0, 0x01, 0xC1, 0xE1,
    0x01, 0xA1, 0xFB, 0x01, 0x20, 0xFC, 0x01, 0x00, 0xFC, 0x01, 0x20, 0xFC,
    0x01, 0x20, 0xF4, 0x01, 0x01, 0xFE, 0x01, 0x42, 0xFF, 0x03, 0x21, 0xFF,
    0x01, 0x01, 0xFF, 0x01, 0x21, 0xFF, 0x01, 0xC1, 0xFE, 0x02, 0xE0, 0xFD,
    0x01, 0x00, 0xFE, 0x01, 0x40, 0xFE, 0x01, 0xA0, 0xFE, 0x01, 0x00, 0xFF,
    0x01, 0xE0, 0xFE, 0x01, 0xC0, 0xFE, 0x01, 0x00, 0xFF, 0x01, 0xE2, 0xFD,
    0x01, 0x82, 0xD9, 0x01, 0xC4, 0xE0, 0x01, 0xE5, 0xB8, 0x01, 0xC3, 0x58,
    0x01, 0x00, 0x00, 0x01, 0x20, 0x00, 0x23, 0x00, 0x00, 0x01, 0x24, 0x21,
    0x01, 0x44, 0x21, 0x28, 0x00, 0x00, 0x01, 0x41, 0x28, 0x01, 0xA5, 0x78,
    0x01, 0xE6, 0xB8, 0x01, 0xE5, 0xE0, 0x01, 0xC4, 0xE0, 0x01, 0x43, 0xE1,
    0x01, 0x23, 0xE1, 0x01, 0x05, 0xE1, 0x01, 0xE4, 0xA0, 0x01, 0xC3, 0x68,
    0x01, 0x82, 0x60, 0x01, 0x05, 0x91, 0x01, 0x25, 0xC9, 0x01, 0x24, 0xE1,
    0x01, 0x42, 0xEA, 0x01, 0x01, 0xFC, 0x01, 0x00, 0xFC, 0x01, 0x20, 0xFC,
    0x01, 0xE0, 0xFB, 0x01, 0x00, 0xF5, 0x01, 0x01, 0xFF, 0x01, 0x20, 0xFF,
    0x03, 0x00, 0xFF, 0x01, 0x21, 0xFF, 0x01, 0x80, 0xFE, 0x02, 0xE0, 0xFD,
    0x01, 0x00, 0xFE, 0x01, 0x40, 0xFE, 0x01, 0xA0, 0xFE, 0x01, 0xC1, 0xF5,
    0x01, 0x41, 0xFE, 0x02, 0xE0, 0xFE, 0x01, 0x43, 0xFE, 0x01, 0x02, 0xDA,
    0x01, 0xC4, 0xE0, 0x01, 0xC5, 0xA8, 0x01, 0x62, 0x38, 0x23, 0x00, 0x00,
    0x01, 0x20, 0x00, 0x01, 0x00, 0x00, 0x01, 0x24, 0x21, 0x01, 0x44, 0x21,
    0x28, 0x00, 0x00, 0x01, 0x00, 0x08, 0x01, 0xA4, 0x50, 0x01, 0xA6, 0x98,
    0x01, 0xE5, 0xD8, 0x02, 0xC4, 0xE0, 0x01, 0xE4, 0xE0, 0x01, 0x26, 0xC1,
    0x01, 0xC3, 0x68, 0x02, 0x00, 0x00, 0x01, 0x20, 0x10, 0x01, 0xA3, 0x68,
    0x01, 0x45, 0xC9, 0x01, 0x62, 0xE1, 0x01, 0x41, 0xF3, 0x01, 0x20, 0xFC,
    0x01, 0x00, 0xFC, 0x01, 0xE0, 0xFB, 0x01, 0x20, 0xF5, 0x01, 0x01, 0xFF,
    0x04, 0x00, 0xFF, 0x01, 0x01, 0xFF, 0x01, 0x20, 0xFE, 0x01, 0xC0, 0xFD,
    0x01, 0xE0, 0xFD, 0x01, 0x20, 0xFE, 0x01, 0x60, 0xFE, 0x01, 0x81, 0xFE,
    0x01, 0x81, 0xE3, 0x01, 0xA1, 0xEC, 0x01, 0x01, 0xFF, 0x01, 0xE0, 0xFE,
    0x01, 0x62, 0xFE, 0x01, 0x42, 0xDA, 0x01, 0xC4, 0xE0, 0x01, 0xC4, 0xA0,
    0x01, 0x20, 0x18, 0x25, 0x00, 0x00, 0x01, 0x24, 0x21, 0x01, 0x44, 0x21,
    0x29, 0x00, 0x00, 0x01, 0x20, 0x18, 0x01, 0xC6, 0x78, 0x01, 0xC6, 0xC0,
    0x01, 0xE4, 0xE8, 0x01, 0xC4, 0xE0, 0x01, 0xE4, 0xE0, 0x01, 0x06, 0xA9,
    0x01, 0x83, 0x50, 0x03, 0x00, 0x00, 0x01, 0x21, 0x28, 0x01, 0xE4, 0xA0,
    0x01, 0x44, 0xE1, 0x01, 0xA2, 0xEA, 0x01, 0x40, 0xFC, 0x02, 0x00, 0xFC,
    0x01, 0xC1, 0xFD, 0x01, 0x21, 0xFF, 0x04, 0x00, 0xFF, 0x01, 0xC0, 0xFE,
    0x02, 0xE0, 0xFD, 0x01, 0x00, 0xFE, 0x01, 0x20, 0xFE, 0x01, 0x80, 0xFE,
    0x01, 0x41, 0xFE, 0x01, 0xE0, 0xEA, 0x01, 0xE1, 0xEB, 0x01, 0x01, 0xFF,
    0x01, 0xE0, 0xFE, 0x01, 0x82, 0xFE, 0x01, 0x42, 0xDA, 0x01, 0xC5, 0xD8,
    0x01, 0xE4, 0x88, 0x01, 0x00, 0x10, 0x25, 0x00, 0x00, 0x01, 0x24, 0x21,
    0x01, 0x45, 0x21, 0x2A, 0x00, 0x00, 0x01, 0x63, 0x48, 0x01, 0xC6, 0xA0,
    0x01, 0xE5, 0xE0, 0x01, 0xE4, 0xE8, 0x01, 0xE5, 0xE0, 0x01, 0x06, 0xB1,
    0x01, 0xA3, 0x58, 0x03, 0x00, 0x00, 0x01, 0x00, 0x18, 0x01, 0xC4, 0x80,
    0x01, 0x45, 0xD1, 0x01, 0x62, 0xF2, 0x01, 0x21, 0xFC, 0x01, 0x00, 0xFC,
    0x01, 0x20, 0xF4, 0x01, 0x41, 0xFE, 0x01, 0x21, 0xFF, 0x02, 0x20, 0xFF,
    0x01, 0x00, 0xFF, 0x01, 0x01, 0xFF, 0x01, 0x40, 0xFE, 0x01, 0xE0, 0xFD,
    0x01, 0x00, 0xFE, 0x01, 0x20, 0xFE, 0x02, 0x60, 0xFE, 0x01, 0xE1, 0xFC,
    0x01, 0x00, 0xEA, 0x01, 0x21, 0xEB, 0x01, 0xA2, 0xFE, 0x01, 0x00, 0xFF,
    0x01, 0xE2, 0xFD, 0x01, 0xC2, 0xD9, 0x01, 0xE5, 0xC8, 0x01, 0x83, 0x50,
    0x26, 0x00, 0x00, 0x01, 0x24, 0x21, 0x01, 0x45, 0x21, 0x2A, 0x00, 0x00,
    0x01, 0x20, 0x18, 0x01, 0xA6, 0x80, 0x01, 0xE6, 0xD0, 0x01, 0x04, 0xE9,
    0x01, 0x05, 0xE9, 0x01, 0xE6, 0xA0, 0x01, 0x83, 0x40, 0x03, 0x00, 0x00,
    0x01, 0x00, 0x18, 0x01, 0xE4, 0x88, 0x01, 0x45, 0xD9, 0x01, 0x82, 0xEA,
    0x01, 0x20, 0xFC, 0x01, 0x00, 0xFC, 0x01, 0x60, 0xF4, 0x01, 0xC1, 0xFE,
    0x04, 0x20, 0xFF, 0x01, 0xC0, 0xFE, 0x02, 0x00, 0xFE, 0x01, 0x20, 0xFE,
    0x01, 0x00, 0xFE, 0x01, 0xE0, 0xFD, 0x01, 0x21, 0xFD, 0x01, 0xE1, 0xEA,
    0x01, 0xA1, 0xE9, 0x01, 0x81, 0xEA, 0x01, 0x41, 0xFE, 0x01, 0x01, 0xFF,
    0x01, 0x02, 0xEC, 0x01, 0x23, 0xD9, 0x01, 0xE5, 0xB0, 0x01, 0xA2, 0x40,
    0x26, 0x00, 0x00, 0x01, 0x24, 0x21, 0x01, 0x44, 0x21, 0x2A, 0x00, 0x00,
    0x01, 0x00, 0x08, 0x01, 0x85, 0x68, 0x01, 0x06, 0xC9, 0x01, 0x25, 0xE9,
    0x01, 0x06, 0xD9, 0x01, 0xC6, 0x98, 0x01, 0x21, 0x18, 0x03, 0x00, 0x00,
    0x01, 0x62, 0x48, 0x01, 0x05, 0xB1, 0x01, 0x63, 0xE1, 0x01, 0xA1, 0xF2,
    0x01, 0x00, 0xFC, 0x01, 0xE0, 0xFB, 0x01, 0x21, 0xF5, 0x01, 0x01, 0xFF,
    0x03, 0x21, 0xFF, 0x01, 0xE1, 0xFE, 0x01, 0xE0, 0xFD, 0x01, 0x60, 0xFD,
    0x01, 0x40, 0xFD, 0x01, 0x00, 0xFD, 0x01, 0xE0, 0xFC, 0x01, 0xA1, 0xFC,
    0x01, 0x21, 0xF3, 0x01, 0xE1, 0xE9, 0x01, 0xC2, 0xF1, 0x01, 0x41, 0xEA,
    0x01, 0x23, 0xFE, 0x01, 0x42, 0xF5, 0x01, 0x42, 0xEA, 0x01, 0x04, 0xD1,
    0x01, 0xC4, 0x78, 0x01, 0x20, 0x10, 0x26, 0x00, 0x00, 0x01, 0x24, 0x21,
    0x01, 0x44, 0x21, 0x2B, 0x00, 0x00, 0x01, 0x84, 0x68, 0x01, 0x06, 0xC9,
    0x01, 0x45, 0xE9, 0x01, 0x26, 0xC9, 0x01, 0xA4, 0x60, 0x01, 0x00, 0x08,
    0x02, 0x00, 0x00, 0x01, 0x41, 0x20, 0x01, 0xE5, 0x90, 0x01, 0x65, 0xD9,
    0x01, 0x62, 0xE1, 0x01, 0x21, 0xF3, 0x01, 0xE0, 0xFB, 0x01, 0xE0, 0xF3,
    0x01, 0xE1, 0xFD, 0x01, 0x41, 0xFF, 0x01, 0x00, 0xFF, 0x01, 0x20, 0xFF,
    0x01, 0x21, 0xFF, 0x01, 0xE1, 0xFD, 0x01, 0xC0, 0xFC, 0x02, 0xA0, 0xFC,
    0x01, 0x80, 0xFC, 0x01, 0x01, 0xFC, 0x01, 0xE1, 0xF2, 0x01, 0xE1, 0xF1,
    0x02, 0xE2, 0xF1, 0x01, 0x01, 0xEA, 0x01, 0x42, 0xF4, 0x01, 0x61, 0xF3,
    0x01, 0xE3, 0xE9, 0x01, 0xE5, 0xB8, 0x01, 0xC3, 0x60, 0x27, 0x00, 0x00,
    0x01, 0x24, 0x21, 0x01, 0x65, 0x29, 0x2A, 0x00, 0x00, 0x01, 0x00, 0x08,
    0x01, 0xA4, 0x68, 0x01, 0x26, 0xD1, 0x01, 0x66, 0xE9, 0x01, 0x06, 0xA1,
    0x01, 0x41, 0x28, 0x02, 0x00, 0x00, 0x01, 0x41, 0x20, 0x01, 0x05, 0x81,
    0x01, 0x45, 0xC9, 0x01, 0x23, 0xE1, 0x01, 0xC1, 0xE9, 0x01, 0xA1, 0xFB,
    0x01, 0xC0, 0xFB, 0x01, 0x40, 0xF4, 0x01, 0x81, 0xFE, 0x01, 0x21, 0xFF,
    0x01, 0x00, 0xFF, 0x01, 0x20, 0xFF, 0x01, 0x41, 0xFE, 0x01, 0x80, 0xF4,
    0x01, 0x00, 0xFC, 0x01, 0xE1, 0xFB, 0x01, 0xA1, 0xFB, 0x01, 0x01, 0xF3,
    0x01, 0x21, 0xF2, 0x01, 0xE1, 0xF1, 0x03, 0xE2, 0xF1, 0x01, 0xC1, 0xF1,
    0x01, 0x81, 0xF2, 0x01, 0x02, 0xFB, 0x01, 0x63, 0xD9, 0x01, 0xE5, 0x90,
    0x01, 0x61, 0x28, 0x27, 0x00, 0x00, 0x01, 0x44, 0x21, 0x01, 0x65, 0x29,
    0x01, 0x00, 0x00, 0x01, 0x20, 0x00, 0x26, 0x00, 0x00, 0x01, 0x20, 0x00,
    0x01, 0x00, 0x00, 0x01, 0x21, 0x28, 0x01, 0xC5, 0x98, 0x01, 0x46, 0xE1,
    0x01, 0x26, 0xB9, 0x01, 0x83, 0x50, 0x02, 0x00, 0x00, 0x01, 0x41, 0x28,
    0x01, 0x06, 0x81, 0x01, 0x45, 0xD1, 0x01, 0x44, 0xE9, 0x01, 0x22, 0xE1,
    0x01, 0xA1, 0xF2, 0x01, 0xE0, 0xFB, 0x01, 0xA0, 0xFB, 0x01, 0x21, 0xF5,
    0x01, 0x21, 0xFF, 0x01, 0x00, 0xFF, 0x01, 0x20, 0xFF, 0x01, 0xA1, 0xFE,
    0x01, 0x40, 0xF4, 0x01, 0xA0, 0xF2, 0x01, 0x41, 0xF2, 0x02, 0x01, 0xF2,
    0x01, 0xE1, 0xF1, 0x04, 0x02, 0xF2, 0x02, 0xE2, 0xF1, 0x01, 0xE1, 0xF1,
    0x01, 0xE3, 0xF1, 0x01, 0x25, 0xB9, 0x01, 0xA3, 0x50, 0x26, 0x00, 0x00,
    0x01, 0x20, 0x00, 0x01, 0x00, 0x00, 0x01, 0x44, 0x21, 0x01, 0x45, 0x29,
    0x2A, 0x00, 0x00, 0x01, 0x83, 0x58, 0x01, 0x27, 0xC1, 0x01, 0x47, 0xC1,
    0x01, 0xA3, 0x60, 0x02, 0x00, 0x08, 0x01, 0x83, 0x48, 0x01, 0x26, 0xA1,
    0x01, 0x66, 0xD9, 0x01, 0x64, 0xE9, 0x01, 0x23, 0xE1, 0x01, 0x02, 0xEA,
    0x01, 0xA1, 0xFB, 0x01, 0xA0, 0xFB, 0x01, 0x40, 0xF4, 0x01, 0x82, 0xFE,
    0x01, 0x01, 0xFF, 0x01, 0x00, 0xFF, 0x01, 0x01, 0xFF, 0x01, 0x01, 0xF5,
    0x01, 0xC0, 0xF2, 0x01, 0xE1, 0xF1, 0x01, 0xE2, 0xF1, 0x04, 0x02, 0xF2,
    0x01, 0x22, 0xF2, 0x01, 0x02, 0xF2, 0x04, 0xE2, 0xF1, 0x01, 0x84, 0xD9,
    0x01, 0xE4, 0x88, 0x01, 0x41, 0x20, 0x26, 0x00, 0x00, 0x01, 0x20, 0x00,
    0x01, 0x00, 0x00, 0x01, 0x24, 0x21, 0x01, 0x45, 0x29, 0x29, 0x00, 0x00,
    0x01, 0x62, 0x30, 0x01, 0x28, 0xA9, 0x01, 0x27, 0xA9, 0x01, 0xA3, 0x58,
    0x01, 0x00, 0x10, 0x01, 0x00, 0x08, 0x01, 0xA3, 0x58, 0x01, 0x47, 0xB9,
    0x01, 0x65, 0xE1, 0x01, 0x64, 0xE9, 0x01, 0x43, 0xE1, 0x01, 0x22, 0xEA,
    0x01, 0xA1, 0xFB, 0x01, 0xC0, 0xFB, 0x01, 0x00, 0xF4, 0x01, 0x21, 0xFE,
    0x01, 0x21, 0xFF, 0x01, 0xE0, 0xFE, 0x01, 0x21, 0xFF, 0x01, 0xC1, 0xF5,
    0x01, 0xC0, 0xF3, 0x01, 0xC1, 0xF2, 0x01, 0xE1, 0xF1, 0x02, 0x01, 0xF2,
    0x01, 0xE1, 0xF1, 0x01, 0x01, 0xF2, 0x01, 0x02, 0xF2, 0x01, 0x83, 0xE9,
    0x01, 0xE4, 0xD8, 0x01, 0x43, 0xE1, 0x02, 0x02, 0xF2, 0x01, 0xA4, 0xE9,
    0x01, 0x25, 0xA9, 0x01, 0x82, 0x40, 0x29, 0x00, 0x00, 0x01, 0x24, 0x21,
    0x01, 0x45, 0x29, 0x29, 0x00, 0x00, 0x01, 0x05, 0x69, 0x01, 0xE6, 0x80,
    0x01, 0x41, 0x30, 0x01, 0x00, 0x08, 0x01, 0x00, 0x00, 0x01, 0x83, 0x50,
    0x01, 0x46, 0xB9, 0x02, 0x65, 0xE9, 0x01, 0x63, 0xE1, 0x01, 0x82, 0xEA,
    0x01, 0xE1, 0xFB, 0x01, 0xE0, 0xFB, 0x01, 0xE0, 0xF3, 0x01, 0xC1, 0xFD,
    0x01, 0x21, 0xFF, 0x01, 0xE0, 0xFE, 0x01, 0x21, 0xFF, 0x01, 0x82, 0xFE,
    0x01, 0x20, 0xF4, 0x01, 0xA0, 0xFB, 0x01, 0xE0, 0xF2, 0x04, 0xE1, 0xF1,
    0x01, 0xA3, 0xE9, 0x01, 0x04, 0xD9, 0x01, 0xA5, 0xC8, 0x01, 0x65, 0xC0,
    0x01, 0x24, 0xE1, 0x01, 0xE3, 0xF1, 0x01, 0x84, 0xE1, 0x01, 0x05, 0xB1,
    0x01, 0xA3, 0x58, 0x01, 0x00, 0x08, 0x29, 0x00, 0x00, 0x01, 0x44, 0x21,
    0x01, 0x45, 0x29, 0x29, 0x00, 0x00, 0x01, 0x41, 0x20, 0x01, 0x00, 0x10,
    0x02, 0x00, 0x00, 0x01, 0x41, 0x30, 0x01, 0x26, 0xA1, 0x01, 0x65, 0xE9,
    0x01, 0x44, 0xE9, 0x01, 0x63, 0xE1, 0x01, 0x82, 0xF2, 0x01, 0xE1, 0xFB,
    0x01, 0x00, 0xFC, 0x01, 0xE0, 0xFB, 0x01, 0x21, 0xF5, 0x03, 0x01, 0xFF,
    0x01, 0xC2, 0xFE, 0x01, 0xA0, 0xF4, 0x01, 0xA0, 0xFB, 0x01, 0xC0, 0xFB,
    0x01, 0x40, 0xFB, 0x01, 0x20, 0xF2, 0x01, 0xE1, 0xF1, 0x01, 0xE2, 0xF1,
    0x01, 0x63, 0xE9, 0x01, 0xC4, 0xD8, 0x01, 0xA6, 0xC8, 0x01, 0xE5, 0x98,
    0x01, 0xC4, 0x98, 0x01, 0x44, 0xE9, 0x01, 0x64, 0xE9, 0x01, 0x26, 0xB9,
    0x01, 0x83, 0x50, 0x01, 0x00, 0x08, 0x28, 0x00, 0x00, 0x01, 0x20, 0x00,
    0x01, 0x00, 0x00, 0x01, 0x44, 0x21, 0x01, 0x45, 0x29, 0x2D, 0x00, 0x00,
    0x01, 0xC4, 0x60, 0x01, 0x46, 0xD1, 0x01, 0x25, 0xE9, 0x01, 0x43, 0xE1,
    0x01, 0xA2, 0xF2, 0x01, 0x01, 0xFC, 0x02, 0x00, 0xFC, 0x01, 0x40, 0xF4,
    0x01, 0x61, 0xFE, 0x01, 0x21, 0xFF, 0x01, 0x00, 0xFF, 0x01, 0x02, 0xFF,
    0x01, 0xE1, 0xF4, 0x01, 0x80, 0xFB, 0x02, 0xA0, 0xFB, 0x01, 0x80, 0xFB,
    0x01, 0x80, 0xF2, 0x01, 0x01, 0xF2, 0x01, 0x63, 0xE9, 0x01, 0xC5, 0xD8,
    0x01, 0xC6, 0xD0, 0x01, 0x25, 0x91, 0x01, 0x81, 0x38, 0x01, 0xC4, 0x90,
    0x01, 0x26, 0xE9, 0x01, 0x26, 0xC9, 0x01, 0xE4, 0x68, 0x01, 0x20, 0x10,
    0x29, 0x00, 0x00, 0x01, 0x20, 0x00, 0x01, 0x00, 0x00, 0x01, 0x24, 0x21,
    0x01, 0x45, 0x29, 0x2C, 0x00, 0x00, 0x01, 0x20, 0x10, 0x01, 0xE5, 0x80,
    0x01, 0x26, 0xD9, 0x01, 0xE3, 0xE0, 0x01, 0x42, 0xEA, 0x01, 0x01, 0xFC,
    0x01, 0x00, 0xFC, 0x01, 0x20, 0xFC, 0x01, 0x00, 0xFC, 0x01, 0xC0, 0xF4,
    0x01, 0xE1, 0xFE, 0x01, 0x00, 0xFF, 0x01, 0x21, 0xFF, 0x01, 0xA1, 0xF5,
    0x01, 0xA0, 0xF3, 0x03, 0xA0, 0xFB, 0x01, 0x80, 0xFB, 0x01, 0xA1, 0xFA,
    0x01, 0x82, 0xE9, 0x01, 0xC5, 0xD0, 0x01, 0x06, 0xC9, 0x01, 0xE4, 0x90,
    0x01, 0x61, 0x28, 0x01, 0x00, 0x18, 0x01, 0xE5, 0xB0, 0x01, 0x07, 0xD1,
    0x01, 0x05, 0x81, 0x01, 0x41, 0x20, 0x2C, 0x00, 0x00, 0x01, 0x24, 0x21,
    0x01, 0x45, 0x29, 0x2C, 0x00, 0x00, 0x01, 0x62, 0x28, 0x01, 0x06, 0xA9,
    0x01, 0xE5, 0xE0, 0x01, 0xE2, 0xE9, 0x01, 0xE1, 0xFB, 0x02, 0x00, 0xFC,
    0x01, 0x20, 0xFC, 0x01, 0x00, 0xFC, 0x01, 0xA1, 0xFD, 0x01, 0x21, 0xFF,
    0x01, 0x20, 0xFF, 0x01, 0xC1, 0xFE, 0x01, 0x40, 0xF4, 0x01, 0xA0, 0xFB,
    0x02, 0xC0, 0xFB, 0x01, 0xA0, 0xFB, 0x01, 0x80, 0xFB, 0x01, 0x22, 0xF2,
    0x01, 0xC4, 0xD0, 0x01, 0xE6, 0xD0, 0x01, 0x05, 0x91, 0x01, 0x41, 0x28,
    0x01, 0x00, 0x00, 0x01, 0x62, 0x40, 0x01, 0x07, 0xC9, 0x01, 0x06, 0xA1,
    0x01, 0x82, 0x30, 0x2D, 0x00, 0x00, 0x01, 0x24, 0x21, 0x01, 0x45, 0x29,
    0x27, 0x00, 0x00, 0x01, 0x20, 0x08, 0x01, 0xC4, 0x50, 0x01, 0x82, 0x30,
    0x02, 0x00, 0x00, 0x01, 0xA3, 0x40, 0x01, 0xE6, 0xB0, 0x01, 0x24, 0xE1,
    0x01, 0x41, 0xFB, 0x04, 0x00, 0xFC, 0x01, 0x40, 0xF4, 0x01, 0x41, 0xFE,
    0x01, 0x00, 0xFF, 0x01, 0x21, 0xFF, 0x01, 0x01, 0xFE, 0x05, 0xC0, 0xFB,
    0x01, 0x62, 0xFB, 0x01, 0x43, 0xD9, 0x01, 0xC5, 0xD0, 0x01, 0xC4, 0x90,
    0x01, 0x41, 0x28, 0x02, 0x00, 0x00, 0x01, 0x05, 0x81, 0x01, 0x07, 0xC9,
    0x01, 0xA3, 0x60, 0x2E, 0x00, 0x00, 0x01, 0x24, 0x21, 0x01, 0x45, 0x29,
    0x26, 0x00, 0x00, 0x01, 0x00, 0x08, 0x01, 0xC4, 0x68, 0x01, 0x07, 0xA9,
    0x01, 0xA4, 0x50, 0x02, 0x00, 0x00, 0x01, 0xA3, 0x50, 0x01, 0xC5, 0xB0,
    0x01, 0xE3, 0xE9, 0x01, 0xE1, 0xFB, 0x02, 0x00, 0xFC, 0x01, 0x20, 0xFC,
    0x01, 0x00, 0xFC, 0x01, 0x60, 0xF4, 0x01, 0x81, 0xFE, 0x01, 0xE0, 0xFE,
    0x01, 0x00, 0xFF, 0x01, 0xA1, 0xF5, 0x01, 0xA0, 0xFB, 0x03, 0xC0, 0xFB,
    0x01, 0xC2, 0xFB, 0x01, 0x43, 0xEA, 0x01, 0xE5, 0xD0, 0x01, 0xE5, 0xA0,
    0x01, 0x61, 0x38, 0x02, 0x00, 0x00, 0x01, 0x00, 0x08, 0x01, 0xE4, 0x88,
    0x01, 0xE6, 0xC0, 0x01, 0x62, 0x38, 0x2E, 0x00, 0x00, 0x01, 0x44, 0x21,
    0x01, 0x45, 0x29, 0x26, 0x00, 0x00, 0x01, 0xC3, 0x58, 0x01, 0x48, 0xD1,
    0x01, 0x27, 0xC1, 0x01, 0x83, 0x48, 0x01, 0x00, 0x00, 0x01, 0x00, 0x08,
    0x01, 0xA3, 0x58, 0x01, 0xC5, 0xB8, 0x01, 0x43, 0xEA, 0x01, 0x20, 0xFC,
    0x01, 0x00, 0xFC, 0x03, 0x20, 0xFC, 0x01, 0xC0, 0xFC, 0x01, 0xA1, 0xFE,
    0x01, 0xE0, 0xFE, 0x01, 0x00, 0xFF, 0x01, 0xA1, 0xF5, 0x01, 0xA0, 0xF3,
    0x01, 0xA0, 0xFB, 0x01, 0xC0, 0xFB, 0x01, 0xC1, 0xFB, 0x01, 0xA3, 0xEA,
    0x01, 0x05, 0xD1, 0x01, 0x06, 0xA1, 0x01, 0x82, 0x40, 0x01, 0x00, 0x08,
    0x02, 0x20, 0x00, 0x01, 0x20, 0x08, 0x01, 0xE5, 0x88, 0x01, 0xE5, 0xB0,
    0x01, 0x41, 0x28, 0x2E, 0x00, 0x00, 0x01, 0x44, 0x21, 0x01, 0x45, 0x29,
    0x25, 0x00, 0x00, 0x01, 0x00, 0x10, 0x01, 0xE5, 0x88, 0x01, 0x48, 0xE9,
    0x01, 0xE5, 0xB8, 0x01, 0xC3, 0x48, 0x01, 0x00, 0x00, 0x01, 0x00, 0x08,
    0x01, 0xA3, 0x58, 0x01, 0xC6, 0xB8, 0x01, 0x44, 0xEA, 0x01, 0x41, 0xFC,
    0x02, 0x20, 0xFC, 0x01, 0x40, 0xFC, 0x01, 0xC1, 0xFB, 0x01, 0x21, 0xF4,
    0x01, 0x62, 0xFE, 0x01, 0xE1, 0xFE, 0x01, 0xE0, 0xFE, 0x01, 0xE1, 0xFD,
    0x01, 0xA0, 0xF3, 0x01, 0xA0, 0xFB, 0x01, 0xC0, 0xFB, 0x01, 0x22, 0xF3,
    0x01, 0x24, 0xD1, 0x01, 0x06, 0xB9, 0x01, 0xC3, 0x58, 0x01, 0x20, 0x08,
    0x03, 0x20, 0x00, 0x01, 0x20, 0x08, 0x01, 0xE5, 0x88, 0x01, 0xC5, 0xA0,
    0x01, 0x00, 0x20, 0x2E, 0x00, 0x00, 0x01, 0x44, 0x21, 0x01, 0x45, 0x29,
    0x25, 0x00, 0x00, 0x01, 0x00, 0x18, 0x01, 0xC4, 0x88, 0x01, 0x47, 0xE1,
    0x01, 0xE5, 0xA0, 0x01, 0x41, 0x28, 0x01, 0x00, 0x00, 0x01, 0x00, 0x08,
    0x01, 0xA3, 0x58, 0x01, 0xC6, 0xB8, 0x01, 0xE4, 0xE9, 0x01, 0x41, 0xFC,
    0x02, 0x40, 0xFC, 0x01, 0x62, 0xF3, 0x01, 0x62, 0xD9, 0x01, 0x02, 0xD9,
    0x01, 0x61, 0xE2, 0x01, 0xC1, 0xF4, 0x01, 0xC1, 0xFE, 0x01, 0x61, 0xFE,
    0x01, 0xE0, 0xF3, 0x01, 0x80, 0xFB, 0x01, 0xA1, 0xFB, 0x01, 0xC4, 0xD9,
    0x01, 0xE6, 0xC0, 0x01, 0xE4, 0x70, 0x01, 0x00, 0x10, 0x01, 0x00, 0x00,
    0x03, 0x20, 0x00, 0x01, 0x00, 0x00, 0x01, 0x62, 0x38, 0x01, 0x25, 0x89,
    0x01, 0x61, 0x30, 0x01, 0x00, 0x00, 0x01, 0x20, 0x00, 0x2C, 0x00, 0x00,
    0x01, 0x44, 0x21, 0x01, 0x45, 0x29, 0x25, 0x00, 0x00, 0x01, 0x00, 0x08,
    0x01, 0xA3, 0x58, 0x01, 0x27, 0xC1, 0x01, 0xE4, 0x80, 0x01, 0x00, 0x10,
    0x02, 0x00, 0x00, 0x01, 0xA3, 0x40, 0x01, 0x07, 0xB1, 0x01, 0x44, 0xD9,
    0x01, 0xE2, 0xFB, 0x01, 0x60, 0xFC, 0x01, 0x21, 0xFC, 0x01, 0xA2, 0xE1,
    0x01, 0x84, 0xD8, 0x01, 0xC5, 0xE0, 0x01, 0x83, 0xD8, 0x01, 0xA1, 0xD9,
    0x01, 0x82, 0xFD, 0x01, 0xE1, 0xFE, 0x01, 0x80, 0xF4, 0x01, 0x80, 0xFB,
    0x01, 0xC2, 0xEA, 0x01, 0xC5, 0xC0, 0x01, 0x05, 0x89, 0x01, 0x41, 0x20,
    0x04, 0x00, 0x00, 0x02, 0x20, 0x00, 0x01, 0x00, 0x00, 0x01, 0x41, 0x28,
    0x01, 0x20, 0x10, 0x2E, 0x00, 0x00, 0x01, 0x44, 0x21, 0x01, 0x45, 0x29,
    0x26, 0x00, 0x00, 0x01, 0x00, 0x10, 0x01, 0xC5, 0x78, 0x01, 0xA3, 0x50,
    0x03, 0x00, 0x00, 0x01, 0x62, 0x30, 0x01, 0xE6, 0xA0, 0x01, 0xE5, 0xD0,
    0x01, 0x23, 0xF3, 0x01, 0xA1, 0xFC, 0x01, 0x62, 0xF3, 0x01, 0xE3, 0xD8,
    0x03, 0xC4, 0xE0, 0x01, 0xC3, 0xD8, 0x01, 0xA1, 0xEB, 0x01, 0xC1, 0xFE,
    0x01, 0x81, 0xF5, 0x01, 0xA1, 0xFB, 0x01, 0xC4, 0xD9, 0x01, 0xC6, 0x98,
    0x01, 0x82, 0x40, 0x07, 0x00, 0x00, 0x01, 0x20, 0x00, 0x02, 0x00, 0x00,
    0x01, 0x20, 0x00, 0x2D, 0x00, 0x00, 0x01, 0x24, 0x21, 0x01, 0x45, 0x29,
    0x27, 0x00, 0x00, 0x01, 0x21, 0x18, 0x01, 0x61, 0x20, 0x03, 0x00, 0x00,
    0x01, 0x20, 0x10, 0x01, 0xE5, 0x78, 0x01, 0xC6, 0xC8, 0x01, 0x23, 0xEA,
    0x01, 0x82, 0xFC, 0x01, 0x62, 0xEA, 0x01, 0xA4, 0xE0, 0x01, 0xE4, 0xE0,
    0x01, 0xC4, 0xE0, 0x01, 0xE4, 0xE0, 0x01, 0xA4, 0xE0, 0x01, 0x61, 0xE2,
    0x01, 0x42, 0xFE, 0x01, 0x61, 0xFE, 0x01, 0xA2, 0xF3, 0x01, 0x25, 0xB9,
    0x01, 0xE4, 0x60, 0x01, 0x20, 0x08, 0x38, 0x00, 0x00, 0x01, 0x24, 0x21,
    0x01, 0x45, 0x29, 0x2D, 0x00, 0x00, 0x01, 0x83, 0x48, 0x01, 0xE6, 0xB0,
    0x01, 0x43, 0xD9, 0x01, 0x84, 0xF3, 0x01, 0xA2, 0xE1, 0x01, 0xA4, 0xE0,
    0x01, 0xE4, 0xE0, 0x03, 0xC4, 0xE0, 0x01, 0x82, 0xE1, 0x01, 0xC2, 0xFC,
    0x01, 0xC3, 0xFE, 0x01, 0x23, 0xEC, 0x01, 0xC4, 0x98, 0x01, 0x82, 0x30,
    0x39, 0x00, 0x00, 0x01, 0x24, 0x21, 0x01, 0x45, 0x29, 0x2D, 0x00, 0x00,
    0x01, 0x41, 0x18, 0x01, 0x05, 0x89, 0x01, 0xE5, 0xD0, 0x01, 0xC4, 0xE1,
    0x01, 0x24, 0xE1, 0x04, 0xC4, 0xE0, 0x01, 0xE4, 0xE0, 0x01, 0x23, 0xE1,
    0x01, 0xC2, 0xF2, 0x01, 0xA2, 0xFC, 0x01, 0x24, 0xDB, 0x01, 0xE4, 0x80,
    0x01, 0x41, 0x18, 0x39, 0x00, 0x00, 0x01, 0x24, 0x21, 0x01, 0x45, 0x29,
    0x2E, 0x00, 0x00, 0x01, 0xC3, 0x58, 0x01, 0x06, 0xB9, 0x01, 0xC5, 0xE0,
    0x01, 0xC4, 0xE0, 0x01, 0xE5, 0xE0, 0x01, 0xC5, 0xD8, 0x02, 0xC5, 0xE0,
    0x01, 0xE5, 0xE0, 0x01, 0x04, 0xE1, 0x01, 0x63, 0xF2, 0x01, 0x22, 0xFB,
    0x01, 0x04, 0xD2, 0x01, 0xA3, 0x58, 0x3A, 0x00, 0x00, 0x01, 0x24, 0x21,
    0x01, 0x45, 0x29, 0x2E, 0x00, 0x00, 0x01, 0x41, 0x20, 0x01, 0x26, 0x91,
    0x01, 0xE6, 0xD0, 0x01, 0xE5, 0xE0, 0x01, 0xC5, 0xB0, 0x01, 0xE5, 0x80,
    0x01, 0xA4, 0x70, 0x01, 0xC4, 0x90, 0x01, 0xE6, 0xC8, 0x01, 0xC5, 0xD8,
    0x01, 0xE3, 0xE9, 0x01, 0x23, 0xFB, 0x01, 0xE5, 0xC1, 0x01, 0x62, 0x48,
    0x3A, 0x00, 0x00, 0x01, 0x24, 0x21, 0x01, 0x45, 0x29, 0x2F, 0x00, 0x00,
    0x01, 0x62, 0x30, 0x01, 0xE5, 0xA0, 0x01, 0xE6, 0xE0, 0x01, 0xA4, 0x90,
    0x01, 0x20, 0x20, 0x01, 0x00, 0x00, 0x01, 0x41, 0x20, 0x01, 0xE5, 0x78,
    0x01, 0xC6, 0xB8, 0x01, 0x44, 0xD9, 0x01, 0xE4, 0xFA, 0x01, 0x84, 0xB1,
    0x01, 0x82, 0x48, 0x3A, 0x00, 0x00, 0x01, 0x24, 0x21, 0x01, 0x65, 0x29,
    0x30, 0x00, 0x00, 0x01, 0xA3, 0x50, 0x01, 0xE7, 0xB8, 0x01, 0xC5, 0xA0,
    0x01, 0x20, 0x28, 0x02, 0x00, 0x00, 0x01, 0x41, 0x18, 0x01, 0xC4, 0x70,
    0x01, 0xE5, 0xB8, 0x01, 0xC5, 0xE1, 0x01, 0x25, 0xA1, 0x01, 0x82, 0x40,
    0x3A, 0x00, 0x00, 0x01, 0x24, 0x21, 0x01, 0x45, 0x29, 0x30, 0x00, 0x00,
    0x01, 0x00, 0x08, 0x01, 0x83, 0x58, 0x01, 0x27, 0xA1, 0x01, 0x42, 0x38,
    0x03, 0x00, 0x00, 0x01, 0x61, 0x28, 0x01, 0x05, 0x91, 0x01, 0x26, 0xD1,
    0x01, 0x05, 0x99, 0x01, 0xA3, 0x38, 0x3A, 0x00, 0x00, 0x01, 0x24, 0x21,
    0x01, 0x45, 0x29, 0x31, 0x00, 0x00, 0x01, 0x20, 0x08, 0x01, 0xC4, 0x50,
    0x01, 0x62, 0x38, 0x04, 0x00, 0x00, 0x01, 0xA3, 0x60, 0x01, 0x26, 0xC9,
    0x01, 0x05, 0xB1, 0x01, 0xA2, 0x48, 0x3A, 0x00, 0x00, 0x01, 0x44, 0x21,
    0x01, 0x45, 0x29, 0x33, 0x00, 0x00, 0x01, 0x20, 0x08, 0x04, 0x00, 0x00,
    0x01, 0x62, 0x38, 0x01, 0x06, 0xB1, 0x01, 0x05, 0xD1, 0x01, 0xC4, 0x78,
    0x01, 0x20, 0x10, 0x02, 0x00, 0x00, 0x01, 0x20, 0x18, 0x01, 0x83, 0x48,
    0x01, 0x20, 0x18, 0x34, 0x00, 0x00, 0x01, 0x44, 0x21, 0x01, 0x45, 0x29,
    0x38, 0x00, 0x00, 0x01, 0x21, 0x18, 0x01, 0xE5, 0x98, 0x01, 0x06, 0xE1,
    0x01, 0xE5, 0xB0, 0x01, 0xA3, 0x58, 0x01, 0x00, 0x08, 0x01, 0x00, 0x00,
    0x01, 0xA3, 0x58, 0x01, 0x47, 0xA9, 0x01, 0xA3, 0x58, 0x34, 0x00, 0x00,
    0x01, 0x44, 0x21, 0x01, 0x45, 0x29, 0x38, 0x00, 0x00, 0x01, 0x00, 0x08,
    0x01, 0xC4, 0x70, 0x01, 0xE6, 0xD0, 0x01, 0xE5, 0xE0, 0x01, 0xE5, 0xA8,
    0x01, 0xA3, 0x58, 0x01, 0x83, 0x50, 0x01, 0xE5, 0x98, 0x01, 0x26, 0xD1,
    0x01, 0x05, 0x89, 0x01, 0x20, 0x18, 0x33, 0x00, 0x00, 0x01, 0x44, 0x29,
    0x01, 0x45, 0x29, 0x39, 0x00, 0x00, 0x01, 0x83, 0x48, 0x01, 0xE5, 0xB8,
    0x01, 0xE5, 0xE8, 0x01, 0xE5, 0xE0, 0x01, 0xC5, 0xC0, 0x01, 0xE6, 0xC0,
    0x01, 0xE6, 0xD0, 0x01, 0x05, 0xE1, 0x01, 0x05, 0xB9, 0x01, 0x61, 0x38,
    0x33, 0x00, 0x00, 0x01, 0x44, 0x21, 0x01, 0x45, 0x29, 0x39, 0x00, 0x00,
    0x01, 0x21, 0x20, 0x01, 0xC4, 0x88, 0x01, 0xE5, 0xD8, 0x01, 0xC4, 0xE0,
    0x02, 0xC5, 0xE0, 0x01, 0x03, 0xD9, 0x01, 0xE3, 0xE9, 0x01, 0x24, 0xC9,
    0x01, 0xA3, 0x60, 0x01, 0x00, 0x08, 0x32, 0x00, 0x00, 0x01, 0x45, 0x21,
    0x01, 0x45, 0x29, 0x38, 0x00, 0x00, 0x01, 0x20, 0x00, 0x01, 0x00, 0x00,
    0x01, 0x83, 0x58, 0x01, 0xE5, 0xC0, 0x01, 0xE5, 0xE0, 0x01, 0xC4, 0xE0,
    0x01, 0x43, 0xE1, 0x01, 0x02, 0xF3, 0x01, 0xA3, 0xFB, 0x01, 0x23, 0xC1,
    0x01, 0xA4, 0x78, 0x01, 0x00, 0x10, 0x32, 0x00, 0x00, 0x01, 0x44, 0x21,
    0x01, 0x45, 0x29, 0x01, 0x00, 0x00, 0x01, 0x20, 0x00, 0x36, 0x00, 0x00,
    0x01, 0x20, 0x00, 0x01, 0x00, 0x00, 0x01, 0x41, 0x28, 0x01, 0xE4, 0x90,
    0x01, 0xE5, 0xD8, 0x01, 0x04, 0xE1, 0x01, 0x03, 0xF3, 0x01, 0x81, 0xFC,
    0x01, 0xA2, 0xFB, 0x01, 0x24, 0xC1, 0x01, 0xC4, 0x60, 0x01, 0x00, 0x08,
    0x32, 0x00, 0x00, 0x01, 0x44, 0x21, 0x01, 0x45, 0x29, 0x3A, 0x00, 0x00,
    0x01, 0x00, 0x08, 0x01, 0x83, 0x58, 0x01, 0xC5, 0xB8, 0x01, 0x23, 0xE1,
    0x01, 0x82, 0xF3, 0x01, 0x80, 0xFC, 0x01, 0x23, 0xF3, 0x01, 0x04, 0xB1,
    0x01, 0x82, 0x40, 0x33, 0x00, 0x00, 0x01, 0x44, 0x29, 0x01, 0x45, 0x29,
    0x3B, 0x00, 0x00, 0x01, 0x62, 0x30, 0x01, 0xC4, 0xA8, 0x01, 0x43, 0xD9,
    0x01, 0xA1, 0xFB, 0x01, 0x62, 0xFC, 0x01, 0x23, 0xDA, 0x01, 0xC4, 0x98,
    0x01, 0x61, 0x30, 0x33, 0x00, 0x00, 0x01, 0x44, 0x21, 0x01, 0x45, 0x29,
    0x3B, 0x00, 0x00, 0x01, 0x21, 0x20, 0x01, 0xC4, 0x90, 0x01, 0x63, 0xD1,
    0x01, 0x02, 0xFC, 0x01, 0x82, 0xF3, 0x01, 0x24, 0xC9, 0x01, 0xE4, 0x78,
    0x01, 0x20, 0x10, 0x33, 0x00, 0x00, 0x01, 0x44, 0x21, 0x01, 0x45, 0x29,
    0x3B, 0x00, 0x00, 0x01, 0x20, 0x18, 0x01, 0xA4, 0x78, 0x01, 0x44, 0xD1,
    0x01, 0xC5, 0xFB, 0x01, 0x64, 0xE2, 0x01, 0xE5, 0xB0, 0x01, 0x82, 0x48,
    0x34, 0x00, 0x00, 0x01, 0x44, 0x21, 0x01, 0x45, 0x29, 0x3B, 0x00, 0x00,
    0x01, 0x00, 0x08, 0x01, 0xC4, 0x70, 0x01, 0x05, 0xD1, 0x01, 0x65, 0xE1,
    0x01, 0x46, 0xD1, 0x01, 0xC4, 0x78, 0x01, 0x00, 0x10, 0x32, 0x00, 0x00,
    0x01, 0x20, 0x00, 0x01, 0x00, 0x00, 0x01, 0x44, 0x21, 0x01, 0x45, 0x29,
    0x3C, 0x00, 0x00, 0x01, 0xA3, 0x68, 0x01, 0x06, 0xD9, 0x01, 0x06, 0xE1,
    0x01, 0x26, 0xA9, 0x01, 0x41, 0x30, 0x35, 0x00, 0x00, 0x01, 0x44, 0x21,
    0x01, 0x45, 0x29, 0x3B, 0x00, 0x00, 0x01, 0x00, 0x10, 0x01, 0xC5, 0x80,
    0x01, 0x27, 0xE1, 0x01, 0x27, 0xC9, 0x01, 0xC4, 0x60, 0x01, 0x00, 0x08,
    0x35, 0x00, 0x00, 0x01, 0x44, 0x21, 0x01, 0x45, 0x29, 0x39, 0x00, 0x00,
    0x01, 0x20, 0x00, 0x01, 0x00, 0x00, 0x01, 0x41, 0x28, 0x01, 0x06, 0xA9,
    0x01, 0x48, 0xC9, 0x01, 0xC4, 0x70, 0x01, 0x20, 0x10, 0x2F, 0x00, 0x00,
    0x02, 0x20, 0x00, 0x05, 0x00, 0x00, 0x01, 0x44, 0x21, 0x01, 0x45, 0x29,
    0x39, 0x00, 0x00, 0x01, 0x20, 0x00, 0x01, 0x00, 0x00, 0x01, 0xE5, 0x60,
    0x01, 0x68, 0xB1, 0x01, 0x05, 0x79, 0x01, 0x20, 0x18, 0x01, 0x00, 0x00,
    0x01, 0x20, 0x00, 0x35, 0x00, 0x00, 0x01, 0x44, 0x21, 0x01, 0x45, 0x29,
    0x3A, 0x00, 0x00, 0x01, 0x62, 0x30, 0x01, 0x88, 0x89, 0x01, 0xE5, 0x60,
    0x01, 0x00, 0x10, 0x38, 0x00, 0x00, 0x01, 0x44, 0x21, 0x01, 0x45, 0x29,
    0x39, 0x00, 0x00, 0x01, 0x41, 0x10, 0x01, 0xA7, 0x61, 0x01, 0xC3, 0x40,
    0x3A, 0x00, 0x00, 0x01, 0x44, 0x21, 0x01, 0x45, 0x29, 0x3A, 0x00, 0x00,
    0x01, 0x20, 0x08, 0x3B, 0x00, 0x00, 0x01, 0x44, 0x21, 0x01, 0x45, 0x29,
    0x76, 0x00, 0x00, 0x01, 0x44, 0x21, 0x01, 0x45, 0x29, 0x36, 0x00, 0x00,
    0x01, 0x20, 0x10, 0x3F, 0x00, 0x00, 0x01, 0x24, 0x21, 0x01, 0x45, 0x29,
    0x35, 0x00, 0x00, 0x01, 0x41, 0x28, 0x01, 0x05, 0x69, 0x01, 0x41, 0x20,
    0x3E, 0x00, 0x00, 0x01, 0x24, 0x21, 0x01, 0x45, 0x29, 0x35, 0x00, 0x00,
    0x01, 0x21, 0x28, 0x01, 0x05, 0x69, 0x01, 0x41, 0x20, 0x3E, 0x00, 0x00,
    0x01, 0x44, 0x21, 0x01, 0x45, 0x29, 0x35, 0x00, 0x00, 0x01, 0x61, 0x18,
    0x01, 0xC3, 0x38, 0x3F, 0x00, 0x00, 0x01, 0x44, 0x21, 0x01, 0x65, 0x29,
    0x76, 0x00, 0x00, 0x01, 0x44, 0x21, 0x01, 0x65, 0x29, 0x76, 0x00, 0x00,
    0x01, 0x44, 0x21, 0x01, 0x65, 0x29, 0x76, 0x00, 0x00, 0x01, 0x44, 0x21,
    0x01, 0x65, 0x29, 0x76, 0x00, 0x00, 0x01, 0x44, 0x21, 0x01, 0x65, 0x29,
    0x76, 0x00, 0x00, 0x01, 0x44, 0x21, 0x01, 0x65, 0x29, 0x74, 0x00, 0x00,
    0x01, 0x20, 0x00, 0x01, 0x00, 0x00, 0x01, 0x44, 0x21, 0x01, 0x65, 0x29,
    0x76, 0x00, 0x00, 0x01, 0x44, 0x29, 0x01, 0x65, 0x29, 0x76, 0x00, 0x00,
    0x01, 0x44, 0x21, 0x01, 0x65, 0x29, 0x76, 0x00, 0x00, 0x01, 0x44, 0x21,
    0x01, 0x65, 0x29, 0x76, 0x00, 0x00, 0x02, 0x45, 0x29, 0x76, 0x00, 0x00,
    0x01, 0x45, 0x29, 0x01, 0x65, 0x29, 0x76, 0x00, 0x00, 0x01, 0x45, 0x29,
    0x01, 0x65, 0x29, 0x76, 0x00, 0x00, 0x01, 0x45, 0x29, 0x01, 0x65, 0x29,
    0x76, 0x00, 0x00, 0x01, 0x45, 0x29, 0x01, 0x65, 0x29, 0x74, 0x00, 0x00,
    0x01, 0x20, 0x00, 0x01, 0x00, 0x00, 0x01, 0x45, 0x29, 0x01, 0x65, 0x29,
    0x76, 0x00, 0x00, 0x01, 0x45, 0x29, 0x01, 0x65, 0x29, 0x76, 0x00, 0x00,
    0x01, 0x45, 0x29, 0x01, 0x65, 0x29, 0x76, 0x00, 0x00, 0x02, 0x65, 0x29,
    0x76, 0x00, 0x00, 0x01, 0x45, 0x29, 0x01, 0x65, 0x29, 0x76, 0x00, 0x00,
    0x02, 0x65, 0x29, 0x76, 0x00, 0x00, 0x02, 0x65, 0x29, 0x76, 0x00, 0x00,
    0x02, 0x65, 0x29, 0x76, 0x00, 0x00, 0x01, 0x44, 0x29, 0x01, 0x65, 0x29,
    0x01, 0x00, 0x00, 0x01, 0x20, 0x00, 0x17, 0x00, 0x00, 0x01, 0x20, 0x00,
    0x2A, 0x00, 0x00, 0x01, 0x20, 0x00, 0x0B, 0x00, 0x00, 0x01, 0x20, 0x00,
    0x0A, 0x00, 0x00, 0x01, 0x20, 0x00, 0x07, 0x00, 0x00, 0x01, 0x20, 0x00,
    0x03, 0x00, 0x00, 0x01, 0x20, 0x00, 0x05, 0x00, 0x00, 0x01, 0x20, 0x00,
    0x06, 0x00, 0x00, 0x01, 0x20, 0x00, 0x01, 0x00, 0x00, 0x02, 0x45, 0x29,
    0x76, 0x00, 0x00, 0x01, 0x24, 0x21, 0x01, 0x48, 0x42, 0x01, 0x04, 0x21,
    0x01, 0x24, 0x21, 0x04, 0x04, 0x21, 0x01, 0x24, 0x21, 0x01, 0x04, 0x21,
    0x02, 0x24, 0x21, 0x09, 0x04, 0x21, 0x01, 0x24, 0x21, 0x02, 0x04, 0x21,
    0x01, 0x24, 0x21, 0x0C, 0x04, 0x21, 0x12, 0x24, 0x21, 0x01, 0x04, 0x21,
    0x03, 0x24, 0x21, 0x01, 0x04, 0x21, 0x01, 0x24, 0x21, 0x05, 0x04, 0x21,
    0x01, 0x24, 0x21, 0x03, 0x04, 0x21, 0x02, 0x24, 0x21, 0x02, 0x04, 0x21,
    0x04, 0x24, 0x21, 0x04, 0x04, 0x21, 0x06, 0x24, 0x21, 0x01, 0x04, 0x21,
    0x05, 0x24, 0x21, 0x07, 0x04, 0x21, 0x07, 0x24, 0x21, 0x0A, 0x04, 0x21,
    0x01, 0x24, 0x21, 0x01, 0x04, 0x21, 0x01, 0x28, 0x42
};
const uint16_t sprite_frame_03_size = 6609;

const uint8_t PROGMEM sprite_frame_05_rle[] = {
    0x01, 0x07, 0x3A, 0x01, 0xE3, 0x18, 0x01, 0x03, 0x21, 0x06, 0x03, 0x19,
    0x01, 0xE3, 0x18, 0x03, 0x03, 0x19, 0x2D, 0xE3, 0x18, 0x01, 0xC3, 0x18,
    0x26, 0xE3, 0x18, 0x01, 0xC3, 0x18, 0x02, 0xE3, 0x18, 0x01, 0xC3, 0x18,
    0x12, 0xE3, 0x18, 0x01, 0xE7, 0x39, 0x01, 0x24, 0x21, 0x76, 0x00, 0x00,
    0x01, 0x04, 0x21, 0x01, 0x44, 0x21, 0x01, 0x00, 0x00, 0x01, 0x20, 0x00,
    0x08, 0x00, 0x00, 0x02, 0x20, 0x00, 0x20, 0x00, 0x00, 0x01, 0x20, 0x00,
    0x04, 0x00, 0x00, 0x01, 0x20, 0x00, 0x44, 0x00, 0x00, 0x02, 0x24, 0x21,
    0x76, 0x00, 0x00, 0x02, 0x24, 0x21, 0x76, 0x00, 0x00, 0x02, 0x24, 0x21,
    0x76, 0x00, 0x00, 0x02, 0x24, 0x21, 0x76, 0x00, 0x00, 0x02, 0x24, 0x21,
    0x1E, 0x00, 0x00, 0x01, 0x20, 0x00, 0x57, 0x00, 0x00, 0x02, 0x24, 0x21,
    0x76, 0x00, 0x00, 0x02, 0x24, 0x21, 0x76, 0x00, 0x00, 0x02, 0x24, 0x21,
    0x76, 0x00, 0x00, 0x02, 0x24, 0x21, 0x76, 0x00, 0x00, 0x02, 0x24, 0x21,
    0x76, 0x00, 0x00, 0x02, 0x44, 0x21, 0x76, 0x00, 0x00, 0x01, 0x24, 0x21,
    0x01, 0x44, 0x21, 0x76, 0x00, 0x00, 0x02, 0x24, 0x21, 0x36, 0x00, 0x00,
    0x01, 0x00, 0x08, 0x01, 0x41, 0x18, 0x02, 0x21, 0x20, 0x03, 0x21, 0x18,
    0x01, 0x20, 0x10, 0x01, 0x20, 0x08, 0x37, 0x00, 0x00, 0x01, 0x44, 0x21,
    0x01, 0x24, 0x21, 0x1F, 0x00, 0x00, 0x02, 0x20, 0x00, 0x10, 0x00, 0x00,
    0x01, 0x00, 0x08, 0x01, 0x41, 0x18, 0x01, 0x61, 0x28, 0x01, 0x62, 0x38,
    0x01, 0x62, 0x40, 0x01, 0x63, 0x40, 0x01, 0xA4, 0x60, 0x01, 0x84, 0x68,
    0x01, 0x84, 0x60, 0x01, 0xA4, 0x60, 0x02, 0x84, 0x60, 0x01, 0xA4, 0x60,
    0x01, 0xC4, 0x58, 0x01, 0x21, 0x20, 0x01, 0x41, 0x20, 0x01, 0x41, 0x18,
    0x01, 0x00, 0x08, 0x0C, 0x00, 0x00, 0x03, 0x20, 0x00, 0x24, 0x00, 0x00,
    0x01, 0x44, 0x21, 0x01, 0x24, 0x21, 0x2E, 0x00, 0x00, 0x01, 0x20, 0x10,
    0x01, 0x41, 0x20, 0x01, 0x82, 0x40, 0x01, 0x63, 0x50, 0x01, 0xA4, 0x68,
    0x01, 0xA4, 0x70, 0x01, 0x84, 0x70, 0x01, 0x84, 0x78, 0x09, 0x64, 0x78,
    0x01, 0x84, 0x70, 0x01, 0xA4, 0x70, 0x01, 0xA4, 0x78, 0x01, 0xA4, 0x60,
    0x01, 0x43, 0x48, 0x01, 0x22, 0x30, 0x01, 0x21, 0x18, 0x01, 0x00, 0x08,
    0x2F, 0x00, 0x00, 0x01, 0x44, 0x21, 0x01, 0x24, 0x21, 0x29, 0x00, 0x00,
    0x01, 0x20, 0x00, 0x02, 0x00, 0x00, 0x01, 0x20, 0x18, 0x01, 0x62, 0x40,
    0x01, 0x83, 0x68, 0x01, 0xA4, 0x70, 0x01, 0x85, 0x78, 0x01, 0x85, 0x80,
    0x0E, 0x64, 0x78, 0x01, 0x44, 0x78, 0x01, 0x84, 0x80, 0x01, 0xE5, 0xB1,
    0x01, 0x45, 0xBA, 0x01, 0x64, 0x99, 0x01, 0xC3, 0x80, 0x01, 0x63, 0x60,
    0x01, 0x62, 0x30, 0x01, 0x20, 0x10, 0x2B, 0x00, 0x00, 0x01, 0x20, 0x00,
    0x01, 0x00, 0x00, 0x01, 0x44, 0x21, 0x01, 0x24, 0x21, 0x2A, 0x00, 0x00,
    0x01, 0x20, 0x18, 0x01, 0x83, 0x40, 0x01, 0xA5, 0x70, 0x01, 0x85, 0x80,
    0x01, 0xC5, 0x98, 0x01, 0x85, 0x90, 0x02, 0x64, 0x80, 0x10, 0x64, 0x78,
    0x01, 0x83, 0x80, 0x01, 0x24, 0xBA, 0x01, 0xC5, 0xEB, 0x01, 0x84, 0xEB,
    0x01, 0x03, 0xBA, 0x01, 0xE4, 0x90, 0x01, 0x84, 0x68, 0x01, 0x42, 0x30,
    0x01, 0x00, 0x08, 0x2B, 0x00, 0x00, 0x01, 0x44, 0x21, 0x01, 0x24, 0x21,
    0x29, 0x00, 0x00, 0x01, 0x62, 0x38, 0x01, 0xA4, 0x68, 0x01, 0xA5, 0x80,
    0x01, 0xA5, 0x98, 0x01, 0x45, 0xC1, 0x01, 0x46, 0xC1, 0x01, 0x84, 0x88,
    0x02, 0x64, 0x80, 0x06, 0x64, 0x78, 0x01, 0x44, 0x78, 0x03, 0x44, 0x70,
    0x01, 0x44, 0x78, 0x05, 0x64, 0x78, 0x01, 0x44, 0x78, 0x01, 0x23, 0x78,
    0x01, 0xE2, 0x90, 0x01, 0x43, 0xDB, 0x01, 0xA4, 0xFC, 0x01, 0xA3, 0xEB,
    0x01, 0xE3, 0xB9, 0x01, 0xA4, 0x88, 0x01, 0x63, 0x60, 0x01, 0x41, 0x30,
    0x01, 0x00, 0x08, 0x29, 0x00, 0x00, 0x01, 0x44, 0x21, 0x01, 0x24, 0x21,
    0x27, 0x00, 0x00, 0x01, 0x00, 0x08, 0x01, 0x82, 0x48, 0x01, 0xC5, 0x80,
    0x01, 0xA5, 0x90, 0x01, 0x04, 0xC1, 0x01, 0xA5, 0xE9, 0x01, 0x85, 0xD9,
    0x01, 0x84, 0x90, 0x01, 0x64, 0x80, 0x01, 0x65, 0x80, 0x01, 0x85, 0x80,
    0x01, 0x65, 0x80, 0x01, 0x65, 0x78, 0x01, 0x44, 0x78, 0x01, 0x24, 0x70,
    0x01, 0x23, 0x70, 0x01, 0x63, 0x78, 0x02, 0xA2, 0x78, 0x01, 0xC2, 0x80,
    0x01, 0xA2, 0x78, 0x01, 0x82, 0x78, 0x01, 0x62, 0x78, 0x01, 0x23, 0x70,
    0x02, 0x24, 0x70, 0x01, 0x44, 0x78, 0x01, 0x64, 0x78, 0x01, 0x64, 0x80,
    0x01, 0x43, 0x78, 0x01, 0x62, 0x78, 0x01, 0xC3, 0xCA, 0x01, 0xC2, 0xFC,
    0x01, 0x62, 0xFC, 0x01, 0x03, 0xDB, 0x01, 0x04, 0xA1, 0x01, 0x84, 0x78,
    0x01, 0x83, 0x48, 0x01, 0x00, 0x08, 0x28, 0x00, 0x00, 0x02, 0x44, 0x21,
    0x26, 0x00, 0x00, 0x01, 0x00, 0x08, 0x01, 0x83, 0x48, 0x01, 0xA5, 0x80,
    0x01, 0xE5, 0xA0, 0x01, 0xA5, 0xD9, 0x01, 0xC4, 0xF9, 0x01, 0x84, 0xE1,
    0x01, 0x83, 0x90, 0x01, 0x65, 0x80, 0x02, 0x85, 0x80, 0x01, 0x64, 0x80,
    0x01, 0x44, 0x80, 0x01, 0x83, 0x88, 0x01, 0x23, 0x99, 0x01, 0x63, 0xBA,
    0x01, 0xA2, 0xBA, 0x01, 0xC3, 0xD3, 0x01, 0xE2, 0xEC, 0x01, 0x22, 0xED,
    0x01, 0x23, 0xED, 0x01, 0x22, 0xED, 0x01, 0x02, 0xED, 0x01, 0x83, 0xE4,
    0x01, 0xE2, 0xBA, 0x01, 0xC2, 0xA1, 0x01, 0xC3, 0xA1, 0x01, 0xE3, 0x88,
    0x01, 0x03, 0x70, 0x01, 0x44, 0x78, 0x02, 0x64, 0x78, 0x01, 0x42, 0x78,
    0x01, 0xA3, 0xCA, 0x01, 0xA2, 0xFC, 0x01, 0x81, 0xFC, 0x01, 0xC3, 0xF3,
    0x01, 0xE3, 0xB9, 0x01, 0xA3, 0x80, 0x01, 0x83, 0x48, 0x01, 0x00, 0x08,
    0x27, 0x00, 0x00, 0x01, 0x44, 0x21, 0x01, 0x24, 0x21, 0x25, 0x00, 0x00,
    0x01, 0x00, 0x08, 0x01, 0xA3, 0x48, 0x01, 0xA5, 0x78, 0x01, 0xE5, 0xA0,
    0x01, 0xC4, 0xE1, 0x01, 0xE4, 0xF9, 0x01, 0xE4, 0xF1, 0x01, 0xC4, 0xA8,
    0x01, 0x64, 0x78, 0x01, 0x84, 0x80, 0x01, 0x64, 0x80, 0x01, 0x63, 0x80,
    0x01, 0x24, 0xA1, 0x01, 0x23, 0xBA, 0x01, 0xE4, 0xDB, 0x01, 0x64, 0xF5,
    0x01, 0x83, 0xFE, 0x01, 0xC3, 0xFE, 0x01, 0xE2, 0xFE, 0x01, 0x25, 0xFF,
    0x01, 0x6C, 0xFF, 0x01, 0xB2, 0xFF, 0x01, 0x8F, 0xFF, 0x01, 0x27, 0xFF,
    0x01, 0xE1, 0xFE, 0x01, 0xC2, 0xFE, 0x01, 0x83, 0xFE, 0x01, 0x64, 0xFE,
    0x01, 0xE4, 0xEC, 0x01, 0x03, 0xBB, 0x01, 0x63, 0x99, 0x01, 0x43, 0x78,
    0x02, 0x44, 0x78, 0x01, 0x63, 0x80, 0x01, 0xC3, 0xCA, 0x01, 0x82, 0xFC,
    0x01, 0x60, 0xFC, 0x01, 0x42, 0xFC, 0x01, 0x02, 0xBA, 0x01, 0x63, 0x80,
    0x01, 0xA3, 0x50, 0x01, 0x00, 0x08, 0x26, 0x00, 0x00, 0x01, 0x44, 0x21,
    0x01, 0x24, 0x21, 0x25, 0x00, 0x00, 0x01, 0x62, 0x38, 0x01, 0xA4, 0x78,
    0x01, 0x25, 0xB1, 0x01, 0xA4, 0xE1, 0x01, 0xC3, 0xF1, 0x01, 0xC3, 0xF9,
    0x01, 0xA4, 0xD9, 0x01, 0x84, 0x88, 0x01, 0x64, 0x80, 0x01, 0x83, 0x90,
    0x01, 0x83, 0xB1, 0x01, 0xE3, 0xD2, 0x01, 0xE4, 0xF4, 0x01, 0x43, 0xFE,
    0x01, 0xE3, 0xFE, 0x02, 0x02, 0xFF, 0x01, 0x04, 0xFF, 0x01, 0x6E, 0xFF,
    0x01, 0xD7, 0xFF, 0x01, 0xFC, 0xFF, 0x01, 0xFF, 0xFF, 0x01, 0xFE, 0xFF,
    0x01, 0xFA, 0xFF, 0x01, 0x6F, 0xFF, 0x01, 0x04, 0xFF, 0x01, 0x01, 0xFF,
    0x02, 0x02, 0xFF, 0x01, 0xC3, 0xFE, 0x01, 0xA4, 0xFD, 0x01, 0xE3, 0xC2,
    0x01, 0xA3, 0x88, 0x01, 0x24, 0x78, 0x01, 0x44, 0x78, 0x01, 0x62, 0x80,
    0x01, 0x23, 0xD3, 0x01, 0x61, 0xFC, 0x01, 0x40, 0xFC, 0x01, 0x22, 0xFC,
    0x01, 0xC2, 0xB9, 0x01, 0x43, 0x78, 0x01, 0xA3, 0x48, 0x01, 0x00, 0x08,
    0x25, 0x00, 0x00, 0x01, 0x44, 0x21, 0x01, 0x24, 0x21, 0x24, 0x00, 0x00,
    0x01, 0x41, 0x28, 0x01, 0xA5, 0x70, 0x01, 0x05, 0xA9, 0x01, 0xC4, 0xF1,
    0x01, 0xC3, 0xF9, 0x01, 0xC3, 0xF1, 0x01, 0xC3, 0xF9, 0x01, 0x03, 0xB9,
    0x01, 0x43, 0x80, 0x01, 0x03, 0xA9, 0x01, 0xE3, 0xE2, 0x01, 0xC2, 0xFC,
    0x01, 0x43, 0xFE, 0x01, 0xE2, 0xFE, 0x01, 0x02, 0xFF, 0x01, 0xE2, 0xFE,
    0x01, 0x02, 0xFF, 0x01, 0xE3, 0xFE, 0x01, 0x71, 0xFF, 0x01, 0xFE, 0xFF,
    0x06, 0xFF, 0xFF, 0x01, 0xB4, 0xFF, 0x01, 0x05, 0xFF, 0x02, 0x02, 0xFF,
    0x01, 0xE2, 0xFE, 0x01, 0xC2, 0xFE, 0x01, 0x43, 0xFE, 0x01, 0x23, 0xE4,
    0x01, 0x22, 0xA1, 0x01, 0x43, 0x78, 0x01, 0x24, 0x78, 0x01, 0x63, 0xA9,
    0x01, 0x02, 0xFC, 0x01, 0x40, 0xFC, 0x01, 0x00, 0xFC, 0x01, 0xA2, 0xF3,
    0x01, 0x02, 0xA1, 0x01, 0x44, 0x70, 0x01, 0x62, 0x38, 0x25, 0x00, 0x00,
    0x01, 0x24, 0x21, 0x01, 0x44, 0x21, 0x23, 0x00, 0x00, 0x01, 0x00, 0x08,
    0x01, 0x83, 0x58, 0x01, 0xE5, 0x90, 0x01, 0xC4, 0xE1, 0x04, 0xC3, 0xF1,
    0x01, 0x02, 0xB9, 0x01, 0xA3, 0xC1, 0x01, 0x83, 0xF3, 0x01, 0x82, 0xFD,
    0x01, 0x82, 0xFE, 0x01, 0xE1, 0xFE, 0x01, 0x01, 0xFF, 0x01, 0xE2, 0xFE,
    0x01, 0x02, 0xFF, 0x01, 0xE2, 0xFE, 0x01, 0x2A, 0xF7, 0x01, 0xFC, 0xFF,
    0x07, 0xFF, 0xFF, 0x01, 0xFE, 0xFF, 0x01, 0x6E, 0xFF, 0x04, 0x02, 0xFF,
    0x01, 0xC1, 0xFE, 0x01, 0x02, 0xFE, 0x01, 0x22, 0xF4, 0x01, 0xE2, 0xB9,
    0x01, 0x22, 0x78, 0x01, 0xA2, 0x90, 0x01, 0x61, 0xF3, 0x01, 0x40, 0xFC,
    0x02, 0x00, 0xFC, 0x01, 0x42, 0xEB, 0x01, 0xA2, 0x90, 0x01, 0x64, 0x68,
    0x01, 0x41, 0x20, 0x24, 0x00, 0x00, 0x02, 0x24, 0x21, 0x23, 0x00, 0x00,
    0x01, 0x41, 0x28, 0x01, 0xA4, 0x78, 0x01, 0x65, 0xC1, 0x01, 0xC3, 0xF1,
    0x03, 0xA3, 0xF1, 0x01, 0xC2, 0xF1, 0x01, 0x62, 0xF2, 0x01, 0x62, 0xFB,
    0x01, 0xC1, 0xFC, 0x01, 0x61, 0xFE, 0x01, 0xA1, 0xFE, 0x02, 0xE1, 0xFE,
    0x02, 0x01, 0xFF, 0x01, 0x04, 0xFF, 0x01, 0xB4, 0xFF, 0x09, 0xFF, 0xFF,
    0x01, 0xD8, 0xFF, 0x01, 0x26, 0xFF, 0x04, 0x02, 0xFF, 0x01, 0x81, 0xFE,
    0x01, 0x81, 0xFD, 0x01, 0x21, 0xFC, 0x01, 0x82, 0xD2, 0x01, 0xC2, 0xB9,
    0x01, 0x01, 0xF3, 0x01, 0x00, 0xFC, 0x01, 0x40, 0xFC, 0x01, 0xE0, 0xF3,
    0x01, 0xE1, 0xFB, 0x01, 0x43, 0xCA, 0x01, 0x43, 0x80, 0x01, 0xA4, 0x58,
    0x01, 0x20, 0x08, 0x23, 0x00, 0x00, 0x02, 0x24, 0x21, 0x23, 0x00, 0x00,
    0x01, 0x83, 0x40, 0x01, 0xC5, 0x90, 0x01, 0xA4, 0xD9, 0x03, 0xA3, 0xF1,
    0x01, 0xA2, 0xF1, 0x01, 0x82, 0xF2, 0x01, 0x41, 0xFB, 0x01, 0x00, 0xF4,
    0x01, 0x01, 0xFE, 0x01, 0xA0, 0xFE, 0x01, 0xC0, 0xFE, 0x02, 0xE1, 0xFE,
    0x01, 0x01, 0xFF, 0x01, 0xE0, 0xFE, 0x01, 0x28, 0xFF, 0x01, 0xFC, 0xFF,
    0x0A, 0xFF, 0xFF, 0x01, 0x6F, 0xFF, 0x03, 0x02, 0xFF, 0x02, 0x01, 0xFF,
    0x01, 0x40, 0xFE, 0x01, 0xC0, 0xFC, 0x01, 0x80, 0xFB, 0x01, 0x21, 0xFB,
    0x01, 0xE0, 0xFA, 0x01, 0xC0, 0xF3, 0x01, 0xA1, 0xFC, 0x01, 0xE0, 0xFB,
    0x01, 0xC0, 0xFB, 0x01, 0xA2, 0xF3, 0x01, 0x43, 0xA9, 0x01, 0x64, 0x70,
    0x01, 0xA3, 0x40, 0x23, 0x00, 0x00, 0x02, 0x24, 0x21, 0x22, 0x00, 0x00,
    0x01, 0x61, 0x20, 0x01, 0xC5, 0x68, 0x01, 0x04, 0xA9, 0x01, 0xC3, 0xE9,
    0x01, 0xA2, 0xF1, 0x02, 0xA3, 0xF1, 0x01, 0xE2, 0xF1, 0x01, 0x22, 0xFB,
    0x01, 0x60, 0xFB, 0x01, 0x01, 0xFD, 0x01, 0xA1, 0xFE, 0x01, 0xC0, 0xFE,
    0x02, 0xE0, 0xFE, 0x02, 0x00, 0xFF, 0x01, 0xE0, 0xFE, 0x01, 0x4B, 0xFF,
    0x01, 0xFD, 0xFF, 0x01, 0xFF, 0xFF, 0x01, 0xDA, 0xFF, 0x01, 0xB9, 0xFF,
    0x07, 0xFF, 0xFF, 0x01, 0xD7, 0xFF, 0x01, 0x04, 0xFF, 0x04, 0x01, 0xFF,
    0x01, 0xE1, 0xFE, 0x01, 0xE1, 0xFD, 0x01, 0xA0, 0xF3, 0x01, 0xE0, 0xF2,
    0x01, 0xE0, 0xFA, 0x01, 0x60, 0xF3, 0x01, 0x01, 0xFD, 0x01, 0x20, 0xFC,
    0x01, 0xC0, 0xFB, 0x01, 0x00, 0xFC, 0x01, 0xE2, 0xE2, 0x01, 0x84, 0x90,
    0x01, 0xC4, 0x68, 0x01, 0x40, 0x10, 0x22, 0x00, 0x00, 0x02, 0x24, 0x21,
    0x22, 0x00, 0x00, 0x01, 0x82, 0x30, 0x01, 0xC6, 0x78, 0x01, 0x44, 0xC1,
    0x01, 0xA3, 0xF1, 0x01, 0xA2, 0xF1, 0x01, 0xA3, 0xF1, 0x01, 0xA2, 0xF1,
    0x01, 0x41, 0xF2, 0x01, 0x41, 0xFB, 0x01, 0xE0, 0xF3, 0x01, 0x21, 0xFE,
    0x01, 0xA0, 0xFE, 0x01, 0xE1, 0xFE, 0x02, 0xE0, 0xFE, 0x01, 0xE1, 0xFE,
    0x01, 0x01, 0xFF, 0x01, 0xE2, 0xFE, 0x01, 0x92, 0xFF, 0x01, 0xFF, 0xFF,
    0x01, 0xFA, 0xFF, 0x01, 0x2B, 0xF7, 0x01, 0x4D, 0xF7, 0x01, 0xFE, 0xFF,
    0x06, 0xFF, 0xFF, 0x01, 0xFA, 0xFF, 0x01, 0x26, 0xFF, 0x01, 0x00, 0xFF,
    0x03, 0x01, 0xFF, 0x01, 0x00, 0xFF, 0x01, 0xE1, 0xFE, 0x01, 0x41, 0xF5,
    0x01, 0x20, 0xF3, 0x01, 0xE1, 0xFA, 0x01, 0x40, 0xFB, 0x01, 0x01, 0xFD,
    0x01, 0xA0, 0xFC, 0x01, 0xC0, 0xFB, 0x01, 0xE0, 0xFB, 0x01, 0xE2, 0xFB,
    0x01, 0x43, 0xA9, 0x01, 0xA5, 0x78, 0x01, 0x62, 0x30, 0x22, 0x00, 0x00,
    0x02, 0x24, 0x21, 0x22, 0x00, 0x00, 0x01, 0x82, 0x30, 0x01, 0xE5, 0x80,
    0x01, 0x64, 0xC9, 0x03, 0xA3, 0xF1, 0x01, 0xA2, 0xF1, 0x01, 0x81, 0xF2,
    0x01, 0x80, 0xF3, 0x01, 0x61, 0xFD, 0x01, 0xA1, 0xFE, 0x01, 0xC0, 0xFE,
    0x01, 0xE1, 0xFE, 0x01, 0xE0, 0xFE, 0x01, 0xE1, 0xFE, 0x02, 0x01, 0xFF,
    0x01, 0x03, 0xFF, 0x01, 0xD6, 0xFF, 0x01, 0xFD, 0xFF, 0x01, 0x4C, 0xF7,
    0x01, 0x01, 0xFF, 0x01, 0x06, 0xFF, 0x01, 0xD7, 0xFF, 0x06, 0xFF, 0xFF,
    0x01, 0xFC, 0xFF, 0x01, 0x6C, 0xFF, 0x02, 0x00, 0xFF, 0x01, 0x01, 0xFF,
    0x03, 0x00, 0xFF, 0x01, 0xC1, 0xFE, 0x01, 0x80, 0xF4, 0x01, 0xE0, 0xF2,
    0x01, 0x20, 0xF3, 0x02, 0x20, 0xFD, 0x01, 0x00, 0xFC, 0x01, 0xE0, 0xFB,
    0x01, 0x01, 0xFC, 0x01, 0xC3, 0xDA, 0x01, 0xC4, 0x90, 0x01, 0x62, 0x40,
    0x22, 0x00, 0x00, 0x02, 0x24, 0x21, 0x22, 0x00, 0x00, 0x01, 0x82, 0x30,
    0x01, 0xE6, 0x80, 0x01, 0x84, 0xD1, 0x01, 0xA3, 0xF1, 0x01, 0x82, 0xF1,
    0x01, 0xA3, 0xF1, 0x01, 0xA2, 0xF1, 0x01, 0x21, 0xF3, 0x01, 0x61, 0xFD,
    0x01, 0x81, 0xFE, 0x01, 0xA0, 0xFE, 0x01, 0xC0, 0xFE, 0x02, 0xE0, 0xFE,
    0x01, 0xE1, 0xFE, 0x02, 0x01, 0xFF, 0x01, 0x02, 0xFF, 0x01, 0xD5, 0xFF,
    0x01, 0xB2, 0xFF, 0x01, 0x03, 0xFF, 0x01, 0x21, 0xFF, 0x01, 0x02, 0xFF,
    0x01, 0x2A, 0xF7, 0x01, 0xFB, 0xFF, 0x05, 0xFF, 0xFF, 0x01, 0xFE, 0xFF,
    0x01, 0x90, 0xFF, 0x01, 0x01, 0xFF, 0x01, 0x00, 0xFF, 0x01, 0x01, 0xFF,
    0x03, 0x00, 0xFF, 0x01, 0xE1, 0xFE, 0x01, 0xE0, 0xFD, 0x01, 0xA0, 0xFC,
    0x01, 0x40, 0xF4, 0x01, 0x80, 0xFD, 0x01, 0x60, 0xFD, 0x01, 0x20, 0xFC,
    0x01, 0xE0, 0xFB, 0x01, 0x00, 0xFC, 0x01, 0xE2, 0xFB, 0x01, 0x83, 0xB1,
    0x01, 0x84, 0x58, 0x01, 0x00, 0x10, 0x21, 0x00, 0x00, 0x02, 0x24, 0x21,
    0x22, 0x00, 0x00, 0x01, 0x82, 0x30, 0x01, 0xE6, 0x80, 0x01, 0x84, 0xD1,
    0x01, 0xA3, 0xF1, 0x01, 0xA2, 0xF1, 0x01, 0xA3, 0xF1, 0x01, 0x21, 0xEA,
    0x01, 0x22, 0xFD, 0x01, 0x81, 0xFE, 0x01, 0x80, 0xFE, 0x02, 0xC0, 0xFE,
    0x01, 0xE0, 0xFE, 0x01, 0xE1, 0xFE, 0x03, 0x01, 0xFF, 0x01, 0x02, 0xFF,
    0x01, 0x6B, 0xFF, 0x01, 0x27, 0xFF, 0x01, 0x01, 0xFF, 0x02, 0x22, 0xFF,
    0x01, 0x03, 0xFF, 0x01, 0x6E, 0xFF, 0x01, 0xFD, 0xFF, 0x03, 0xFF, 0xFF,
    0x02, 0xFE, 0xFF, 0x01, 0x92, 0xFF, 0x01, 0x01, 0xFF, 0x05, 0x00, 0xFF,
    0x01, 0xE0, 0xFE, 0x01, 0x00, 0xFE, 0x03, 0xC0, 0xFD, 0x01, 0x80, 0xFD,
    0x01, 0x40, 0xFC, 0x01, 0xE0, 0xFB, 0x01, 0x00, 0xFC, 0x01, 0x01, 0xFC,
    0x01, 0xC3, 0xB9, 0x01, 0x84, 0x70, 0x01, 0x20, 0x20, 0x21, 0x00, 0x00,
    0x02, 0x24, 0x21, 0x22, 0x00, 0x00, 0x01, 0x82, 0x30, 0x01, 0xC6, 0x80,
    0x01, 0x44, 0xC9, 0x01, 0xC3, 0xF1, 0x01, 0xA3, 0xF1, 0x01, 0x82, 0xE9,
    0x01, 0xC2, 0xF3, 0x01, 0x61, 0xFE, 0x01, 0x60, 0xFE, 0x01, 0x80, 0xFE,
    0x01, 0xA0, 0xFE, 0x01, 0xC0, 0xFE, 0x01, 0xE0, 0xFE, 0x01, 0xE1, 0xFE,
    0x04, 0x01, 0xFF, 0x02, 0x22, 0xFF, 0x03, 0x21, 0xFF, 0x01, 0x01, 0xFF,
    0x01, 0x02, 0xFF, 0x01, 0x6D, 0xFF, 0x01, 0xFB, 0xFF, 0x01, 0xFF, 0xFF,
    0x02, 0xFE, 0xFF, 0x01, 0xFF, 0xFF, 0x01, 0xB4, 0xFF, 0x01, 0x02, 0xFF,
    0x01, 0x00, 0xFF, 0x01, 0x01, 0xFF, 0x03, 0x00, 0xFF, 0x01, 0xE1, 0xFE,
    0x01, 0xE0, 0xFD, 0x04, 0xC0, 0xFD, 0x01, 0x60, 0xFC, 0x01, 0xE0, 0xFB,
    0x01, 0x00, 0xFC, 0x01, 0x01, 0xFC, 0x01, 0x03, 0xC2, 0x01, 0xA4, 0x70,
    0x01, 0x20, 0x20, 0x21, 0x00, 0x00, 0x02, 0x24, 0x21, 0x22, 0x00, 0x00,
    0x01, 0x61, 0x28, 0x01, 0xC6, 0x78, 0x01, 0x04, 0xB9, 0x01, 0xE3, 0xF1,
    0x01, 0xA2, 0xF1, 0x01, 0xE1, 0xE9, 0x01, 0xE2, 0xF4, 0x02, 0x60, 0xFE,
    0x01, 0x80, 0xFE, 0x01, 0xA0, 0xFE, 0x01, 0xC0, 0xFE, 0x01, 0x01, 0xFF,
    0x01, 0xE1, 0xFE, 0x01, 0x01, 0xFF, 0x02, 0x21, 0xFF, 0x02, 0x00, 0xFF,
    0x02, 0x01, 0xFF, 0x01, 0x21, 0xFF, 0x02, 0x01, 0xFF, 0x01, 0x00, 0xFF,
    0x01, 0x01, 0xFF, 0x01, 0x4A, 0xF7, 0x01, 0xD7, 0xFF, 0x03, 0xFE, 0xFF,
    0x01, 0xB4, 0xFF, 0x01, 0xE2, 0xFE, 0x01, 0x00, 0xFF, 0x03, 0x01, 0xFF,
    0x01, 0xA0, 0xF5, 0x01, 0x20, 0xFD, 0x01, 0xC0, 0xFC, 0x01, 0x00, 0xFD,
    0x01, 0xC0, 0xFD, 0x01, 0xE0, 0xFD, 0x01, 0xC0, 0xFD, 0x01, 0x60, 0xFC,
    0x01, 0xE0, 0xFB, 0x01, 0x00, 0xFC, 0x01, 0x01, 0xFC, 0x01, 0x03, 0xC2,
    0x01, 0xA4, 0x70, 0x01, 0x20, 0x20, 0x21, 0x00, 0x00, 0x02, 0x24, 0x21,
    0x22, 0x00, 0x00, 0x01, 0x20, 0x18, 0x01, 0xA4, 0x70, 0x01, 0xC5, 0xA0,
    0x01, 0xC4, 0xE9, 0x01, 0xA2, 0xF1, 0x01, 0x41, 0xEA, 0x01, 0x82, 0xFD,
    0x01, 0x40, 0xFE, 0x01, 0x60, 0xFE, 0x01, 0x80, 0xFE, 0x01, 0xC0, 0xFE,
    0x01, 0x21, 0xFE, 0x01, 0xC1, 0xF4, 0x01, 0xC1, 0xFC, 0x01, 0x20, 0xFD,
    0x01, 0xA1, 0xF5, 0x01, 0x61, 0xFE, 0x01, 0x01, 0xFF, 0x01, 0x21, 0xFF,
    0x07, 0x00, 0xFF, 0x01, 0xE0, 0xFE, 0x01, 0x4A, 0xFF, 0x01, 0xF9, 0xFF,
    0x01, 0xFE, 0xFF, 0x01, 0xFF, 0xFF, 0x01, 0xB4, 0xFF, 0x01, 0x02, 0xFF,
    0x02, 0x01, 0xFF, 0x01, 0x21, 0xFF, 0x01, 0xC2, 0xFE, 0x01, 0x20, 0xF4,
    0x02, 0x60, 0xFB, 0x01, 0x80, 0xFB, 0x01, 0x40, 0xFC, 0x01, 0x41, 0xFD,
    0x01, 0xA1, 0xFD, 0x01, 0x40, 0xFC, 0x01, 0xE0, 0xFB, 0x01, 0x00, 0xFC,
    0x01, 0xE1, 0xFB, 0x01, 0xE3, 0xC1, 0x01, 0xA4, 0x68, 0x01, 0x20, 0x20,
    0x21, 0x00, 0x00, 0x02, 0x24, 0x21, 0x22, 0x00, 0x00, 0x01, 0x00, 0x08,
    0x01, 0x84, 0x58, 0x01, 0x86, 0x88, 0x01, 0x84, 0xD1, 0x01, 0xC3, 0xF1,
    0x01, 0x41, 0xEA, 0x01, 0x82, 0xFD, 0x01, 0x40, 0xFE, 0x01, 0x60, 0xFE,
    0x01, 0x41, 0xFE, 0x01, 0x21, 0xF5, 0x01, 0x21, 0xEB, 0x01, 0x40, 0xEA,
    0x01, 0xC0, 0xF2, 0x01, 0xE0, 0xFB, 0x01, 0x00, 0xFC, 0x01, 0x40, 0xF4,
    0x01, 0x20, 0xF5, 0x01, 0x41, 0xFE, 0x01, 0x01, 0xFF, 0x01, 0x20, 0xFF,
    0x06, 0x00, 0xFF, 0x01, 0x01, 0xFF, 0x01, 0x4C, 0xF7, 0x01, 0xFC, 0xFF,
    0x01, 0xFF, 0xFF, 0x01, 0x92, 0xFF, 0x01, 0x02, 0xFF, 0x02, 0x01, 0xFF,
    0x01, 0x21, 0xFF, 0x01, 0x82, 0xFE, 0x01, 0xC0, 0xF3, 0x03, 0x21, 0xFB,
    0x01, 0x00, 0xFB, 0x01, 0x80, 0xFB, 0x01, 0x60, 0xFC, 0x01, 0x00, 0xFC,
    0x01, 0xE0, 0xFB, 0x01, 0x00, 0xFC, 0x01, 0x81, 0xFB, 0x01, 0x23, 0xB1,
    0x01, 0xC4, 0x60, 0x01, 0x20, 0x18, 0x21, 0x00, 0x00, 0x02, 0x24, 0x21,
    0x23, 0x00, 0x00, 0x01, 0x83, 0x40, 0x01, 0x85, 0x78, 0x01, 0x45, 0xB9,
    0x01, 0xE3, 0xF1, 0x01, 0x41, 0xEA, 0x01, 0x42, 0xFD, 0x01, 0x40, 0xFE,
    0x01, 0xC1, 0xFD, 0x01, 0xA1, 0xEB, 0x01, 0x60, 0xEA, 0x01, 0x41, 0xF2,
    0x01, 0x41, 0xFA, 0x01, 0x40, 0xF2, 0x01, 0x20, 0xF3, 0x03, 0x00, 0xFC,
    0x01, 0x40, 0xF4, 0x01, 0x41, 0xF5, 0x01, 0xC1, 0xFE, 0x01, 0x01, 0xFF,
    0x06, 0x00, 0xFF, 0x01, 0x26, 0xFF, 0x01, 0xFA, 0xFF, 0x01, 0xFF, 0xFF,
    0x01, 0x6F, 0xFF, 0x01, 0x02, 0xFF, 0x02, 0x21, 0xFF, 0x01, 0x41, 0xFF,
    0x01, 0x62, 0xFE, 0x01, 0xA0, 0xF3, 0x02, 0x21, 0xFB, 0x01, 0x20, 0xFB,
    0x01, 0x21, 0xFB, 0x01, 0x00, 0xFB, 0x01, 0x20, 0xFB, 0x02, 0x60, 0xFB,
    0x01, 0x80, 0xFB, 0x01, 0x02, 0xF3, 0x01, 0xE3, 0xA0, 0x01, 0x83, 0x40,
    0x22, 0x00, 0x00, 0x01, 0x44, 0x21, 0x01, 0x24, 0x21, 0x23, 0x00, 0x00,
    0x01, 0x20, 0x18, 0x01, 0xA4, 0x68, 0x01, 0xC5, 0xA0, 0x01, 0xE4, 0xE9,
    0x01, 0x21, 0xEA, 0x01, 0xE2, 0xF4, 0x01, 0x41, 0xFE, 0x01, 0x61, 0xF4,
    0x01, 0x40, 0xEA, 0x04, 0x41, 0xFA, 0x01, 0x60, 0xF2, 0x01, 0x81, 0xFB,
    0x01, 0x20, 0xFC, 0x02, 0x00, 0xFC, 0x01, 0x00, 0xF4, 0x01, 0x20, 0xF5,
    0x01, 0xE1, 0xFE, 0x04, 0x00, 0xFF, 0x01, 0x01, 0xFF, 0x01, 0x00, 0xFF,
    0x01, 0x04, 0xFF, 0x01, 0xD8, 0xFF, 0x01, 0xFB, 0xFF, 0x01, 0x49, 0xFF,
    0x01, 0x21, 0xFF, 0x01, 0x22, 0xFF, 0x01, 0x21, 0xFF, 0x01, 0x41, 0xFF,
    0x01, 0x62, 0xFE, 0x01, 0xA0, 0xF3, 0x04, 0x21, 0xFB, 0x01, 0x20, 0xFB,
    0x03, 0x00, 0xFB, 0x01, 0x21, 0xFB, 0x01, 0x43, 0xE2, 0x01, 0xC4, 0x90,
    0x01, 0x61, 0x38, 0x22, 0x00, 0x00, 0x01, 0x44, 0x21, 0x01, 0x24, 0x21,
    0x24, 0x00, 0x00, 0x01, 0x82, 0x40, 0x01, 0xA5, 0x80, 0x01, 0x84, 0xD1,
    0x01, 0x02, 0xF2, 0x01, 0xE1, 0xF3, 0x01, 0xC2, 0xFD, 0x01, 0x20, 0xEB,
    0x01, 0x41, 0xF2, 0x01, 0x61, 0xFA, 0x01, 0x42, 0xF2, 0x01, 0xE3, 0xD1,
    0x01, 0x83, 0xB9, 0x01, 0xA3, 0xB9, 0x01, 0x42, 0xDA, 0x01, 0x81, 0xFB,
    0x02, 0x00, 0xFC, 0x01, 0x20, 0xFC, 0x01, 0x20, 0xF4, 0x01, 0x01, 0xFE,
    0x01, 0x21, 0xFF, 0x02, 0x00, 0xFF, 0x02, 0x01, 0xFF, 0x01, 0x21, 0xFF,
    0x01, 0x02, 0xFF, 0x01, 0xB2, 0xFF, 0x01, 0xB3, 0xFF, 0x01, 0x03, 0xFF,
    0x03, 0x21, 0xFF, 0x01, 0x42, 0xFF, 0x01, 0x42, 0xFE, 0x01, 0x80, 0xF3,
    0x04, 0x21, 0xFB, 0x02, 0x00, 0xFB, 0x02, 0x20, 0xFB, 0x01, 0x22, 0xFB,
    0x01, 0x63, 0xC9, 0x01, 0xC4, 0x78, 0x01, 0x61, 0x20, 0x22, 0x00, 0x00,
    0x01, 0x44, 0x21, 0x01, 0x24, 0x21, 0x24, 0x00, 0x00, 0x01, 0x00, 0x08,
    0x01, 0xA4, 0x60, 0x01, 0x45, 0xA9, 0x01, 0x03, 0xF2, 0x01, 0xE1, 0xF2,
    0x01, 0x02, 0xFD, 0x01, 0xE0, 0xF2, 0x01, 0x61, 0xF2, 0x01, 0x43, 0xE2,
    0x01, 0x63, 0xA1, 0x01, 0x81, 0x48, 0x01, 0x61, 0x28, 0x01, 0x62, 0x30,
    0x01, 0xE3, 0x68, 0x01, 0xC3, 0xB9, 0x01, 0x42, 0xF3, 0x01, 0x00, 0xFC,
    0x01, 0x20, 0xFC, 0x01, 0x00, 0xFC, 0x01, 0xE0, 0xF4, 0x01, 0xC1, 0xFE,
    0x01, 0x21, 0xFF, 0x02, 0x01, 0xFF, 0x02, 0x21, 0xFF, 0x01, 0x01, 0xFF,
    0x02, 0x48, 0xFF, 0x03, 0x21, 0xFF, 0x01, 0x22, 0xFF, 0x01, 0x82, 0xFE,
    0x01, 0x60, 0xF4, 0x01, 0x40, 0xFB, 0x02, 0x41, 0xFB, 0x01, 0xC1, 0xFA,
    0x01, 0xE1, 0xFA, 0x01, 0x21, 0xFB, 0x02, 0x20, 0xFB, 0x01, 0x41, 0xFB,
    0x01, 0x63, 0xEA, 0x01, 0xC4, 0xA8, 0x01, 0xA3, 0x50, 0x01, 0x00, 0x08,
    0x13, 0x00, 0x00, 0x01, 0x20, 0x00, 0x0C, 0x00, 0x00, 0x01, 0x20, 0x00,
    0x01, 0x00, 0x00, 0x01, 0x44, 0x21, 0x01, 0x24, 0x21, 0x25, 0x00, 0x00,
    0x01, 0x41, 0x28, 0x01, 0xE5, 0x80, 0x01, 0xA4, 0xD1, 0x01, 0x42, 0xF2,
    0x01, 0x22, 0xF4, 0x01, 0x20, 0xF3, 0x01, 0x42, 0xF2, 0x01, 0x43, 0x99,
    0x01, 0x21, 0x20, 0x03, 0x00, 0x00, 0x01, 0x00, 0x08, 0x01, 0xA3, 0x48,
    0x01, 0xC4, 0xB1, 0x01, 0x21, 0xF3, 0x01, 0x00, 0xFC, 0x01, 0x20, 0xFC,
    0x01, 0x60, 0xF4, 0x01, 0x81, 0xFE, 0x01, 0x21, 0xFF, 0x02, 0x01, 0xFF,
    0x07, 0x21, 0xFF, 0x01, 0x22, 0xFF, 0x01, 0x61, 0xFE, 0x01, 0xE0, 0xFC,
    0x01, 0x60, 0xFB, 0x01, 0x40, 0xFB, 0x01, 0x61, 0xFB, 0x01, 0xE2, 0xFA,
    0x01, 0x22, 0xD1, 0x01, 0x82, 0xF2, 0x01, 0x41, 0xFB, 0x01, 0x20, 0xFB,
    0x01, 0x21, 0xFB, 0x01, 0xC2, 0xF2, 0x01, 0x23, 0xC9, 0x01, 0xC4, 0x80,
    0x01, 0x61, 0x28, 0x21, 0x00, 0x00, 0x01, 0x20, 0x00, 0x01, 0x00, 0x00,
    0x02, 0x24, 0x21, 0x26, 0x00, 0x00, 0x01, 0x83, 0x48, 0x01, 0x25, 0xA1,
    0x01, 0x03, 0xEA, 0x01, 0x42, 0xF3, 0x01, 0x81, 0xFB, 0x01, 0x62, 0xEA,
    0x01, 0x03, 0x71, 0x01, 0x00, 0x08, 0x04, 0x00, 0x00, 0x01, 0x00, 0x08,
    0x01, 0xA2, 0x58, 0x01, 0x03, 0xCA, 0x01, 0x41, 0xFB, 0x01, 0x20, 0xFC,
    0x01, 0x40, 0xF4, 0x01, 0x41, 0xFE, 0x01, 0x21, 0xFF, 0x03, 0x01, 0xFF,
    0x04, 0x21, 0xFF, 0x01, 0x41, 0xFF, 0x01, 0x01, 0xFF, 0x01, 0x01, 0xFE,
    0x01, 0x40, 0xFD, 0x01, 0x20, 0xFC, 0x01, 0x60, 0xFB, 0x01, 0x61, 0xFB,
    0x01, 0x02, 0xFB, 0x01, 0x44, 0xD9, 0x01, 0xA4, 0xC0, 0x01, 0xA3, 0xF2,
    0x01, 0x21, 0xFB, 0x01, 0x20, 0xFB, 0x01, 0x41, 0xFB, 0x01, 0x23, 0xEA,
    0x01, 0xA4, 0xA8, 0x01, 0x83, 0x48, 0x22, 0x00, 0x00, 0x01, 0x20, 0x00,
    0x01, 0x00, 0x00, 0x01, 0x44, 0x21, 0x01, 0x24, 0x21, 0x26, 0x00, 0x00,
    0x01, 0x20, 0x10, 0x01, 0xC4, 0x70, 0x01, 0xA4, 0xD1, 0x01, 0xA2, 0xF2,
    0x01, 0x81, 0xFB, 0x01, 0xC2, 0xF2, 0x01, 0x23, 0x81, 0x01, 0x20, 0x18,
    0x05, 0x00, 0x00, 0x01, 0x20, 0x18, 0x01, 0x63, 0x99, 0x01, 0x82, 0xF2,
    0x01, 0xA0, 0xFB, 0x01, 0x00, 0xFC, 0x01, 0xA1, 0xF5, 0x01, 0x21, 0xFF,
    0x01, 0x01, 0xFF, 0x06, 0x21, 0xFF, 0x01, 0xA1, 0xFE, 0x01, 0xA0, 0xFD,
    0x01, 0x40, 0xFD, 0x01, 0xE0, 0xFC, 0x01, 0xA0, 0xFB, 0x01, 0x61, 0xFB,
    0x01, 0xA2, 0xF2, 0x01, 0x84, 0xE1, 0x01, 0xA4, 0xC0, 0x01, 0xE3, 0xB8,
    0x01, 0xE3, 0xFA, 0x01, 0x41, 0xFB, 0x01, 0x20, 0xFB, 0x01, 0x02, 0xFB,
    0x01, 0x43, 0xC1, 0x01, 0xC4, 0x78, 0x01, 0x41, 0x18, 0x22, 0x00, 0x00,
    0x01, 0x20, 0x00, 0x01, 0x00, 0x00, 0x02, 0x24, 0x21, 0x27, 0x00, 0x00,
    0x01, 0x82, 0x40, 0x01, 0x65, 0xB1, 0x01, 0x83, 0xF2, 0x01, 0x21, 0xFB,
    0x01, 0x03, 0xF3, 0x01, 0x63, 0xA1, 0x01, 0x41, 0x30, 0x05, 0x00, 0x00,
    0x01, 0x00, 0x08, 0x01, 0x23, 0x79, 0x01, 0x63, 0xF2, 0x01, 0x61, 0xFB,
    0x01, 0xE0, 0xFB, 0x01, 0x61, 0xF5, 0x01, 0x21, 0xFF, 0x01, 0x01, 0xFF,
    0x02, 0x21, 0xFF, 0x01, 0x01, 0xFF, 0x01, 0x21, 0xFF, 0x01, 0x01, 0xFF,
    0x01, 0x41, 0xFE, 0x01, 0x60, 0xFD, 0x01, 0x20, 0xFD, 0x01, 0x40, 0xFD,
    0x01, 0x40, 0xFC, 0x01, 0x80, 0xFB, 0x01, 0xE2, 0xF2, 0x01, 0x83, 0xE9,
    0x01, 0x25, 0xD1, 0x01, 0xE4, 0x98, 0x01, 0x63, 0xB9, 0x01, 0x22, 0xFB,
    0x01, 0x21, 0xFB, 0x01, 0x41, 0xFB, 0x01, 0x63, 0xEA, 0x01, 0xE3, 0x88,
    0x01, 0x61, 0x30, 0x23, 0x00, 0x00, 0x01, 0x20, 0x00, 0x01, 0x00, 0x00,
    0x01, 0x44, 0x21, 0x01, 0x24, 0x21, 0x27, 0x00, 0x00, 0x01, 0x20, 0x10,
    0x01, 0xE4, 0x80, 0x01, 0x24, 0xE2, 0x02, 0x02, 0xFB, 0x01, 0x24, 0xD2,
    0x01, 0x61, 0x40, 0x01, 0x00, 0x00, 0x01, 0x20, 0x00, 0x03, 0x00, 0x00,
    0x01, 0x20, 0x08, 0x01, 0x44, 0x81, 0x01, 0x83, 0xF2, 0x01, 0x61, 0xFB,
    0x01, 0xC0, 0xFB, 0x01, 0xA1, 0xF5, 0x01, 0x41, 0xFF, 0x04, 0x21, 0xFF,
    0x01, 0xC1, 0xFE, 0x01, 0xC0, 0xF5, 0x02, 0x20, 0xFD, 0x01, 0x40, 0xFD,
    0x01, 0xC0, 0xFC, 0x01, 0xA0, 0xFB, 0x01, 0x41, 0xFB, 0x01, 0x02, 0xEA,
    0x01, 0x44, 0xE1, 0x01, 0xC3, 0x88, 0x01, 0xA2, 0x68, 0x01, 0x24, 0xDA,
    0x01, 0x41, 0xFB, 0x01, 0x40, 0xFB, 0x01, 0x02, 0xFB, 0x01, 0xA4, 0xB1,
    0x01, 0xA2, 0x48, 0x26, 0x00, 0x00, 0x01, 0x44, 0x21, 0x01, 0x24, 0x21,
    0x28, 0x00, 0x00, 0x01, 0x42, 0x38, 0x01, 0xC4, 0xB9, 0x01, 0x03, 0xFB,
    0x01, 0x21, 0xFB, 0x01, 0x63, 0xE2, 0x01, 0x62, 0x48, 0x01, 0x00, 0x00,
    0x01, 0x20, 0x00, 0x03, 0x00, 0x00, 0x01, 0x20, 0x08, 0x01, 0x23, 0x79,
    0x01, 0x82, 0xF2, 0x01, 0xA1, 0xFB, 0x01, 0xC0, 0xFB, 0x01, 0xE1, 0xFD,
    0x01, 0x41, 0xFF, 0x03, 0x21, 0xFF, 0x01, 0xA1, 0xFE, 0x01, 0x80, 0xF5,
    0x01, 0x20, 0xFD, 0x01, 0x40, 0xFD, 0x02, 0x20, 0xFD, 0x01, 0x20, 0xFC,
    0x01, 0x80, 0xFB, 0x01, 0xC1, 0xF2, 0x01, 0x83, 0xE1, 0x01, 0x24, 0xB9,
    0x01, 0x82, 0x40, 0x01, 0xA2, 0x70, 0x01, 0xA3, 0xF2, 0x01, 0x20, 0xFB,
    0x01, 0x41, 0xFB, 0x01, 0x44, 0xCA, 0x01, 0xC3, 0x60, 0x01, 0x00, 0x08,
    0x26, 0x00, 0x00, 0x01, 0x44, 0x21, 0x01, 0x24, 0x21, 0x28, 0x00, 0x00,
    0x01, 0x00, 0x10, 0x01, 0x24, 0x89, 0x01, 0xE3, 0xF2, 0x01, 0x21, 0xFB,
    0x01, 0x63, 0xDA, 0x01, 0x82, 0x48, 0x01, 0x00, 0x00, 0x02, 0x20, 0x00,
    0x02, 0x00, 0x00, 0x01, 0x00, 0x08, 0x01, 0xE2, 0x70, 0x01, 0xC2, 0xF2,
    0x01, 0xA0, 0xFB, 0x01, 0xC0, 0xF3, 0x01, 0x22, 0xFE, 0x01, 0x41, 0xFF,
    0x02, 0x21, 0xFF, 0x01, 0x01, 0xFF, 0x01, 0xA0, 0xF5, 0x04, 0x20, 0xFD,
    0x01, 0xE0, 0xFC, 0x01, 0xC0, 0xF3, 0x01, 0x60, 0xFB, 0x01, 0x41, 0xF2,
    0x01, 0x43, 0xD1, 0x01, 0xE3, 0x78, 0x01, 0x41, 0x30, 0x01, 0x63, 0xA9,
    0x01, 0xE1, 0xFA, 0x01, 0x20, 0xFB, 0x01, 0x84, 0xDA, 0x01, 0x03, 0x69,
    0x01, 0x00, 0x10, 0x27, 0x00, 0x00, 0x01, 0x44, 0x21, 0x01, 0x24, 0x21,
    0x28, 0x00, 0x00, 0x01, 0x00, 0x08, 0x01, 0x03, 0x81, 0x01, 0xE2, 0xF2,
    0x01, 0x21, 0xFB, 0x01, 0x64, 0xDA, 0x01, 0x82, 0x40, 0x01, 0x00, 0x00,
    0x03, 0x20, 0x00, 0x01, 0x00, 0x00, 0x01, 0x41, 0x28, 0x01, 0x84, 0xA9,
    0x01, 0x22, 0xFB, 0x01, 0xA0, 0xFB, 0x01, 0x20, 0xF4, 0x01, 0xA2, 0xFE,
    0x01, 0x41, 0xFF, 0x01, 0x21, 0xFF, 0x01, 0x41, 0xFF, 0x01, 0xE1, 0xFE,
    0x01, 0xA0, 0xF5, 0x02, 0x60, 0xFD, 0x01, 0x80, 0xFD, 0x01, 0xA0, 0xFD,
    0x01, 0xC0, 0xFC, 0x01, 0x80, 0xFB, 0x01, 0x01, 0xFB, 0x01, 0x82, 0xE1,
    0x01, 0x04, 0xA1, 0x01, 0x82, 0x38, 0x01, 0x82, 0x50, 0x01, 0xE3, 0xD1,
    0x01, 0xE1, 0xFA, 0x01, 0x63, 0xD2, 0x01, 0x23, 0x71, 0x01, 0x20, 0x10,
    0x28, 0x00, 0x00, 0x01, 0x44, 0x21, 0x01, 0x24, 0x21, 0x28, 0x00, 0x00,
    0x01, 0x00, 0x10, 0x01, 0x84, 0xA1, 0x01, 0x02, 0xFB, 0x01, 0x21, 0xFB,
    0x01, 0xE4, 0xC1, 0x01, 0x21, 0x30, 0x01, 0x00, 0x00, 0x02, 0x20, 0x00,
    0x01, 0x00, 0x00, 0x01, 0x00, 0x08, 0x01, 0xC3, 0x60, 0x01, 0x04, 0xDA,
    0x01, 0x82, 0xFB, 0x01, 0x80, 0xFB, 0x01, 0xE1, 0xF4, 0x01, 0x22, 0xFF,
    0x04, 0x21, 0xFF, 0x03, 0xE1, 0xFE, 0x01, 0x61, 0xFE, 0x01, 0x61, 0xFD,
    0x01, 0x00, 0xF4, 0x01, 0x60, 0xFB, 0x01, 0x62, 0xF2, 0x01, 0x44, 0xC1,
    0x01, 0xC3, 0x60, 0x01, 0x20, 0x18, 0x01, 0x03, 0x89, 0x01, 0x84, 0xF2,
    0x01, 0x43, 0xD2, 0x01, 0x03, 0x61, 0x01, 0x20, 0x08, 0x29, 0x00, 0x00,
    0x02, 0x24, 0x21, 0x28, 0x00, 0x00, 0x01, 0x00, 0x08, 0x01, 0xC3, 0x99,
    0x01, 0x42, 0xFB, 0x01, 0xC2, 0xEA, 0x01, 0x64, 0x89, 0x01, 0x20, 0x18,
    0x04, 0x00, 0x00, 0x01, 0x41, 0x28, 0x01, 0x64, 0xA1, 0x01, 0xC3, 0xF2,
    0x01, 0x81, 0xFB, 0x01, 0x80, 0xFB, 0x01, 0x81, 0xF5, 0x01, 0x42, 0xFF,
    0x05, 0x21, 0xFF, 0x01, 0x41, 0xFE, 0x01, 0x20, 0xF5, 0x01, 0x40, 0xF4,
    0x01, 0xC0, 0xF3, 0x01, 0x80, 0xFB, 0x01, 0xC2, 0xF2, 0x01, 0xA4, 0xC9,
    0x01, 0x04, 0x79, 0x01, 0x40, 0x18, 0x01, 0x42, 0x40, 0x01, 0xC5, 0xC1,
    0x01, 0x25, 0xDA, 0x01, 0xE3, 0x60, 0x2B, 0x00, 0x00, 0x02, 0x24, 0x21,
    0x28, 0x00, 0x00, 0x01, 0x21, 0x20, 0x01, 0x84, 0xC2, 0x01, 0x83, 0xFB,
    0x01, 0xC3, 0xB1, 0x01, 0x62, 0x38, 0x04, 0x00, 0x00, 0x01, 0x00, 0x08,
    0x01, 0x04, 0x71, 0x01, 0x24, 0xDA, 0x01, 0x41, 0xFB, 0x01, 0x60, 0xFB,
    0x01, 0x00, 0xF4, 0x01, 0xA2, 0xFE, 0x01, 0x42, 0xFF, 0x02, 0x21, 0xFF,
    0x01, 0x42, 0xFF, 0x01, 0xC2, 0xFE, 0x01, 0x41, 0xF5, 0x01, 0x00, 0xF4,
    0x02, 0xC0, 0xFB, 0x01, 0xA0, 0xFB, 0x01, 0x01, 0xFB, 0x01, 0x03, 0xE2,
    0x01, 0x04, 0x89, 0x01, 0x41, 0x20, 0x01, 0x00, 0x08, 0x01, 0x05, 0x79,
    0x01, 0xC6, 0xD1, 0x01, 0x24, 0x81, 0x01, 0x00, 0x10, 0x2B, 0x00, 0x00,
    0x02, 0x24, 0x21, 0x27, 0x00, 0x00, 0x01, 0x00, 0x08, 0x01, 0x04, 0x71,
    0x01, 0x06, 0xE3, 0x01, 0x24, 0xB2, 0x01, 0x82, 0x48, 0x05, 0x00, 0x00,
    0x01, 0x82, 0x48, 0x01, 0xA4, 0xB9, 0x01, 0xE2, 0xFA, 0x02, 0x60, 0xFB,
    0x01, 0xE1, 0xF4, 0x01, 0x22, 0xFF, 0x02, 0x21, 0xFF, 0x01, 0x02, 0xFF,
    0x01, 0xE1, 0xFD, 0x01, 0x60, 0xF4, 0x01, 0xC0, 0xFB, 0x02, 0xE0, 0xFB,
    0x01, 0xC1, 0xFB, 0x01, 0x21, 0xFB, 0x01, 0x43, 0xE2, 0x01, 0x64, 0x99,
    0x01, 0x61, 0x30, 0x01, 0x00, 0x00, 0x01, 0x61, 0x28, 0x01, 0x45, 0xA1,
    0x01, 0x86, 0xA1, 0x01, 0x41, 0x28, 0x2C, 0x00, 0x00, 0x02, 0x24, 0x21,
    0x27, 0x00, 0x00, 0x01, 0x20, 0x08, 0x01, 0xC3, 0x50, 0x01, 0xE3, 0x58,
    0x01, 0x20, 0x20, 0x05, 0x00, 0x00, 0x01, 0xA3, 0x48, 0x01, 0x44, 0xA9,
    0x01, 0x62, 0xEA, 0x02, 0x40, 0xFB, 0x01, 0x80, 0xF3, 0x01, 0xC1, 0xFD,
    0x02, 0x21, 0xFF, 0x01, 0x02, 0xFF, 0x01, 0x21, 0xF5, 0x01, 0xC0, 0xF3,
    0x01, 0xC0, 0xFB, 0x02, 0xE0, 0xFB, 0x01, 0xC1, 0xFB, 0x01, 0x22, 0xFB,
    0x01, 0x43, 0xE2, 0x01, 0x64, 0x99, 0x01, 0x81, 0x38, 0x02, 0x00, 0x00,
    0x01, 0xC3, 0x48, 0x01, 0x46, 0xA9, 0x01, 0x82, 0x40, 0x2D, 0x00, 0x00,
    0x02, 0x24, 0x21, 0x2E, 0x00, 0x00, 0x01, 0x20, 0x10, 0x01, 0xE3, 0x68,
    0x01, 0x44, 0xB1, 0x01, 0x43, 0xEA, 0x01, 0x00, 0xFB, 0x02, 0x40, 0xFB,
    0x01, 0x40, 0xF4, 0x01, 0xA1, 0xFE, 0x01, 0x21, 0xFF, 0x01, 0x02, 0xFF,
    0x01, 0x21, 0xF5, 0x01, 0xA0, 0xF3, 0x01, 0xC0, 0xFB, 0x02, 0xE0, 0xFB,
    0x01, 0xA1, 0xFB, 0x01, 0xE2, 0xFA, 0x01, 0x24, 0xE2, 0x01, 0x44, 0x99,
    0x01, 0x41, 0x30, 0x01, 0x00, 0x00, 0x01, 0x20, 0x00, 0x01, 0x00, 0x00,
    0x01, 0xC4, 0x50, 0x01, 0xC4, 0x68, 0x01, 0x00, 0x08, 0x2D, 0x00, 0x00,
    0x02, 0x24, 0x21, 0x24, 0x00, 0x00, 0x01, 0x20, 0x00, 0x08, 0x00, 0x00,
    0x01, 0x41, 0x28, 0x01, 0x25, 0x89, 0x01, 0x84, 0xD1, 0x01, 0x62, 0xF2,
    0x01, 0x00, 0xFB, 0x01, 0x20, 0xFB, 0x01, 0x40, 0xFB, 0x01, 0x60, 0xF3,
    0x01, 0xA1, 0xFD, 0x01, 0x01, 0xFF, 0x01, 0x21, 0xFF, 0x01, 0x81, 0xF5,
    0x01, 0xA0, 0xF3, 0x02, 0xC0, 0xFB, 0x01, 0xC1, 0xFB, 0x01, 0x61, 0xFB,
    0x01, 0xA3, 0xF2, 0x01, 0xE4, 0xD1, 0x01, 0x44, 0x89, 0x01, 0x41, 0x30,
    0x01, 0x00, 0x00, 0x01, 0x20, 0x00, 0x01, 0x40, 0x00, 0x01, 0x20, 0x00,
    0x02, 0x20, 0x18, 0x01, 0x00, 0x00, 0x01, 0x20, 0x00, 0x2C, 0x00, 0x00,
    0x02, 0x24, 0x21, 0x01, 0x00, 0x00, 0x01, 0x20, 0x00, 0x23, 0x00, 0x00,
    0x01, 0x20, 0x10, 0x01, 0x41, 0x20, 0x01, 0x00, 0x08, 0x04, 0x00, 0x00,
    0x01, 0x62, 0x38, 0x01, 0x45, 0xA1, 0x01, 0xC3, 0xE1, 0x01, 0xA1, 0xFA,
    0x02, 0x20, 0xFB, 0x01, 0x40, 0xFB, 0x01, 0x40, 0xF3, 0x01, 0xC1, 0xF4,
    0x01, 0xC1, 0xFE, 0x01, 0x01, 0xFF, 0x01, 0x21, 0xFE, 0x01, 0xE0, 0xF3,
    0x02, 0xA0, 0xFB, 0x01, 0xC1, 0xFB, 0x01, 0x41, 0xFB, 0x01, 0x43, 0xEA,
    0x01, 0xA4, 0xC1, 0x01, 0xC2, 0x60, 0x01, 0x00, 0x10, 0x01, 0x00, 0x00,
    0x09, 0x20, 0x00, 0x2B, 0x00, 0x00, 0x02, 0x24, 0x21, 0x01, 0x00, 0x00,
    0x01, 0x20, 0x00, 0x22, 0x00, 0x00, 0x01, 0x62, 0x40, 0x01, 0xE6, 0x98,
    0x01, 0x27, 0x99, 0x01, 0x61, 0x28, 0x01, 0x00, 0x00, 0x01, 0x20, 0x00,
    0x01, 0x00, 0x00, 0x01, 0x62, 0x38, 0x01, 0x25, 0xA1, 0x01, 0xE4, 0xE1,
    0x01, 0xE1, 0xFA, 0x02, 0x20, 0xFB, 0x01, 0x40, 0xFB, 0x01, 0x20, 0xFB,
    0x01, 0xC0, 0xF3, 0x01, 0x82, 0xFE, 0x01, 0x01, 0xFF, 0x01, 0xE1, 0xFE,
    0x01, 0xA0, 0xF4, 0x01, 0x80, 0xF3, 0x02, 0xA0, 0xFB, 0x01, 0x22, 0xFB,
    0x01, 0x23, 0xE2, 0x01, 0x84, 0xA9, 0x01, 0xA2, 0x50, 0x01, 0x00, 0x08,
    0x01, 0x00, 0x00, 0x07, 0x20, 0x00, 0x01, 0x00, 0x00, 0x01, 0x00, 0x08,
    0x01, 0x00, 0x00, 0x02, 0x20, 0x00, 0x01, 0x00, 0x00, 0x01, 0x20, 0x00,
    0x25, 0x00, 0x00, 0x01, 0x20, 0x00, 0x01, 0x00, 0x00, 0x02, 0x24, 0x21,
    0x23, 0x00, 0x00, 0x01, 0x63, 0x48, 0x01, 0x07, 0xB9, 0x01, 0x27, 0xE1,
    0x01, 0xC3, 0x80, 0x01, 0x20, 0x18, 0x02, 0x00, 0x00, 0x01, 0x41, 0x20,
    0x01, 0x25, 0x89, 0x01, 0xA4, 0xD9, 0x01, 0xE2, 0xFA, 0x01, 0x40, 0xFB,
    0x01, 0x20, 0xFB, 0x02, 0x40, 0xFB, 0x01, 0xE0, 0xF2, 0x01, 0xC1, 0xF4,
    0x01, 0xE1, 0xFE, 0x01, 0x01, 0xFF, 0x01, 0x41, 0xFE, 0x01, 0xE0, 0xF3,
    0x01, 0x80, 0xFB, 0x01, 0xA0, 0xFB, 0x01, 0x21, 0xF3, 0x01, 0xE3, 0xD9,
    0x01, 0x64, 0xA1, 0x01, 0x82, 0x38, 0x04, 0x00, 0x00, 0x06, 0x20, 0x00,
    0x01, 0x41, 0x20, 0x01, 0x05, 0x71, 0x01, 0x82, 0x40, 0x01, 0x00, 0x00,
    0x03, 0x20, 0x00, 0x27, 0x00, 0x00, 0x02, 0x24, 0x21, 0x22, 0x00, 0x00,
    0x01, 0x41, 0x20, 0x01, 0xE6, 0x90, 0x01, 0x27, 0xE9, 0x01, 0x05, 0xD1,
    0x01, 0x82, 0x48, 0x01, 0x00, 0x00, 0x02, 0x00, 0x08, 0x01, 0x83, 0x50,
    0x01, 0x66, 0xC1, 0x01, 0x62, 0xFA, 0x01, 0x41, 0xFB, 0x01, 0x40, 0xFB,
    0x02, 0x20, 0xFB, 0x01, 0x40, 0xF3, 0x01, 0x41, 0xF4, 0x01, 0x21, 0xFE,
    0x01, 0xE1, 0xFE, 0x01, 0x01, 0xFF, 0x01, 0xC1, 0xF5, 0x01, 0x80, 0xF3,
    0x01, 0xA0, 0xFB, 0x01, 0x61, 0xFB, 0x01, 0x02, 0xE2, 0x01, 0x44, 0xA1,
    0x01, 0x82, 0x38, 0x06, 0x00, 0x00, 0x04, 0x20, 0x00, 0x01, 0x00, 0x08,
    0x01, 0xC4, 0x70, 0x01, 0x67, 0xD1, 0x01, 0x05, 0x91, 0x01, 0x20, 0x18,
    0x01, 0x00, 0x00, 0x01, 0x20, 0x00, 0x28, 0x00, 0x00, 0x01, 0x44, 0x21,
    0x01, 0x24, 0x21, 0x22, 0x00, 0x00, 0x01, 0x41, 0x30, 0x01, 0x27, 0xA1,
    0x01, 0x26, 0xE9, 0x01, 0x04, 0xB1, 0x01, 0x20, 0x28, 0x02, 0x00, 0x00,
    0x01, 0x00, 0x18, 0x01, 0xE5, 0x88, 0x01, 0x04, 0xE2, 0x01, 0x61, 0xFB,
    0x01, 0xA0, 0xFB, 0x01, 0x60, 0xFB, 0x01, 0x40, 0xF3, 0x01, 0x00, 0xF4,
    0x01, 0xC1, 0xF5, 0x01, 0xE2, 0xFE, 0x01, 0x01, 0xFF, 0x01, 0xE1, 0xFE,
    0x01, 0x01, 0xFF, 0x01, 0x41, 0xF5, 0x01, 0x80, 0xF3, 0x01, 0xA0, 0xFB,
    0x01, 0xC2, 0xF2, 0x01, 0x64, 0xC1, 0x01, 0xC3, 0x60, 0x0B, 0x00, 0x00,
    0x01, 0x20, 0x18, 0x01, 0xE4, 0x98, 0x01, 0x66, 0xF1, 0x01, 0x45, 0xD9,
    0x01, 0xC3, 0x68, 0x01, 0x00, 0x10, 0x29, 0x00, 0x00, 0x01, 0x44, 0x21,
    0x01, 0x24, 0x21, 0x22, 0x00, 0x00, 0x01, 0x62, 0x30, 0x01, 0x06, 0x99,
    0x01, 0x27, 0xE1, 0x01, 0x25, 0xA9, 0x01, 0x61, 0x30, 0x02, 0x00, 0x00,
    0x01, 0x83, 0x40, 0x01, 0x25, 0xA9, 0x01, 0x82, 0xF2, 0x01, 0x81, 0xFC,
    0x01, 0xC1, 0xFC, 0x01, 0x01, 0xFD, 0x01, 0xC2, 0xFD, 0x01, 0xA2, 0xFE,
    0x01, 0x21, 0xFF, 0x01, 0x01, 0xFF, 0x02, 0xE1, 0xFE, 0x01, 0x01, 0xFF,
    0x01, 0xE1, 0xF4, 0x01, 0x80, 0xFB, 0x01, 0x81, 0xFB, 0x01, 0xC3, 0xD9,
    0x01, 0xE4, 0x90, 0x01, 0x41, 0x20, 0x0B, 0x00, 0x00, 0x01, 0x00, 0x10,
    0x01, 0xC4, 0x88, 0x01, 0x45, 0xE9, 0x01, 0x25, 0xF9, 0x01, 0x45, 0xC9,
    0x01, 0x82, 0x48, 0x29, 0x00, 0x00, 0x01, 0x44, 0x21, 0x01, 0x24, 0x21,
    0x22, 0x00, 0x00, 0x01, 0x20, 0x10, 0x01, 0xC4, 0x70, 0x01, 0x07, 0xC9,
    0x01, 0xE5, 0x90, 0x01, 0x20, 0x18, 0x02, 0x00, 0x00, 0x01, 0xA2, 0x58,
    0x01, 0x85, 0xB9, 0x01, 0xE2, 0xF2, 0x01, 0x81, 0xFC, 0x01, 0x00, 0xFD,
    0x01, 0x61, 0xFE, 0x01, 0x21, 0xFF, 0x06, 0x01, 0xFF, 0x01, 0xA0, 0xF4,
    0x01, 0xC0, 0xFB, 0x01, 0x22, 0xF3, 0x01, 0x23, 0xC9, 0x01, 0xA3, 0x68,
    0x0D, 0x00, 0x00, 0x01, 0xA3, 0x58, 0x01, 0x25, 0xD1, 0x01, 0x04, 0xF1,
    0x01, 0x25, 0xE9, 0x01, 0x04, 0x79, 0x01, 0x00, 0x08, 0x28, 0x00, 0x00,
    0x02, 0x24, 0x21, 0x23, 0x00, 0x00, 0x01, 0x62, 0x30, 0x01, 0x06, 0x91,
    0x01, 0xC4, 0x78, 0x03, 0x00, 0x00, 0x01, 0x82, 0x58, 0x01, 0x64, 0xB9,
    0x01, 0xE2, 0xF2, 0x01, 0x80, 0xFC, 0x01, 0x40, 0xFD, 0x01, 0xC1, 0xFE,
    0x02, 0x00, 0xFF, 0x01, 0xE1, 0xFE, 0x01, 0x01, 0xFF, 0x02, 0x00, 0xFF,
    0x01, 0x01, 0xFF, 0x01, 0xA0, 0xF4, 0x01, 0xC0, 0xFB, 0x01, 0x82, 0xEA,
    0x01, 0x04, 0xC1, 0x01, 0xA3, 0x58, 0x0D, 0x00, 0x00, 0x01, 0x41, 0x28,
    0x01, 0x05, 0xA1, 0x01, 0x25, 0xE9, 0x01, 0x05, 0xE9, 0x01, 0xA3, 0x68,
    0x29, 0x00, 0x00, 0x01, 0x44, 0x21, 0x01, 0x24, 0x21, 0x24, 0x00, 0x00,
    0x01, 0x83, 0x40, 0x01, 0xE5, 0x60, 0x01, 0x21, 0x10, 0x02, 0x00, 0x00,
    0x01, 0x62, 0x40, 0x01, 0x45, 0xB1, 0x01, 0x62, 0xF2, 0x01, 0x20, 0xFC,
    0x01, 0x80, 0xFD, 0x01, 0xC1, 0xFE, 0x01, 0x00, 0xFF, 0x01, 0x41, 0xFF,
    0x01, 0x21, 0xFF, 0x03, 0x00, 0xFF, 0x01, 0x01, 0xFF, 0x01, 0xC0, 0xF4,
    0x01, 0xC1, 0xFB, 0x01, 0xE3, 0xE9, 0x01, 0x05, 0xC1, 0x01, 0xA2, 0x58,
    0x01, 0x00, 0x08, 0x01, 0x00, 0x00, 0x01, 0x20, 0x00, 0x0B, 0x00, 0x00,
    0x01, 0x82, 0x50, 0x01, 0x26, 0xC9, 0x01, 0x06, 0xD9, 0x01, 0xA3, 0x60,
    0x29, 0x00, 0x00, 0x02, 0x24, 0x21, 0x25, 0x00, 0x00, 0x01, 0x41, 0x18,
    0x01, 0x00, 0x08, 0x02, 0x00, 0x00, 0x01, 0x62, 0x40, 0x01, 0x25, 0xA9,
    0x01, 0xC3, 0xE9, 0x01, 0x81, 0xFB, 0x01, 0x20, 0xFD, 0x02, 0xC1, 0xFE,
    0x01, 0xC2, 0xF5, 0x01, 0x42, 0xFE, 0x01, 0x22, 0xFF, 0x01, 0x21, 0xFF,
    0x01, 0x00, 0xFF, 0x01, 0x01, 0xFF, 0x01, 0x00, 0xF5, 0x01, 0x81, 0xF3,
    0x01, 0x83, 0xE1, 0x01, 0x05, 0xD1, 0x01, 0xC3, 0x78, 0x01, 0x00, 0x08,
    0x01, 0x00, 0x00, 0x01, 0x20, 0x00, 0x0B, 0x00, 0x00, 0x01, 0x20, 0x08,
    0x01, 0xC5, 0x80, 0x01, 0x06, 0xA9, 0x01, 0x61, 0x30, 0x29, 0x00, 0x00,
    0x02, 0x24, 0x21, 0x29, 0x00, 0x00, 0x01, 0x82, 0x38, 0x01, 0x06, 0xA9,
    0x01, 0x43, 0xE1, 0x01, 0xC1, 0xF2, 0x01, 0x80, 0xF4, 0x01, 0xC1, 0xFE,
    0x01, 0xE2, 0xF4, 0x01, 0x41, 0xD9, 0x01, 0xC2, 0xD9, 0x01, 0x82, 0xE3,
    0x01, 0x03, 0xF6, 0x01, 0x41, 0xFF, 0x01, 0x21, 0xFF, 0x01, 0x81, 0xF5,
    0x01, 0x41, 0xF3, 0x01, 0x43, 0xE1, 0x01, 0xE5, 0xE0, 0x01, 0xE4, 0x90,
    0x01, 0x41, 0x20, 0x0D, 0x00, 0x00, 0x01, 0x00, 0x08, 0x01, 0xA3, 0x58,
    0x01, 0xA4, 0x60, 0x01, 0x00, 0x08, 0x29, 0x00, 0x00, 0x01, 0x44, 0x21,
    0x01, 0x24, 0x21, 0x29, 0x00, 0x00, 0x01, 0x21, 0x18, 0x01, 0xE5, 0x90,
    0x01, 0x25, 0xD9, 0x01, 0x02, 0xEA, 0x01, 0x21, 0xFC, 0x01, 0x82, 0xFE,
    0x01, 0x62, 0xEB, 0x01, 0xA3, 0xE0, 0x01, 0xE4, 0xE8, 0x01, 0xA3, 0xE0,
    0x01, 0x82, 0xE2, 0x01, 0xE2, 0xFD, 0x01, 0x02, 0xFF, 0x01, 0xA1, 0xF5,
    0x01, 0x21, 0xF3, 0x01, 0x02, 0xE1, 0x01, 0xE4, 0xE0, 0x01, 0x05, 0xB9,
    0x01, 0xC3, 0x58, 0x0E, 0x00, 0x00, 0x01, 0x83, 0x40, 0x01, 0x62, 0x30,
    0x2A, 0x00, 0x00, 0x01, 0x44, 0x21, 0x01, 0x24, 0x21, 0x29, 0x00, 0x00,
    0x01, 0x00, 0x08, 0x01, 0xA4, 0x70, 0x01, 0x06, 0xC9, 0x01, 0x43, 0xE9,
    0x01, 0x01, 0xF3, 0x01, 0x02, 0xFE, 0x01, 0x02, 0xEC, 0x01, 0xE2, 0xE0,
    0x02, 0x04, 0xE9, 0x01, 0x63, 0xE9, 0x01, 0x41, 0xF3, 0x01, 0x41, 0xF5,
    0x01, 0x21, 0xFE, 0x01, 0xC1, 0xF3, 0x01, 0x02, 0xD9, 0x01, 0xE4, 0xE0,
    0x01, 0xE4, 0xD8, 0x01, 0x25, 0xA1, 0x01, 0x82, 0x38, 0x0D, 0x00, 0x00,
    0x01, 0x41, 0x18, 0x01, 0x21, 0x18, 0x2A, 0x00, 0x00, 0x01, 0x44, 0x21,
    0x01, 0x24, 0x21, 0x2A, 0x00, 0x00, 0x01, 0x41, 0x28, 0x01, 0x06, 0xA9,
    0x01, 0x25, 0xE9, 0x01, 0xE2, 0xE9, 0x01, 0xC2, 0xFC, 0x01, 0xA3, 0xFC,
    0x01, 0x42, 0xE1, 0x01, 0xC4, 0xE0, 0x01, 0xE4, 0xE0, 0x01, 0x04, 0xE1,
    0x01, 0x42, 0xF2, 0x01, 0x40, 0xF3, 0x01, 0x81, 0xFD, 0x01, 0xE2, 0xFC,
    0x01, 0x42, 0xD9, 0x01, 0xC4, 0xE0, 0x01, 0xE4, 0xE0, 0x01, 0xE5, 0xD0,
    0x01, 0x26, 0xA1, 0x01, 0xA3, 0x48, 0x01, 0x41, 0x20, 0x02, 0x00, 0x00,
    0x01, 0x21, 0x18, 0x01, 0x82, 0x40, 0x01, 0x41, 0x20, 0x30, 0x00, 0x00,
    0x01, 0x20, 0x00, 0x01, 0x00, 0x00, 0x01, 0x44, 0x21, 0x01, 0x24, 0x21,
    0x2A, 0x00, 0x00, 0x01, 0x20, 0x10, 0x01, 0x05, 0x81, 0x01, 0x26, 0xD9,
    0x01, 0x24, 0xE9, 0x01, 0x83, 0xF2, 0x01, 0x84, 0xF3, 0x01, 0x43, 0xE1,
    0x01, 0xC4, 0xE0, 0x01, 0xE4, 0xE0, 0x01, 0xC4, 0xE0, 0x01, 0x43, 0xE1,
    0x01, 0xA2, 0xFA, 0x01, 0xA0, 0xF3, 0x01, 0x82, 0xFD, 0x01, 0x82, 0xE2,
    0x01, 0xA3, 0xD8, 0x01, 0xE4, 0xE0, 0x01, 0xE4, 0xD8, 0x01, 0xE5, 0xD8,
    0x01, 0x05, 0xB9, 0x01, 0xE5, 0x90, 0x01, 0xA4, 0x68, 0x01, 0xC3, 0x68,
    0x01, 0x05, 0x91, 0x01, 0x26, 0xB9, 0x01, 0xA4, 0x68, 0x01, 0x00, 0x08,
    0x2F, 0x00, 0x00, 0x01, 0x20, 0x00, 0x01, 0x00, 0x00, 0x01, 0x44, 0x21,
    0x01, 0x24, 0x21, 0x29, 0x00, 0x00, 0x01, 0x20, 0x00, 0x01, 0x00, 0x00,
    0x01, 0x82, 0x38, 0x01, 0x26, 0xA9, 0x01, 0x06, 0xE1, 0x01, 0x04, 0xE9,
    0x01, 0x24, 0xE1, 0x01, 0xE4, 0xE0, 0x03, 0xC4, 0xE0, 0x01, 0xC4, 0xD8,
    0x01, 0x43, 0xE1, 0x01, 0x21, 0xF2, 0x01, 0x21, 0xFC, 0x01, 0x43, 0xF4,
    0x01, 0xE2, 0xD8, 0x03, 0xC4, 0xE0, 0x01, 0xE4, 0xD8, 0x01, 0xE5, 0xD8,
    0x03, 0xE5, 0xD0, 0x01, 0x05, 0xE1, 0x01, 0x25, 0xB1, 0x01, 0x41, 0x30,
    0x31, 0x00, 0x00, 0x01, 0x44, 0x21, 0x01, 0x24, 0x21, 0x29, 0x00, 0x00,
    0x01, 0x20, 0x00, 0x01, 0x00, 0x00, 0x01, 0x00, 0x08, 0x01, 0xA3, 0x50,
    0x01, 0x26, 0xB9, 0x01, 0x06, 0xE9, 0x01, 0xE5, 0xE8, 0x01, 0xE5, 0xE0,
    0x01, 0xC4, 0xE0, 0x02, 0xE5, 0xE0, 0x01, 0xE5, 0xD8, 0x01, 0xC4, 0xD8,
    0x01, 0xE3, 0xD8, 0x01, 0x01, 0xEA, 0x01, 0x42, 0xFC, 0x01, 0xA2, 0xE2,
    0x01, 0xA3, 0xD8, 0x01, 0xE5, 0xE0, 0x02, 0xE4, 0xE0, 0x01, 0xC4, 0xE0,
    0x02, 0xE4, 0xE0, 0x01, 0x03, 0xE1, 0x01, 0x43, 0xE9, 0x01, 0x24, 0xC9,
    0x01, 0x82, 0x48, 0x2F, 0x00, 0x00, 0x01, 0x20, 0x00, 0x01, 0x00, 0x00,
    0x02, 0x24, 0x21, 0x2C, 0x00, 0x00, 0x01, 0x00, 0x08, 0x01, 0xA4, 0x58,
    0x01, 0x06, 0xB9, 0x01, 0x05, 0xE1, 0x01, 0xE5, 0xE0, 0x01, 0x05, 0xD1,
    0x01, 0xE5, 0x98, 0x01, 0xC5, 0x88, 0x01, 0xE5, 0xA0, 0x01, 0xE6, 0xC0,
    0x01, 0xC5, 0xD0, 0x01, 0xC3, 0xD8, 0x01, 0x41, 0xEA, 0x01, 0x03, 0xFC,
    0x01, 0xA2, 0xE1, 0x01, 0xA4, 0xD8, 0x01, 0xE5, 0xE0, 0x01, 0xE4, 0xE0,
    0x02, 0xC4, 0xE0, 0x01, 0xE2, 0xE0, 0x01, 0xC2, 0xF2, 0x01, 0x42, 0xF2,
    0x01, 0x04, 0xD9, 0x01, 0xA3, 0x70, 0x01, 0x00, 0x10, 0x2E, 0x00, 0x00,
    0x01, 0x20, 0x00, 0x01, 0x00, 0x00, 0x02, 0x24, 0x21, 0x2D, 0x00, 0x00,
    0x01, 0x00, 0x08, 0x01, 0x63, 0x50, 0x01, 0xE6, 0xA8, 0x01, 0x06, 0xD9,
    0x01, 0x06, 0xB1, 0x01, 0xA3, 0x40, 0x01, 0x00, 0x10, 0x01, 0x62, 0x28,
    0x01, 0xA4, 0x60, 0x01, 0xE5, 0x98, 0x01, 0x06, 0xC1, 0x01, 0xC3, 0xD0,
    0x01, 0x42, 0xEA, 0x01, 0xE2, 0xFA, 0x01, 0x62, 0xE9, 0x02, 0xE3, 0xE0,
    0x01, 0x43, 0xE1, 0x01, 0x82, 0xD9, 0x01, 0x61, 0xE3, 0x01, 0x42, 0xFD,
    0x01, 0xE1, 0xF2, 0x01, 0x44, 0xD9, 0x01, 0x04, 0x99, 0x01, 0x20, 0x28,
    0x30, 0x00, 0x00, 0x02, 0x24, 0x21, 0x2F, 0x00, 0x00, 0x01, 0x62, 0x38,
    0x01, 0xC5, 0x88, 0x01, 0x28, 0xB9, 0x01, 0xE5, 0x68, 0x03, 0x00, 0x00,
    0x01, 0x62, 0x28, 0x01, 0xE5, 0x70, 0x01, 0xE5, 0xB8, 0x01, 0xC3, 0xD8,
    0x01, 0xE2, 0xF1, 0x01, 0xA2, 0xFA, 0x01, 0x62, 0xFA, 0x01, 0x22, 0xF2,
    0x01, 0x02, 0xF4, 0x01, 0x02, 0xFE, 0x01, 0xA1, 0xFE, 0x01, 0x82, 0xFE,
    0x01, 0x01, 0xEB, 0x01, 0x44, 0xD9, 0x01, 0x04, 0x99, 0x01, 0x20, 0x28,
    0x30, 0x00, 0x00, 0x02, 0x24, 0x21, 0x30, 0x00, 0x00, 0x01, 0x20, 0x10,
    0x01, 0x63, 0x48, 0x01, 0x48, 0x89, 0x01, 0xE5, 0x40, 0x03, 0x00, 0x00,
    0x01, 0x21, 0x18, 0x01, 0xC4, 0x60, 0x01, 0xE5, 0xB0, 0x01, 0xE4, 0xD8,
    0x01, 0xC3, 0xF1, 0x01, 0xA2, 0xFA, 0x01, 0x82, 0xFA, 0x01, 0xE1, 0xF3,
    0x01, 0xC1, 0xFE, 0x01, 0xE0, 0xFE, 0x01, 0x61, 0xFE, 0x01, 0xC1, 0xEA,
    0x01, 0x44, 0xE1, 0x01, 0xE4, 0x78, 0x01, 0x00, 0x10, 0x30, 0x00, 0x00,
    0x01, 0x44, 0x21, 0x01, 0x24, 0x21, 0x32, 0x00, 0x00, 0x01, 0x41, 0x18,
    0x01, 0x05, 0x39, 0x01, 0x21, 0x08, 0x03, 0x00, 0x00, 0x01, 0x20, 0x10,
    0x01, 0xE4, 0x68, 0x01, 0x05, 0xC1, 0x01, 0xE4, 0xE0, 0x01, 0x43, 0xE9,
    0x01, 0x24, 0xE9, 0x01, 0x62, 0xE1, 0x01, 0x62, 0xF5, 0x01, 0x20, 0xFF,
    0x01, 0x22, 0xFE, 0x01, 0x61, 0xEA, 0x01, 0x24, 0xD9, 0x01, 0xC3, 0x68,
    0x01, 0x00, 0x08, 0x2E, 0x00, 0x00, 0x01, 0x20, 0x00, 0x01, 0x00, 0x00,
    0x01, 0x44, 0x21, 0x01, 0x24, 0x21, 0x39, 0x00, 0x00, 0x01, 0x61, 0x28,
    0x01, 0xE5, 0x90, 0x01, 0x05, 0xD9, 0x01, 0xE4, 0xE8, 0x01, 0xC4, 0xE8,
    0x01, 0xA3, 0xE0, 0x01, 0x62, 0xEB, 0x01, 0xC2, 0xFE, 0x01, 0x22, 0xF5,
    0x01, 0xC2, 0xE9, 0x01, 0x24, 0xD1, 0x01, 0xC3, 0x58, 0x2C, 0x00, 0x00,
    0x01, 0x20, 0x00, 0x04, 0x00, 0x00, 0x01, 0x44, 0x21, 0x01, 0x24, 0x21,
    0x32, 0x00, 0x00, 0x01, 0x20, 0x00, 0x06, 0x00, 0x00, 0x01, 0x00, 0x08,
    0x01, 0xA4, 0x68, 0x01, 0xE5, 0xC0, 0x02, 0xE4, 0xE8, 0x01, 0xC4, 0xE0,
    0x01, 0x22, 0xE2, 0x01, 0x42, 0xFD, 0x01, 0x61, 0xF3, 0x01, 0x23, 0xE9,
    0x01, 0x25, 0xB1, 0x01, 0x61, 0x30, 0x31, 0x00, 0x00, 0x01, 0x44, 0x21,
    0x01, 0x24, 0x21, 0x3A, 0x00, 0x00, 0x01, 0x62, 0x50, 0x01, 0xC6, 0xA8,
    0x01, 0xE5, 0xE0, 0x01, 0xE4, 0xE8, 0x01, 0xC4, 0xE0, 0x01, 0xA2, 0xE1,
    0x01, 0x22, 0xFC, 0x01, 0x22, 0xEA, 0x01, 0x04, 0xE1, 0x01, 0xE4, 0x88,
    0x01, 0x21, 0x18, 0x31, 0x00, 0x00, 0x01, 0x44, 0x21, 0x01, 0x24, 0x21,
    0x3A, 0x00, 0x00, 0x01, 0x84, 0x60, 0x01, 0xC6, 0xA0, 0x01, 0xE5, 0xD8,
    0x02, 0xC4, 0xE0, 0x01, 0x63, 0xE1, 0x01, 0x63, 0xF2, 0x01, 0x43, 0xE9,
    0x01, 0x25, 0xC1, 0x01, 0xA3, 0x58, 0x32, 0x00, 0x00, 0x01, 0x44, 0x21,
    0x01, 0x24, 0x21, 0x01, 0x00, 0x00, 0x01, 0x20, 0x00, 0x38, 0x00, 0x00,
    0x01, 0x21, 0x20, 0x01, 0xC5, 0x90, 0x01, 0xE5, 0xD8, 0x01, 0xE4, 0xE0,
    0x01, 0xC4, 0xE0, 0x01, 0xE4, 0xE0, 0x01, 0xE3, 0xE0, 0x01, 0x05, 0xE1,
    0x01, 0x05, 0x99, 0x01, 0x41, 0x20, 0x32, 0x00, 0x00, 0x01, 0x44, 0x21,
    0x01, 0x24, 0x21, 0x3A, 0x00, 0x00, 0x01, 0x41, 0x28, 0x01, 0xE6, 0x98,
    0x01, 0xE5, 0xE0, 0x01, 0xE4, 0xE0, 0x02, 0xC4, 0xD8, 0x01, 0xC4, 0xE0,
    0x01, 0x05, 0xC9, 0x01, 0x83, 0x50, 0x33, 0x00, 0x00, 0x01, 0x44, 0x21,
    0x01, 0x24, 0x21, 0x37, 0x00, 0x00, 0x02, 0x20, 0x00, 0x01, 0x00, 0x00,
    0x01, 0x83, 0x50, 0x01, 0xE6, 0xB8, 0x01, 0xE5, 0xE0, 0x03, 0xC4, 0xD8,
    0x01, 0xE5, 0xD8, 0x01, 0xE5, 0x98, 0x01, 0x41, 0x28, 0x1B, 0x00, 0x00,
    0x01, 0x20, 0x00, 0x17, 0x00, 0x00, 0x02, 0x44, 0x21, 0x37, 0x00, 0x00,
    0x01, 0x20, 0x00, 0x01, 0x00, 0x00, 0x01, 0x20, 0x10, 0x01, 0xA4, 0x70,
    0x01, 0xE5, 0xC8, 0x01, 0xC4, 0xE0, 0x02, 0xC4, 0xD8, 0x01, 0xE5, 0xD8,
    0x01, 0xE6, 0xB0, 0x01, 0x82, 0x50, 0x32, 0x00, 0x00, 0x01, 0x20, 0x00,
    0x01, 0x00, 0x00, 0x01, 0x44, 0x21, 0x01, 0x24, 0x21, 0x37, 0x00, 0x00,
    0x01, 0x20, 0x00, 0x01, 0x00, 0x00, 0x01, 0x41, 0x30, 0x01, 0xE6, 0xA0,
    0x01, 0xE5, 0xE0, 0x02, 0xC4, 0xE0, 0x01, 0xE5, 0xE0, 0x01, 0x06, 0xB9,
    0x01, 0x83, 0x60, 0x01, 0x00, 0x08, 0x32, 0x00, 0x00, 0x01, 0x20, 0x00,
    0x01, 0x00, 0x00, 0x01, 0x44, 0x21, 0x01, 0x24, 0x21, 0x15, 0x00, 0x00,
    0x01, 0x20, 0x00, 0x20, 0x00, 0x00, 0x01, 0x20, 0x00, 0x01, 0x00, 0x00,
    0x01, 0x00, 0x08, 0x01, 0xA4, 0x68, 0x01, 0x06, 0xC9, 0x01, 0xE5, 0xE8,
    0x01, 0xE4, 0xE0, 0x01, 0xE5, 0xE0, 0x01, 0xE6, 0xC0, 0x01, 0xA4, 0x68,
    0x01, 0x00, 0x10, 0x35, 0x00, 0x00, 0x01, 0x44, 0x21, 0x01, 0x24, 0x21,
    0x38, 0x00, 0x00, 0x01, 0x62, 0x40, 0x01, 0x06, 0xA9, 0x01, 0x05, 0xE1,
    0x01, 0xE4, 0xE8, 0x01, 0x06, 0xE1, 0x01, 0xE6, 0xB8, 0x01, 0x83, 0x58,
    0x01, 0x00, 0x08, 0x36, 0x00, 0x00, 0x02, 0x44, 0x21, 0x37, 0x00, 0x00,
    0x01, 0x21, 0x18, 0x01, 0xE5, 0x80, 0x01, 0x06, 0xD9, 0x01, 0xE4, 0xE8,
    0x01, 0x05, 0xE1, 0x01, 0x06, 0xA9, 0x01, 0x62, 0x48, 0x01, 0x00, 0x08,
    0x35, 0x00, 0x00, 0x01, 0x20, 0x00, 0x01, 0x00, 0x00, 0x01, 0x45, 0x29,
    0x01, 0x44, 0x21, 0x36, 0x00, 0x00, 0x01, 0x00, 0x08, 0x01, 0xC5, 0x68,
    0x01, 0x06, 0xC9, 0x01, 0xE5, 0xE8, 0x01, 0x06, 0xD9, 0x01, 0xE5, 0x98,
    0x01, 0x41, 0x30, 0x39, 0x00, 0x00, 0x01, 0x45, 0x29, 0x01, 0x45, 0x21,
    0x36, 0x00, 0x00, 0x01, 0x62, 0x30, 0x01, 0x06, 0xA1, 0x01, 0x06, 0xE1,
    0x01, 0x06, 0xD1, 0x01, 0xC4, 0x78, 0x01, 0x21, 0x20, 0x3A, 0x00, 0x00,
    0x01, 0x45, 0x29, 0x01, 0x45, 0x21, 0x36, 0x00, 0x00, 0x01, 0x83, 0x48,
    0x01, 0x27, 0xB9, 0x01, 0x27, 0xC9, 0x01, 0x83, 0x58, 0x01, 0x00, 0x10,
    0x3B, 0x00, 0x00, 0x01, 0x45, 0x29, 0x01, 0x44, 0x21, 0x36, 0x00, 0x00,
    0x01, 0xA3, 0x48, 0x01, 0x27, 0xA9, 0x01, 0xA3, 0x68, 0x3B, 0x00, 0x00,
    0x01, 0x20, 0x00, 0x01, 0x00, 0x00, 0x01, 0x45, 0x29, 0x01, 0x44, 0x21,
    0x36, 0x00, 0x00, 0x01, 0x41, 0x18, 0x01, 0xE5, 0x70, 0x01, 0x41, 0x28,
    0x3B, 0x00, 0x00, 0x01, 0x20, 0x00, 0x01, 0x00, 0x00, 0x01, 0x45, 0x29,
    0x01, 0x45, 0x21, 0x36, 0x00, 0x00, 0x01, 0x20, 0x10, 0x01, 0xE4, 0x68,
    0x01, 0x21, 0x20, 0x3D, 0x00, 0x00, 0x01, 0x45, 0x29, 0x01, 0x45, 0x21,
    0x37, 0x00, 0x00, 0x01, 0x82, 0x40, 0x01, 0x41, 0x20, 0x3D, 0x00, 0x00,
    0x02, 0x44, 0x21, 0x76, 0x00, 0x00, 0x02, 0x44, 0x21, 0x76, 0x00, 0x00,
    0x02, 0x44, 0x21, 0x76, 0x00, 0x00, 0x02, 0x44, 0x21, 0x3B, 0x00, 0x00,
    0x01, 0x00, 0x08, 0x3A, 0x00, 0x00, 0x02, 0x44, 0x21, 0x3A, 0x00, 0x00,
    0x01, 0x41, 0x28, 0x01, 0x05, 0x79, 0x01, 0x41, 0x28, 0x39, 0x00, 0x00,
    0x01, 0x24, 0x21, 0x01, 0x44, 0x21, 0x3A, 0x00, 0x00, 0x01, 0x82, 0x48,
    0x01, 0xA8, 0xB1, 0x01, 0x41, 0x30, 0x39, 0x00, 0x00, 0x01, 0x24, 0x21,
    0x01, 0x44, 0x21, 0x39, 0x00, 0x00, 0x01, 0x20, 0x10, 0x01, 0x05, 0x79,
    0x01, 0xC4, 0x68, 0x01, 0x00, 0x08, 0x39, 0x00, 0x00, 0x01, 0x44, 0x21,
    0x01, 0x45, 0x21, 0x39, 0x00, 0x00, 0x01, 0x82, 0x18, 0x01, 0xE4, 0x48,
    0x01, 0x00, 0x18, 0x3A, 0x00, 0x00, 0x01, 0x44, 0x21, 0x01, 0x45, 0x21,
    0x76, 0x00, 0x00, 0x01, 0x45, 0x21, 0x01, 0x45, 0x29, 0x76, 0x00, 0x00,
    0x01, 0x44, 0x29, 0x01, 0x45, 0x29, 0x76, 0x00, 0x00, 0x02, 0x44, 0x21,
    0x76, 0x00, 0x00, 0x02, 0x45, 0x21, 0x76, 0x00, 0x00, 0x02, 0x45, 0x21,
    0x76, 0x00, 0x00, 0x01, 0x44, 0x21, 0x01, 0x45, 0x29, 0x76, 0x00, 0x00,
    0x01, 0x44, 0x21, 0x01, 0x45, 0x21, 0x76, 0x00, 0x00, 0x01, 0x44, 0x29,
    0x01, 0x45, 0x21, 0x76, 0x00, 0x00, 0x01, 0x44, 0x29, 0x01, 0x45, 0x21,
    0x76, 0x00, 0x00, 0x01, 0x44, 0x21, 0x01, 0x24, 0x21, 0x76, 0x00, 0x00,
    0x01, 0x44, 0x21, 0x01, 0x45, 0x21, 0x01, 0x00, 0x00, 0x01, 0x20, 0x00,
    0x08, 0x00, 0x00, 0x02, 0x20, 0x00, 0x05, 0x00, 0x00, 0x02, 0x20, 0x00,
    0x26, 0x00, 0x00, 0x03, 0x20, 0x00, 0x0B, 0x00, 0x00, 0x01, 0x20, 0x00,
    0x18, 0x00, 0x00, 0x01, 0x20, 0x00, 0x0C, 0x00, 0x00, 0x01, 0x20, 0x00,
    0x01, 0x00, 0x00, 0x02, 0x20, 0x00, 0x03, 0x00, 0x00, 0x01, 0x20, 0x00,
    0x01, 0x00, 0x00, 0x01, 0x65, 0x29, 0x01, 0x04, 0x21, 0x76, 0x00, 0x00,
    0x01, 0x24, 0x21, 0x01, 0x08, 0x42, 0x01, 0x04, 0x21, 0x01, 0x24, 0x21,
    0x0B, 0x04, 0x21, 0x0C, 0x24, 0x21, 0x03, 0x04, 0x21, 0x02, 0x24, 0x21,
    0x04, 0x04, 0x21, 0x02, 0x24, 0x21, 0x06, 0x04, 0x21, 0x01, 0x24, 0x21,
    0x04, 0x04, 0x21, 0x0E, 0x24, 0x21, 0x01, 0x04, 0x21, 0x03, 0x24, 0x21,
    0x03, 0x04, 0x21, 0x08, 0x24, 0x21, 0x01, 0x04, 0x21, 0x01, 0x24, 0x21,
    0x05, 0x04, 0x21, 0x09, 0x24, 0x21, 0x05, 0x04, 0x21, 0x01, 0x24, 0x21,
    0x0A, 0x04, 0x21, 0x01, 0x24, 0x21, 0x04, 0x04, 0x21, 0x01, 0x24, 0x21,
    0x02, 0x04, 0x21, 0x01, 0x24, 0x21, 0x01, 0x04, 0x21, 0x01, 0x28, 0x42
};
const uint16_t sprite_frame_05_size = 7932;

const uint8_t PROGMEM sprite_frame_07_rle[] = {
    0x01, 0x28, 0x42, 0x01, 0xC3, 0x18, 0x24, 0xE3, 0x18, 0x01, 0x03, 0x19,
    0x05, 0xE3, 0x18, 0x01, 0x03, 0x19, 0x0A, 0xE3, 0x18, 0x03, 0x03, 0x19,
    0x3C, 0xE3, 0x18, 0x01, 0xC3, 0x18, 0x01, 0xC6, 0x31, 0x01, 0x65, 0x29,
    0x76, 0x00, 0x00, 0x01, 0x03, 0x21, 0x01, 0x85, 0x29, 0x01, 0x00, 0x00,
    0x02, 0x20, 0x00, 0x02, 0x00, 0x00, 0x03, 0x20, 0x00, 0x4B, 0x00, 0x00,
    0x02, 0x20, 0x00, 0x21, 0x00, 0x00, 0x01, 0x24, 0x21, 0x01, 0x65, 0x29,
    0x01, 0x00, 0x00, 0x01, 0x20, 0x00, 0x74, 0x00, 0x00, 0x01, 0x04, 0x21,
    0x01, 0x65, 0x29, 0x76, 0x00, 0x00, 0x01, 0x04, 0x21, 0x01, 0x65, 0x29,
    0x0F, 0x00, 0x00, 0x01, 0x20, 0x00, 0x66, 0x00, 0x00, 0x01, 0x04, 0x21,
    0x01, 0x65, 0x29, 0x76, 0x00, 0x00, 0x01, 0x04, 0x21, 0x01, 0x65, 0x29,
    0x76, 0x00, 0x00, 0x01, 0x24, 0x21, 0x01, 0x65, 0x29, 0x76, 0x00, 0x00,
    0x01, 0x04, 0x21, 0x01, 0x65, 0x29, 0x76, 0x00, 0x00, 0x01, 0x04, 0x21,
    0x01, 0x65, 0x29, 0x76, 0x00, 0x00, 0x01, 0x24, 0x21, 0x01, 0x65, 0x29,
    0x01, 0x00, 0x00, 0x01, 0x20, 0x00, 0x74, 0x00, 0x00, 0x01, 0x24, 0x21,
    0x01, 0x65, 0x29, 0x76, 0x00, 0x00, 0x01, 0x24, 0x21, 0x01, 0x65, 0x29,
    0x76, 0x00, 0x00, 0x01, 0x24, 0x21, 0x01, 0x65, 0x29, 0x76, 0x00, 0x00,
    0x01, 0x24, 0x21, 0x01, 0x65, 0x29, 0x01, 0x00, 0x00, 0x01, 0x20, 0x00,
    0x74, 0x00, 0x00, 0x01, 0x24, 0x21, 0x01, 0x65, 0x29, 0x01, 0x00, 0x00,
    0x01, 0x20, 0x00, 0x28, 0x00, 0x00, 0x02, 0x20, 0x00, 0x06, 0x00, 0x00,
    0x01, 0x00, 0x08, 0x01, 0x20, 0x10, 0x01, 0x41, 0x28, 0x01, 0xA4, 0x60,
    0x01, 0x83, 0x58, 0x06, 0xA3, 0x58, 0x02, 0x83, 0x58, 0x01, 0x62, 0x38,
    0x02, 0x20, 0x10, 0x32, 0x00, 0x00, 0x01, 0x20, 0x00, 0x01, 0x00, 0x00,
    0x01, 0x24, 0x21, 0x01, 0x65, 0x29, 0x2A, 0x00, 0x00, 0x01, 0x20, 0x00,
    0x03, 0x00, 0x00, 0x01, 0x00, 0x08, 0x01, 0x41, 0x20, 0x01, 0x62, 0x38,
    0x01, 0x83, 0x48, 0x01, 0x83, 0x50, 0x01, 0xA4, 0x60, 0x01, 0x84, 0x68,
    0x01, 0x84, 0x70, 0x01, 0x84, 0x78, 0x01, 0x64, 0x78, 0x06, 0x84, 0x78,
    0x01, 0x64, 0x78, 0x01, 0x84, 0x68, 0x02, 0x84, 0x60, 0x01, 0x83, 0x40,
    0x01, 0x62, 0x38, 0x01, 0x61, 0x30, 0x01, 0x20, 0x10, 0x30, 0x00, 0x00,
    0x01, 0x24, 0x21, 0x01, 0x65, 0x29, 0x28, 0x00, 0x00, 0x01, 0x20, 0x00,
    0x03, 0x00, 0x00, 0x01, 0x20, 0x18, 0x01, 0x62, 0x30, 0x01, 0xA3, 0x60,
    0x01, 0xA4, 0x68, 0x01, 0xA4, 0x78, 0x01, 0x84, 0x78, 0x01, 0x85, 0x78,
    0x04, 0x84, 0x78, 0x05, 0x64, 0x78, 0x01, 0x84, 0x78, 0x02, 0x64, 0x78,
    0x01, 0x84, 0x78, 0x01, 0x64, 0x78, 0x01, 0x84, 0x78, 0x02, 0x84, 0x70,
    0x01, 0xA5, 0x70, 0x01, 0xA4, 0x60, 0x01, 0x83, 0x48, 0x01, 0x41, 0x28,
    0x2E, 0x00, 0x00, 0x01, 0x24, 0x21, 0x01, 0x45, 0x29, 0x27, 0x00, 0x00,
    0x01, 0x20, 0x00, 0x02, 0x00, 0x00, 0x01, 0x41, 0x20, 0x01, 0x83, 0x48,
    0x01, 0xC4, 0x68, 0x01, 0xC5, 0x78, 0x01, 0xA5, 0x88, 0x01, 0x85, 0x80,
    0x01, 0x65, 0x80, 0x01, 0x85, 0x78, 0x01, 0x64, 0x78, 0x02, 0x64, 0x80,
    0x01, 0x84, 0x80, 0x01, 0x84, 0x78, 0x0C, 0x64, 0x78, 0x01, 0x84, 0x78,
    0x03, 0x85, 0x78, 0x01, 0xC5, 0x78, 0x01, 0xA3, 0x50, 0x01, 0x62, 0x30,
    0x01, 0x00, 0x08, 0x2B, 0x00, 0x00, 0x01, 0x24, 0x21, 0x01, 0x45, 0x29,
    0x26, 0x00, 0x00, 0x01, 0x20, 0x00, 0x01, 0x00, 0x00, 0x01, 0x20, 0x18,
    0x01, 0x82, 0x48, 0x01, 0xC5, 0x70, 0x01, 0xC5, 0x80, 0x01, 0xE5, 0xA0,
    0x01, 0x26, 0xC1, 0x01, 0xE5, 0xA8, 0x01, 0x65, 0x80, 0x01, 0x85, 0x80,
    0x04, 0x84, 0x80, 0x04, 0x84, 0x78, 0x01, 0x85, 0x78, 0x03, 0x84, 0x78,
    0x01, 0x64, 0x78, 0x01, 0x84, 0x78, 0x04, 0x64, 0x78, 0x02, 0x64, 0x80,
    0x01, 0xC5, 0x98, 0x01, 0xE5, 0xA0, 0x01, 0xA4, 0x90, 0x01, 0xA5, 0x80,
    0x01, 0xC5, 0x78, 0x01, 0xA4, 0x60, 0x01, 0x41, 0x28, 0x28, 0x00, 0x00,
    0x01, 0x20, 0x00, 0x01, 0x00, 0x00, 0x01, 0x24, 0x21, 0x01, 0x45, 0x29,
    0x27, 0x00, 0x00, 0x01, 0x61, 0x30, 0x01, 0xE4, 0x68, 0x01, 0xC5, 0x80,
    0x01, 0xC5, 0xA0, 0x01, 0x05, 0xC9, 0x01, 0x25, 0xE1, 0x01, 0x05, 0xC9,
    0x01, 0x64, 0x88, 0x03, 0x85, 0x80, 0x01, 0x64, 0x80, 0x01, 0x84, 0x80,
    0x01, 0x84, 0x78, 0x01, 0x85, 0x78, 0x01, 0x84, 0x78, 0x02, 0x64, 0x78,
    0x01, 0x64, 0x70, 0x01, 0x44, 0x70, 0x02, 0x64, 0x78, 0x04, 0x84, 0x78,
    0x01, 0x84, 0x80, 0x02, 0x64, 0x80, 0x01, 0x85, 0x80, 0x01, 0x84, 0x88,
    0x01, 0x05, 0xC1, 0x01, 0x45, 0xD9, 0x01, 0x04, 0xB9, 0x01, 0xA4, 0x90,
    0x01, 0xA5, 0x80, 0x01, 0xA5, 0x70, 0x01, 0xA3, 0x50, 0x01, 0x20, 0x18,
    0x28, 0x00, 0x00, 0x01, 0x24, 0x21, 0x01, 0x65, 0x29, 0x26, 0x00, 0x00,
    0x01, 0x62, 0x38, 0x01, 0xC5, 0x70, 0x01, 0xC5, 0x88, 0x01, 0x05, 0xB1,
    0x01, 0x45, 0xD9, 0x01, 0x25, 0xE9, 0x01, 0x05, 0xD1, 0x01, 0x64, 0x90,
    0x04, 0x85, 0x80, 0x01, 0x84, 0x80, 0x01, 0x85, 0x80, 0x02, 0x64, 0x78,
    0x01, 0x44, 0x78, 0x01, 0x84, 0x88, 0x01, 0xA4, 0x90, 0x01, 0x04, 0x99,
    0x01, 0x64, 0xA1, 0x01, 0x04, 0x91, 0x01, 0xA4, 0x80, 0x04, 0x64, 0x78,
    0x01, 0x65, 0x80, 0x04, 0x85, 0x80, 0x01, 0x64, 0x88, 0x01, 0x25, 0xC9,
    0x01, 0x65, 0xE9, 0x01, 0x65, 0xD9, 0x01, 0x05, 0xB1, 0x01, 0x64, 0x80,
    0x01, 0xA5, 0x78, 0x01, 0xC4, 0x60, 0x01, 0x20, 0x18, 0x27, 0x00, 0x00,
    0x01, 0x24, 0x21, 0x01, 0x65, 0x29, 0x25, 0x00, 0x00, 0x01, 0x62, 0x38,
    0x01, 0xC5, 0x70, 0x01, 0xC5, 0x88, 0x01, 0x25, 0xC1, 0x01, 0x45, 0xE1,
    0x01, 0x25, 0xE9, 0x01, 0x25, 0xD1, 0x01, 0x84, 0x98, 0x05, 0x85, 0x80,
    0x02, 0x64, 0x80, 0x01, 0xA4, 0x90, 0x01, 0x03, 0xA9, 0x01, 0xE3, 0xC1,
    0x01, 0x45, 0xE3, 0x01, 0xC4, 0xE3, 0x01, 0xE7, 0xF4, 0x01, 0x89, 0xF5,
    0x01, 0x48, 0xF5, 0x01, 0x46, 0xE4, 0x01, 0x23, 0xC2, 0x01, 0xA4, 0xB9,
    0x01, 0xE3, 0x98, 0x01, 0x83, 0x88, 0x02, 0x64, 0x80, 0x02, 0x85, 0x80,
    0x01, 0x85, 0x88, 0x01, 0x65, 0x80, 0x01, 0x84, 0x90, 0x01, 0x45, 0xD1,
    0x01, 0x64, 0xE9, 0x01, 0x64, 0xE1, 0x01, 0x45, 0xD1, 0x01, 0xC4, 0xA0,
    0x01, 0x64, 0x80, 0x01, 0xA4, 0x68, 0x01, 0x41, 0x28, 0x26, 0x00, 0x00,
    0x01, 0x24, 0x21, 0x01, 0x65, 0x29, 0x24, 0x00, 0x00, 0x01, 0x41, 0x28,
    0x01, 0xC4, 0x68, 0x01, 0xC5, 0x88, 0x01, 0x25, 0xC1, 0x01, 0x25, 0xE1,
    0x01, 0x04, 0xE1, 0x01, 0x25, 0xE1, 0x01, 0xA4, 0xA0, 0x01, 0x64, 0x80,
    0x01, 0x85, 0x88, 0x02, 0x85, 0x80, 0x01, 0x64, 0x80, 0x01, 0x63, 0x88,
    0x01, 0x04, 0xA9, 0x01, 0x84, 0xC9, 0x01, 0x23, 0xE2, 0x01, 0x42, 0xF3,
    0x01, 0x43, 0xFD, 0x01, 0x63, 0xFE, 0x01, 0xC8, 0xFE, 0x01, 0x92, 0xFF,
    0x01, 0xB5, 0xFF, 0x01, 0x91, 0xFF, 0x01, 0x2C, 0xFF, 0x01, 0xE5, 0xFD,
    0x01, 0x43, 0xFD, 0x01, 0x83, 0xEB, 0x01, 0x23, 0xDA, 0x01, 0xA3, 0xC9,
    0x01, 0x04, 0xA1, 0x02, 0x64, 0x80, 0x01, 0x85, 0x80, 0x01, 0x85, 0x88,
    0x01, 0x64, 0x80, 0x01, 0xA4, 0xA0, 0x01, 0x64, 0xE1, 0x01, 0x64, 0xE9,
    0x01, 0x84, 0xE9, 0x01, 0x64, 0xE1, 0x01, 0xE4, 0xB0, 0x01, 0x44, 0x78,
    0x01, 0xA5, 0x68, 0x01, 0x41, 0x20, 0x25, 0x00, 0x00, 0x01, 0x24, 0x21,
    0x01, 0x45, 0x29, 0x23, 0x00, 0x00, 0x01, 0x41, 0x28, 0x01, 0xC4, 0x68,
    0x01, 0xC5, 0x80, 0x01, 0x25, 0xC1, 0x01, 0x24, 0xE1, 0x01, 0x04, 0xE1,
    0x01, 0x24, 0xE1, 0x01, 0x05, 0xC9, 0x01, 0x64, 0x80, 0x02, 0x85, 0x80,
    0x01, 0x64, 0x80, 0x01, 0x83, 0x88, 0x01, 0x24, 0xA9, 0x01, 0xE4, 0xD9,
    0x01, 0x64, 0xF2, 0x01, 0xA2, 0xF2, 0x01, 0x42, 0xF4, 0x01, 0x42, 0xFE,
    0x01, 0x83, 0xFE, 0x01, 0x0B, 0xF7, 0x01, 0xB7, 0xFF, 0x02, 0xFE, 0xFF,
    0x01, 0xFD, 0xFF, 0x01, 0xDB, 0xFF, 0x01, 0x93, 0xFF, 0x01, 0x08, 0xFF,
    0x01, 0x22, 0xFE, 0x01, 0xE2, 0xFC, 0x01, 0x63, 0xFC, 0x01, 0x04, 0xF3,
    0x01, 0xE4, 0xD1, 0x01, 0xE3, 0xA0, 0x01, 0x63, 0x80, 0x01, 0x64, 0x80,
    0x01, 0x85, 0x80, 0x01, 0x64, 0x80, 0x01, 0xE4, 0xB8, 0x01, 0x84, 0xE9,
    0x02, 0x43, 0xE9, 0x01, 0x64, 0xE9, 0x01, 0xE4, 0xA8, 0x01, 0x64, 0x78,
    0x01, 0xA4, 0x58, 0x01, 0x20, 0x10, 0x24, 0x00, 0x00, 0x01, 0x24, 0x21,
    0x01, 0x45, 0x29, 0x22, 0x00, 0x00, 0x01, 0x00, 0x10, 0x01, 0xC4, 0x60,
    0x01, 0xA5, 0x78, 0x01, 0x05, 0xA9, 0x01, 0x04, 0xE1, 0x01, 0xE3, 0xE0,
    0x01, 0xE4, 0xE0, 0x01, 0x04, 0xE1, 0x01, 0xC4, 0xA0, 0x01, 0x84, 0x78,
    0x01, 0x85, 0x78, 0x01, 0x64, 0x78, 0x01, 0xC3, 0x90, 0x01, 0xC4, 0xC9,
    0x01, 0x84, 0xF2, 0x01, 0xA3, 0xFA, 0x01, 0x02, 0xF3, 0x01, 0x02, 0xFD,
    0x01, 0x82, 0xFE, 0x01, 0xA1, 0xFE, 0x01, 0xE9, 0xF6, 0x01, 0xFB, 0xFF,
    0x06, 0xFF, 0xFF, 0x01, 0xB7, 0xFF, 0x01, 0x07, 0xFF, 0x02, 0x02, 0xFF,
    0x01, 0xA3, 0xFD, 0x01, 0x02, 0xF3, 0x01, 0x84, 0xF2, 0x01, 0xA4, 0xC1,
    0x01, 0xA4, 0x90, 0x01, 0x64, 0x80, 0x01, 0x85, 0x80, 0x01, 0x84, 0x90,
    0x01, 0x44, 0xD9, 0x01, 0x43, 0xE9, 0x02, 0x23, 0xE9, 0x01, 0x44, 0xE1,
    0x01, 0xC4, 0x98, 0x01, 0x85, 0x70, 0x01, 0xC4, 0x58, 0x01, 0x20, 0x08,
    0x23, 0x00, 0x00, 0x01, 0x24, 0x21, 0x01, 0x45, 0x29, 0x22, 0x00, 0x00,
    0x01, 0x62, 0x38, 0x01, 0xC5, 0x78, 0x01, 0xC5, 0x88, 0x01, 0x05, 0xC9,
    0x01, 0x04, 0xE1, 0x01, 0xE3, 0xE0, 0x01, 0xE4, 0xE0, 0x01, 0x04, 0xC9,
    0x01, 0x84, 0x80, 0x01, 0x85, 0x70, 0x01, 0x64, 0x78, 0x01, 0x03, 0xA9,
    0x01, 0x24, 0xE2, 0x01, 0x62, 0xFA, 0x01, 0x82, 0xF2, 0x01, 0xC1, 0xF2,
    0x01, 0xA2, 0xF4, 0x01, 0xA2, 0xFE, 0x01, 0xA1, 0xFE, 0x01, 0xA5, 0xFE,
    0x01, 0x95, 0xFF, 0x07, 0xFF, 0xFF, 0x01, 0xFD, 0xFF, 0x01, 0x2B, 0xFF,
    0x02, 0xE1, 0xFE, 0x01, 0x02, 0xFF, 0x01, 0x42, 0xF5, 0x01, 0x21, 0xF3,
    0x01, 0xC4, 0xFA, 0x01, 0x04, 0xDA, 0x01, 0xC3, 0x98, 0x02, 0x64, 0x78,
    0x01, 0xE4, 0xB0, 0x01, 0x43, 0xE1, 0x01, 0x22, 0xE1, 0x01, 0x02, 0xE1,
    0x01, 0x23, 0xE1, 0x01, 0x44, 0xD1, 0x01, 0x85, 0x88, 0x01, 0x85, 0x70,
    0x01, 0xA3, 0x40, 0x23, 0x00, 0x00, 0x01, 0x24, 0x21, 0x01, 0x45, 0x29,
    0x21, 0x00, 0x00, 0x01, 0x20, 0x10, 0x01, 0xA4, 0x60, 0x01, 0xA5, 0x78,
    0x01, 0x05, 0xA9, 0x01, 0x24, 0xE1, 0x03, 0x04, 0xE1, 0x01, 0xE5, 0xC0,
    0x01, 0x64, 0x70, 0x01, 0x84, 0x78, 0x01, 0x23, 0xA9, 0x01, 0x43, 0xEA,
    0x01, 0x41, 0xF2, 0x01, 0xE1, 0xF2, 0x01, 0x41, 0xFC, 0x01, 0x41, 0xFD,
    0x01, 0x41, 0xFE, 0x01, 0xA1, 0xFE, 0x01, 0x81, 0xFE, 0x01, 0x4E, 0xFF,
    0x01, 0xFE, 0xFF, 0x07, 0xFF, 0xFF, 0x01, 0xFD, 0xFF, 0x01, 0x2A, 0xFF,
    0x01, 0xE0, 0xFE, 0x02, 0xE1, 0xFE, 0x01, 0x02, 0xFF, 0x01, 0xA2, 0xFD,
    0x01, 0x01, 0xF3, 0x01, 0x62, 0xFA, 0x01, 0x44, 0xEA, 0x01, 0x04, 0xA1,
    0x01, 0x44, 0x70, 0x01, 0x84, 0x90, 0x01, 0x44, 0xD9, 0x01, 0x23, 0xE9,
    0x01, 0x02, 0xE9, 0x01, 0x02, 0xE1, 0x01, 0x23, 0xE9, 0x01, 0x24, 0xC9,
    0x01, 0x85, 0x80, 0x01, 0xC5, 0x68, 0x01, 0x41, 0x28, 0x22, 0x00, 0x00,
    0x01, 0x24, 0x21, 0x01, 0x65, 0x29, 0x21, 0x00, 0x00, 0x01, 0x62, 0x30,
    0x01, 0xC5, 0x78, 0x01, 0xC5, 0x88, 0x01, 0x25, 0xC9, 0x02, 0x04, 0xE1,
    0x01, 0xE4, 0xE0, 0x01, 0x04, 0xE1, 0x01, 0xE4, 0xC0, 0x01, 0x83, 0x90,
    0x01, 0xC3, 0xC9, 0x01, 0x42, 0xF2, 0x01, 0x41, 0xF2, 0x01, 0x00, 0xF3,
    0x01, 0x01, 0xFD, 0x02, 0x00, 0xFE, 0x01, 0x80, 0xFE, 0x01, 0xA0, 0xFE,
    0x01, 0xA3, 0xFE, 0x01, 0xB5, 0xFF, 0x08, 0xFF, 0xFF, 0x01, 0xFE, 0xFF,
    0x01, 0x4C, 0xFF, 0x01, 0xC0, 0xFE, 0x01, 0xE0, 0xFE, 0x01, 0xE1, 0xFE,
    0x01, 0xE0, 0xFE, 0x01, 0x01, 0xFF, 0x01, 0x41, 0xF5, 0x01, 0xE1, 0xF2,
    0x01, 0x62, 0xFA, 0x01, 0x44, 0xEA, 0x01, 0xC3, 0x98, 0x01, 0x63, 0x80,
    0x01, 0x44, 0xD1, 0x01, 0x22, 0xE9, 0x03, 0x02, 0xE9, 0x01, 0x43, 0xE9,
    0x01, 0x05, 0xB1, 0x01, 0x85, 0x78, 0x01, 0x83, 0x50, 0x01, 0x00, 0x08,
    0x21, 0x00, 0x00, 0x01, 0x24, 0x21, 0x01, 0x45, 0x29, 0x20, 0x00, 0x00,
    0x01, 0x00, 0x08, 0x01, 0xC4, 0x58, 0x01, 0xC6, 0x80, 0x01, 0xE6, 0xA0,
    0x01, 0x25, 0xE1, 0x02, 0x04, 0xE1, 0x02, 0xE4, 0xE0, 0x01, 0x03, 0xD9,
    0x01, 0x02, 0xEA, 0x01, 0x81, 0xFA, 0x01, 0x80, 0xF2, 0x01, 0xC1, 0xF3,
    0x01, 0x81, 0xFD, 0x02, 0x00, 0xFE, 0x01, 0x20, 0xFE, 0x02, 0xA0, 0xFE,
    0x01, 0xC6, 0xFE, 0x01, 0xDA, 0xFF, 0x08, 0xFF, 0xFF, 0x01, 0xFD, 0xFF,
    0x01, 0x4B, 0xFF, 0x05, 0xE0, 0xFE, 0x01, 0xE1, 0xFE, 0x01, 0x41, 0xFD,
    0x01, 0xA0, 0xF2, 0x01, 0x42, 0xFA, 0x01, 0xE3, 0xE1, 0x01, 0x83, 0x90,
    0x01, 0x04, 0xB9, 0x01, 0x43, 0xE9, 0x01, 0x22, 0xE9, 0x02, 0x02, 0xE9,
    0x01, 0x23, 0xE9, 0x01, 0x44, 0xD9, 0x01, 0xA4, 0x90, 0x01, 0xA4, 0x68,
    0x01, 0x41, 0x20, 0x21, 0x00, 0x00, 0x01, 0x24, 0x21, 0x01, 0x45, 0x29,
    0x20, 0x00, 0x00, 0x01, 0x21, 0x18, 0x01, 0xC5, 0x70, 0x01, 0xA6, 0x88,
    0x01, 0x05, 0xB1, 0x01, 0x24, 0xE1, 0x03, 0x04, 0xE1, 0x01, 0xE3, 0xE0,
    0x01, 0xC2, 0xF1, 0x01, 0x61, 0xFA, 0x01, 0xA0, 0xEA, 0x01, 0x61, 0xF4,
    0x01, 0x01, 0xFE, 0x02, 0x00, 0xFE, 0x01, 0xC1, 0xF4, 0x01, 0x01, 0xF5,
    0x01, 0xA1, 0xFE, 0x01, 0x80, 0xFE, 0x01, 0x0A, 0xFF, 0x01, 0xFD, 0xFF,
    0x08, 0xFF, 0xFF, 0x01, 0xDA, 0xFF, 0x01, 0x06, 0xFF, 0x01, 0xE0, 0xFE,
    0x01, 0xE1, 0xFE, 0x04, 0xE0, 0xFE, 0x01, 0xC1, 0xFE, 0x01, 0x61, 0xF4,
    0x01, 0x40, 0xF2, 0x01, 0x42, 0xFA, 0x01, 0x23, 0xB9, 0x01, 0xA3, 0xA8,
    0x01, 0x43, 0xE9, 0x01, 0x22, 0xE9, 0x01, 0x62, 0xE9, 0x01, 0x62, 0xE1,
    0x01, 0x23, 0xE9, 0x01, 0x43, 0xE9, 0x01, 0x04, 0xB9, 0x01, 0x85, 0x80,
    0x01, 0xA3, 0x48, 0x21, 0x00, 0x00, 0x01, 0x24, 0x21, 0x01, 0x45, 0x29,
    0x20, 0x00, 0x00, 0x01, 0x41, 0x28, 0x01, 0xA6, 0x70, 0x01, 0xA6, 0x88,
    0x01, 0x05, 0xB9, 0x01, 0x24, 0xE1, 0x03, 0x04, 0xE1, 0x01, 0x23, 0xE1,
    0x01, 0x02, 0xF2, 0x01, 0xE0, 0xEA, 0x01, 0xE1, 0xF4, 0x02, 0x00, 0xFE,
    0x01, 0x21, 0xFE, 0x01, 0x81, 0xF4, 0x01, 0x40, 0xEA, 0x01, 0xC1, 0xEB,
    0x01, 0xA1, 0xFE, 0x01, 0x80, 0xFE, 0x01, 0x2D, 0xF7, 0x01, 0xFD, 0xFF,
    0x01, 0xFF, 0xFF, 0x01, 0xFD, 0xFF, 0x01, 0xFC, 0xFF, 0x01, 0xD9, 0xFF,
    0x01, 0xFB, 0xFF, 0x03, 0xFF, 0xFF, 0x01, 0x92, 0xFF, 0x01, 0xE2, 0xFE,
    0x01, 0x01, 0xFF, 0x01, 0xE1, 0xFE, 0x05, 0xE0, 0xFE, 0x01, 0x61, 0xFE,
    0x01, 0x60, 0xF3, 0x01, 0x21, 0xF2, 0x01, 0x03, 0xE2, 0x01, 0x23, 0xC9,
    0x01, 0x43, 0xE9, 0x01, 0x22, 0xE9, 0x01, 0x62, 0xEA, 0x01, 0x63, 0xEB,
    0x01, 0x42, 0xE1, 0x01, 0x43, 0xE9, 0x01, 0x65, 0xD9, 0x01, 0xC5, 0x98,
    0x01, 0xA4, 0x60, 0x01, 0x20, 0x10, 0x01, 0x00, 0x00, 0x02, 0x20, 0x00,
    0x1D, 0x00, 0x00, 0x01, 0x24, 0x21, 0x01, 0x65, 0x29, 0x20, 0x00, 0x00,
    0x01, 0x61, 0x30, 0x01, 0xC6, 0x78, 0x01, 0xA6, 0x88, 0x01, 0x05, 0xC1,
    0x01, 0x24, 0xE1, 0x03, 0x04, 0xE1, 0x01, 0x42, 0xE1, 0x01, 0xE1, 0xEA,
    0x01, 0x21, 0xFD, 0x01, 0x20, 0xFE, 0x01, 0x00, 0xFE, 0x01, 0x20, 0xFE,
    0x01, 0x01, 0xF5, 0x01, 0xA0, 0xEA, 0x01, 0x21, 0xF2, 0x01, 0xE1, 0xF3,
    0x01, 0xA1, 0xFE, 0x01, 0x80, 0xFE, 0x01, 0x4D, 0xF7, 0x01, 0xFC, 0xFF,
    0x01, 0xD8, 0xFF, 0x01, 0x4D, 0xF7, 0x01, 0x08, 0xFF, 0x01, 0xE5, 0xFE,
    0x01, 0x07, 0xF7, 0x01, 0x71, 0xFF, 0x01, 0xFB, 0xFF, 0x01, 0xD8, 0xFF,
    0x01, 0x07, 0xF7, 0x01, 0xE1, 0xFE, 0x01, 0x01, 0xFF, 0x01, 0xE1, 0xFE,
    0x04, 0xE0, 0xFE, 0x01, 0xC0, 0xFE, 0x01, 0x01, 0xFF, 0x01, 0x41, 0xFD,
    0x01, 0x61, 0xF2, 0x01, 0x22, 0xF2, 0x01, 0xE2, 0xF1, 0x01, 0x82, 0xE9,
    0x01, 0x23, 0xE9, 0x01, 0xA2, 0xEA, 0x01, 0xC4, 0xFD, 0x01, 0x62, 0xE2,
    0x01, 0x23, 0xE1, 0x01, 0x64, 0xE9, 0x01, 0xE5, 0xB8, 0x01, 0x84, 0x70,
    0x01, 0x41, 0x28, 0x01, 0x00, 0x00, 0x02, 0x20, 0x00, 0x1D, 0x00, 0x00,
    0x01, 0x24, 0x21, 0x01, 0x65, 0x29, 0x20, 0x00, 0x00, 0x01, 0x41, 0x30,
    0x01, 0xA5, 0x78, 0x01, 0x86, 0x88, 0x01, 0x05, 0xB9, 0x01, 0x24, 0xE1,
    0x01, 0x04, 0xE1, 0x01, 0x24, 0xE1, 0x01, 0x03, 0xE1, 0x01, 0x82, 0xE2,
    0x01, 0x62, 0xFD, 0x01, 0x20, 0xFE, 0x01, 0x00, 0xFE, 0x01, 0x20, 0xFE,
    0x01, 0xA1, 0xFD, 0x01, 0x00, 0xEB, 0x01, 0x61, 0xFA, 0x01, 0x40, 0xF2,
    0x01, 0x01, 0xF4, 0x01, 0xA1, 0xFE, 0x01, 0xA0, 0xFE, 0x01, 0x2A, 0xFF,
    0x01, 0x90, 0xFF, 0x01, 0xE5, 0xF6, 0x04, 0xE0, 0xFE, 0x01, 0xE2, 0xFE,
    0x01, 0x27, 0xFF, 0x01, 0x05, 0xFF, 0x01, 0xE1, 0xFE, 0x01, 0x01, 0xFF,
    0x02, 0x00, 0xFF, 0x06, 0xE0, 0xFE, 0x01, 0x81, 0xFE, 0x01, 0x41, 0xEB,
    0x01, 0x21, 0xF2, 0x01, 0x22, 0xF2, 0x01, 0xA2, 0xF1, 0x01, 0x43, 0xE9,
    0x01, 0x81, 0xEA, 0x01, 0x63, 0xFE, 0x01, 0x82, 0xEC, 0x01, 0x23, 0xD9,
    0x01, 0x24, 0xE9, 0x01, 0x25, 0xD1, 0x01, 0xA5, 0x80, 0x01, 0x42, 0x38,
    0x01, 0x00, 0x00, 0x01, 0x20, 0x00, 0x1E, 0x00, 0x00, 0x01, 0x24, 0x21,
    0x01, 0x65, 0x29, 0x20, 0x00, 0x00, 0x01, 0x41, 0x28, 0x01, 0xA5, 0x70,
    0x01, 0x86, 0x88, 0x01, 0x05, 0xC1, 0x02, 0x24, 0xE1, 0x01, 0x04, 0xE1,
    0x01, 0x63, 0xE1, 0x01, 0x82, 0xFC, 0x01, 0x01, 0xFE, 0x01, 0x00, 0xFE,
    0x01, 0x20, 0xFE, 0x01, 0xC1, 0xFD, 0x01, 0x81, 0xF3, 0x01, 0x60, 0xF2,
    0x01, 0x81, 0xFA, 0x01, 0x40, 0xF2, 0x01, 0x21, 0xF4, 0x01, 0xC1, 0xFE,
    0x01, 0xC0, 0xFE, 0x01, 0xE1, 0xFE, 0x01, 0xE2, 0xFE, 0x02, 0xE0, 0xFE,
    0x02, 0x00, 0xFF, 0x01, 0x01, 0xFF, 0x07, 0x00, 0xFF, 0x01, 0xE0, 0xFE,
    0x01, 0x00, 0xFF, 0x04, 0xE0, 0xFE, 0x01, 0x01, 0xFF, 0x01, 0xC1, 0xF4,
    0x01, 0x21, 0xEA, 0x01, 0x22, 0xFA, 0x01, 0xC2, 0xF1, 0x01, 0x63, 0xE9,
    0x01, 0x41, 0xE2, 0x01, 0x42, 0xFE, 0x01, 0x03, 0xFE, 0x01, 0xE2, 0xD9,
    0x01, 0xE4, 0xE0, 0x01, 0x45, 0xE1, 0x01, 0xC5, 0x98, 0x01, 0x82, 0x40,
    0x01, 0x00, 0x00, 0x01, 0x20, 0x00, 0x1E, 0x00, 0x00, 0x01, 0x24, 0x21,
    0x01, 0x65, 0x29, 0x20, 0x00, 0x00, 0x01, 0x20, 0x10, 0x01, 0xA4, 0x68,
    0x01, 0x86, 0x88, 0x01, 0x05, 0xB9, 0x02, 0x24, 0xE1, 0x01, 0x04, 0xE1,
    0x01, 0x02, 0xE2, 0x01, 0x21, 0xFD, 0x01, 0xE0, 0xFD, 0x01, 0x01, 0xFE,
    0x01, 0x81, 0xFD, 0x01, 0x81, 0xF3, 0x01, 0x81, 0xF2, 0x01, 0x81, 0xFA,
    0x01, 0xA1, 0xFA, 0x01, 0x61, 0xF2, 0x01, 0xE1, 0xEB, 0x01, 0xA1, 0xFE,
    0x02, 0xC0, 0xFE, 0x04, 0xE0, 0xFE, 0x01, 0x00, 0xFF, 0x01, 0xE0, 0xFE,
    0x06, 0x00, 0xFF, 0x08, 0xE0, 0xFE, 0x01, 0x81, 0xFE, 0x01, 0xE1, 0xEB,
    0x01, 0x01, 0xEA, 0x01, 0xC2, 0xF1, 0x01, 0x42, 0xE9, 0x01, 0x81, 0xE2,
    0x01, 0x41, 0xFE, 0x01, 0xC2, 0xFE, 0x01, 0x22, 0xE3, 0x01, 0xC3, 0xD8,
    0x01, 0x05, 0xE1, 0x01, 0xE5, 0xB0, 0x01, 0xC4, 0x58, 0x01, 0x00, 0x00,
    0x02, 0x20, 0x00, 0x1D, 0x00, 0x00, 0x01, 0x24, 0x21, 0x01, 0x65, 0x29,
    0x20, 0x00, 0x00, 0x01, 0x20, 0x08, 0x01, 0xA4, 0x58, 0x01, 0x86, 0x80,
    0x01, 0x06, 0xB1, 0x02, 0x24, 0xE1, 0x01, 0x04, 0xE1, 0x01, 0x42, 0xEA,
    0x01, 0x21, 0xFD, 0x01, 0xC1, 0xFD, 0x01, 0xA1, 0xF4, 0x01, 0x00, 0xF3,
    0x01, 0x81, 0xF2, 0x01, 0xA1, 0xFA, 0x03, 0x81, 0xFA, 0x01, 0xE0, 0xEA,
    0x01, 0xA1, 0xFD, 0x01, 0x00, 0xFF, 0x01, 0xC0, 0xFE, 0x06, 0xE0, 0xFE,
    0x05, 0x00, 0xFF, 0x09, 0xE0, 0xFE, 0x01, 0x00, 0xFF, 0x01, 0xA2, 0xFE,
    0x01, 0xA1, 0xF4, 0x01, 0xC1, 0xEA, 0x01, 0x41, 0xE2, 0x01, 0xA1, 0xF4,
    0x01, 0xC1, 0xFE, 0x01, 0x01, 0xFF, 0x01, 0x63, 0xEC, 0x01, 0xE3, 0xD8,
    0x01, 0xE5, 0xE0, 0x01, 0xE5, 0xC0, 0x01, 0xA3, 0x58, 0x01, 0x00, 0x08,
    0x02, 0x20, 0x00, 0x1D, 0x00, 0x00, 0x01, 0x24, 0x21, 0x01, 0x85, 0x29,
    0x21, 0x00, 0x00, 0x01, 0x82, 0x40, 0x01, 0xA6, 0x70, 0x01, 0xC6, 0xA0,
    0x01, 0x24, 0xE1, 0x01, 0x24, 0xE9, 0x01, 0x24, 0xE1, 0x01, 0x62, 0xEA,
    0x01, 0x21, 0xFD, 0x01, 0x61, 0xFC, 0x01, 0xA0, 0xF2, 0x01, 0x81, 0xFA,
    0x02, 0xA1, 0xFA, 0x03, 0x81, 0xFA, 0x01, 0x80, 0xF2, 0x01, 0x80, 0xF3,
    0x01, 0xC1, 0xFD, 0x01, 0xE1, 0xFE, 0x06, 0xE0, 0xFE, 0x04, 0x00, 0xFF,
    0x02, 0xE0, 0xFE, 0x02, 0x00, 0xFF, 0x08, 0xE0, 0xFE, 0x01, 0xC1, 0xFE,
    0x02, 0x21, 0xFE, 0x01, 0xC1, 0xFE, 0x01, 0xC0, 0xFE, 0x01, 0xE1, 0xFE,
    0x01, 0x23, 0xF5, 0x01, 0x23, 0xD1, 0x01, 0xE5, 0xE0, 0x01, 0xE5, 0xC8,
    0x01, 0xA4, 0x60, 0x01, 0x00, 0x08, 0x02, 0x20, 0x00, 0x1D, 0x00, 0x00,
    0x01, 0x24, 0x21, 0x01, 0x65, 0x29, 0x21, 0x00, 0x00, 0x01, 0x21, 0x20,
    0x01, 0xA5, 0x68, 0x01, 0xC6, 0x90, 0x01, 0x25, 0xD1, 0x01, 0x44, 0xE9,
    0x01, 0x24, 0xE9, 0x01, 0x42, 0xEA, 0x01, 0xC2, 0xFC, 0x01, 0x60, 0xF3,
    0x01, 0x81, 0xF2, 0x01, 0xC1, 0xFA, 0x01, 0xA1, 0xFA, 0x02, 0xA1, 0xF2,
    0x01, 0xA1, 0xFA, 0x01, 0x81, 0xFA, 0x01, 0xA1, 0xFA, 0x01, 0xA0, 0xF2,
    0x01, 0x40, 0xF3, 0x01, 0x61, 0xFD, 0x01, 0xE1, 0xFE, 0x06, 0xE0, 0xFE,
    0x07, 0x00, 0xFF, 0x08, 0xE0, 0xFE, 0x01, 0xC0, 0xFE, 0x02, 0xE0, 0xFE,
    0x02, 0xC0, 0xFE, 0x01, 0xE1, 0xFE, 0x01, 0x63, 0xF5, 0x01, 0x43, 0xD1,
    0x01, 0xC5, 0xE0, 0x01, 0xE5, 0xC8, 0x01, 0xA3, 0x60, 0x01, 0x00, 0x08,
    0x02, 0x20, 0x00, 0x1D, 0x00, 0x00, 0x01, 0x24, 0x21, 0x01, 0x65, 0x29,
    0x22, 0x00, 0x00, 0x01, 0x83, 0x48, 0x01, 0xA6, 0x80, 0x01, 0xE6, 0xB8,
    0x01, 0x44, 0xE9, 0x01, 0x23, 0xE9, 0x01, 0x02, 0xEA, 0x01, 0x42, 0xFC,
    0x01, 0x01, 0xF3, 0x01, 0x81, 0xFA, 0x01, 0xA1, 0xFA, 0x01, 0xA1, 0xF2,
    0x01, 0xC1, 0xFA, 0x01, 0xA2, 0xFA, 0x01, 0x82, 0xF2, 0x01, 0xA2, 0xFA,
    0x01, 0xA1, 0xFA, 0x01, 0xC1, 0xFA, 0x01, 0xC0, 0xFA, 0x01, 0x20, 0xF3,
    0x01, 0x41, 0xF5, 0x04, 0xE0, 0xFE, 0x05, 0x00, 0xFF, 0x01, 0xE0, 0xFE,
    0x02, 0x00, 0xFF, 0x03, 0xE0, 0xFE, 0x01, 0x00, 0xFF, 0x07, 0xE0, 0xFE,
    0x03, 0xC0, 0xFE, 0x01, 0x00, 0xFF, 0x01, 0xA3, 0xF5, 0x01, 0x42, 0xD1,
    0x01, 0xC5, 0xE0, 0x01, 0xE5, 0xC8, 0x01, 0xC4, 0x60, 0x01, 0x00, 0x08,
    0x02, 0x20, 0x00, 0x1D, 0x00, 0x00, 0x01, 0x24, 0x21, 0x01, 0x65, 0x29,
    0x22, 0x00, 0x00, 0x01, 0x41, 0x20, 0x01, 0xC5, 0x70, 0x01, 0xC6, 0x98,
    0x01, 0x45, 0xD1, 0x01, 0x23, 0xE9, 0x01, 0xA2, 0xE1, 0x01, 0xA2, 0xFB,
    0x01, 0xC1, 0xF2, 0x01, 0x81, 0xFA, 0x01, 0xA1, 0xFA, 0x01, 0xC1, 0xFA,
    0x01, 0x83, 0xEA, 0x01, 0xC4, 0xB9, 0x01, 0x43, 0xA9, 0x01, 0x04, 0xDA,
    0x01, 0xC2, 0xFA, 0x01, 0xC1, 0xFA, 0x01, 0xE1, 0xFA, 0x01, 0xE0, 0xFA,
    0x01, 0x60, 0xF3, 0x01, 0x01, 0xFE, 0x01, 0x00, 0xFF, 0x02, 0xE0, 0xFE,
    0x08, 0x00, 0xFF, 0x01, 0xE0, 0xFE, 0x01, 0x00, 0xFF, 0x01, 0x60, 0xFE,
    0x01, 0x01, 0xFE, 0x01, 0xC1, 0xFE, 0x03, 0xE0, 0xFE, 0x01, 0x61, 0xFE,
    0x01, 0x01, 0xF5, 0x01, 0xC1, 0xFD, 0x01, 0xC1, 0xFE, 0x01, 0xE0, 0xFE,
    0x01, 0xC0, 0xFE, 0x01, 0x00, 0xFF, 0x01, 0x83, 0xF5, 0x01, 0x42, 0xD1,
    0x01, 0xC5, 0xE0, 0x01, 0xE5, 0xC0, 0x01, 0xA2, 0x50, 0x01, 0x00, 0x00,
    0x02, 0x20, 0x00, 0x1D, 0x00, 0x00, 0x01, 0x24, 0x21, 0x01, 0x45, 0x29,
    0x01, 0x00, 0x00, 0x01, 0x20, 0x00, 0x21, 0x00, 0x00, 0x01, 0xA3, 0x48,
    0x01, 0xC6, 0x88, 0x01, 0x06, 0xB1, 0x01, 0x44, 0xE1, 0x01, 0x62, 0xE1,
    0x01, 0xA2, 0xF2, 0x01, 0xA1, 0xFA, 0x01, 0x81, 0xF2, 0x01, 0xA2, 0xFA,
    0x01, 0x43, 0xDA, 0x01, 0x43, 0x89, 0x02, 0x41, 0x38, 0x01, 0x03, 0x89,
    0x01, 0x03, 0xDA, 0x01, 0xC2, 0xFA, 0x01, 0xE1, 0xFA, 0x01, 0x01, 0xFB,
    0x01, 0xE0, 0xF2, 0x01, 0xA1, 0xF4, 0x01, 0x01, 0xFF, 0x02, 0xE0, 0xFE,
    0x01, 0x00, 0xFF, 0x01, 0xE0, 0xFE, 0x06, 0x00, 0xFF, 0x01, 0xE0, 0xFE,
    0x01, 0x01, 0xFF, 0x01, 0x60, 0xF5, 0x01, 0x20, 0xF4, 0x01, 0x40, 0xF5,
    0x01, 0xC1, 0xFE, 0x01, 0xE0, 0xFE, 0x01, 0x00, 0xFF, 0x01, 0xC1, 0xFD,
    0x01, 0x20, 0xEB, 0x01, 0x40, 0xF3, 0x01, 0x61, 0xF4, 0x01, 0x01, 0xFE,
    0x01, 0xC0, 0xFE, 0x01, 0x00, 0xFF, 0x01, 0x63, 0xF5, 0x01, 0x22, 0xD1,
    0x01, 0xC5, 0xE0, 0x01, 0xC4, 0xB8, 0x01, 0x62, 0x50, 0x01, 0x00, 0x00,
    0x02, 0x20, 0x00, 0x1D, 0x00, 0x00, 0x01, 0x24, 0x21, 0x01, 0x65, 0x29,
    0x23, 0x00, 0x00, 0x01, 0x20, 0x10, 0x01, 0xC5, 0x60, 0x01, 0xC6, 0x90,
    0x01, 0x25, 0xC9, 0x01, 0x63, 0xE1, 0x01, 0xE2, 0xF1, 0x01, 0x61, 0xFA,
    0x01, 0x81, 0xFA, 0x01, 0x62, 0xF2, 0x01, 0x43, 0x99, 0x01, 0x20, 0x20,
    0x02, 0x00, 0x00, 0x01, 0x61, 0x30, 0x01, 0x64, 0x99, 0x01, 0x43, 0xEA,
    0x01, 0xE2, 0xFA, 0x01, 0x01, 0xFB, 0x01, 0xE0, 0xFA, 0x01, 0x20, 0xF4,
    0x01, 0xC1, 0xFE, 0x05, 0x00, 0xFF, 0x01, 0xE0, 0xFE, 0x01, 0x00, 0xFF,
    0x03, 0xE0, 0xFE, 0x01, 0x00, 0xFF, 0x01, 0xE1, 0xFE, 0x01, 0x00, 0xF5,
    0x01, 0x00, 0xFC, 0x01, 0x20, 0xFC, 0x01, 0xC1, 0xFD, 0x01, 0xE0, 0xFE,
    0x01, 0xE1, 0xFE, 0x01, 0x01, 0xF5, 0x01, 0x00, 0xF3, 0x01, 0x21, 0xFB,
    0x01, 0x00, 0xFB, 0x01, 0x60, 0xEB, 0x01, 0x81, 0xF5, 0x01, 0x01, 0xFF,
    0x01, 0x03, 0xF5, 0x01, 0x03, 0xD1, 0x01, 0xE5, 0xE0, 0x01, 0x05, 0xA9,
    0x01, 0x41, 0x40, 0x01, 0x00, 0x00, 0x02, 0x20, 0x00, 0x1D, 0x00, 0x00,
    0x01, 0x24, 0x21, 0x01, 0x65, 0x29, 0x24, 0x00, 0x00, 0x01, 0x41, 0x20,
    0x01, 0xC5, 0x70, 0x01, 0xC6, 0xA0, 0x01, 0x24, 0xD1, 0x01, 0xA2, 0xE9,
    0x01, 0x61, 0xF2, 0x01, 0x81, 0xFA, 0x01, 0x23, 0xE2, 0x01, 0xE3, 0x70,
    0x01, 0x00, 0x08, 0x01, 0x00, 0x00, 0x01, 0x20, 0x00, 0x01, 0x00, 0x08,
    0x01, 0xC3, 0x60, 0x01, 0xC4, 0xD1, 0x01, 0xC2, 0xFA, 0x01, 0x01, 0xFB,
    0x01, 0x00, 0xFB, 0x01, 0xC0, 0xF3, 0x01, 0x81, 0xFE, 0x07, 0x00, 0xFF,
    0x03, 0xE0, 0xFE, 0x01, 0x00, 0xFF, 0x01, 0x81, 0xFE, 0x01, 0x80, 0xF4,
    0x01, 0x20, 0xFC, 0x01, 0x00, 0xFC, 0x01, 0xE0, 0xF4, 0x02, 0xC1, 0xFE,
    0x01, 0x61, 0xF4, 0x01, 0x00, 0xF3, 0x01, 0x20, 0xFB, 0x01, 0x21, 0xFB,
    0x01, 0x00, 0xFB, 0x01, 0xC0, 0xEB, 0x01, 0xC2, 0xFE, 0x01, 0x63, 0xEC,
    0x01, 0xC3, 0xD8, 0x01, 0xE5, 0xD8, 0x01, 0xE4, 0x88, 0x01, 0x41, 0x28,
    0x20, 0x00, 0x00, 0x01, 0x24, 0x21, 0x01, 0x45, 0x29, 0x25, 0x00, 0x00,
    0x01, 0xA3, 0x38, 0x01, 0xC6, 0x80, 0x01, 0xE5, 0xB8, 0x01, 0x83, 0xE1,
    0x01, 0x21, 0xF2, 0x01, 0x81, 0xFA, 0x01, 0xE3, 0xD1, 0x01, 0xA2, 0x50,
    0x01, 0x00, 0x00, 0x02, 0x20, 0x00, 0x01, 0x00, 0x00, 0x01, 0x82, 0x40,
    0x01, 0x44, 0xB1, 0x01, 0xA3, 0xF2, 0x02, 0x21, 0xFB, 0x01, 0x80, 0xF3,
    0x01, 0x41, 0xFE, 0x01, 0x20, 0xFF, 0x07, 0x00, 0xFF, 0x02, 0xE0, 0xFE,
    0x01, 0x01, 0xFF, 0x01, 0xC1, 0xFD, 0x01, 0x20, 0xF4, 0x02, 0x20, 0xFC,
    0x01, 0xA0, 0xF4, 0x01, 0xC1, 0xFE, 0x01, 0xE1, 0xFD, 0x01, 0x40, 0xF3,
    0x01, 0x00, 0xFB, 0x02, 0x20, 0xFB, 0x01, 0x00, 0xFB, 0x01, 0x60, 0xF3,
    0x01, 0x03, 0xFE, 0x01, 0x23, 0xE3, 0x01, 0xA4, 0xD8, 0x01, 0xE5, 0xD0,
    0x01, 0xC4, 0x78, 0x01, 0x20, 0x10, 0x20, 0x00, 0x00, 0x01, 0x24, 0x21,
    0x01, 0x45, 0x29, 0x26, 0x00, 0x00, 0x01, 0xC4, 0x50, 0x01, 0xC6, 0xA0,
    0x01, 0x24, 0xD1, 0x01, 0x22, 0xF2, 0x01, 0x42, 0xF2, 0x01, 0xC4, 0xC9,
    0x01, 0x62, 0x40, 0x01, 0x00, 0x00, 0x02, 0x20, 0x00, 0x01, 0x00, 0x00,
    0x01, 0x00, 0x18, 0x01, 0x24, 0xA1, 0x01, 0xA3, 0xFA, 0x02, 0x21, 0xFB,
    0x01, 0x60, 0xF3, 0x01, 0x21, 0xFE, 0x01, 0x20, 0xFF, 0x07, 0x00, 0xFF,
    0x01, 0xE0, 0xFE, 0x01, 0x00, 0xFF, 0x01, 0xC1, 0xFE, 0x01, 0xC0, 0xF4,
    0x03, 0x20, 0xFC, 0x01, 0xA0, 0xF4, 0x01, 0xA2, 0xFE, 0x01, 0xC1, 0xF4,
    0x01, 0x00, 0xF3, 0x01, 0x40, 0xFB, 0x02, 0x41, 0xFB, 0x01, 0x00, 0xFB,
    0x01, 0xA0, 0xF3, 0x01, 0x64, 0xFD, 0x01, 0xA2, 0xD9, 0x01, 0xC4, 0xE0,
    0x01, 0xE5, 0xB8, 0x01, 0xA3, 0x58, 0x1F, 0x00, 0x00, 0x01, 0x20, 0x00,
    0x01, 0x00, 0x00, 0x01, 0x24, 0x21, 0x01, 0x45, 0x29, 0x26, 0x00, 0x00,
    0x01, 0x20, 0x10, 0x01, 0xE5, 0x68, 0x01, 0xE5, 0xB0, 0x01, 0xE3, 0xE1,
    0x01, 0x42, 0xF2, 0x01, 0xA4, 0xC1, 0x01, 0x62, 0x48, 0x01, 0x00, 0x00,
    0x02, 0x20, 0x00, 0x01, 0x00, 0x00, 0x01, 0x41, 0x20, 0x01, 0x65, 0xA9,
    0x01, 0x83, 0xF2, 0x02, 0x21, 0xFB, 0x01, 0x80, 0xF3, 0x01, 0x21, 0xFE,
    0x01, 0x20, 0xFF, 0x08, 0x00, 0xFF, 0x01, 0x01, 0xFF, 0x01, 0x60, 0xF5,
    0x03, 0x20, 0xFC, 0x01, 0x00, 0xFC, 0x01, 0x41, 0xF5, 0x01, 0xC2, 0xFD,
    0x01, 0x40, 0xF3, 0x01, 0x20, 0xFB, 0x01, 0x21, 0xFB, 0x01, 0x62, 0xF2,
    0x01, 0xE1, 0xE9, 0x01, 0xC1, 0xFA, 0x01, 0x21, 0xF4, 0x01, 0x24, 0xEC,
    0x01, 0xC3, 0xD0, 0x01, 0xE5, 0xD8, 0x01, 0xE5, 0x98, 0x01, 0x62, 0x30,
    0x21, 0x00, 0x00, 0x01, 0x44, 0x21, 0x01, 0x45, 0x29, 0x27, 0x00, 0x00,
    0x01, 0x82, 0x30, 0x01, 0xE5, 0x90, 0x01, 0x84, 0xD9, 0x01, 0x23, 0xF2,
    0x01, 0x84, 0xB1, 0x01, 0x82, 0x38, 0x04, 0x00, 0x00, 0x01, 0x62, 0x38,
    0x01, 0x84, 0xB9, 0x01, 0xC3, 0xFA, 0x01, 0x41, 0xFB, 0x01, 0x20, 0xFB,
    0x01, 0xC0, 0xF3, 0x01, 0x81, 0xFE, 0x01, 0x20, 0xFF, 0x07, 0x00, 0xFF,
    0x01, 0x01, 0xFF, 0x01, 0xC1, 0xFD, 0x01, 0x40, 0xF4, 0x03, 0x20, 0xFC,
    0x01, 0x40, 0xF4, 0x01, 0xC2, 0xFD, 0x01, 0x21, 0xF4, 0x01, 0x01, 0xFB,
    0x01, 0xA2, 0xFA, 0x01, 0x82, 0xE1, 0x01, 0xE3, 0xD8, 0x01, 0xC3, 0xD8,
    0x01, 0xC1, 0xE9, 0x01, 0x83, 0xFC, 0x01, 0x83, 0xE2, 0x01, 0xA4, 0xD8,
    0x01, 0xE6, 0xC8, 0x01, 0xC4, 0x78, 0x01, 0x20, 0x18, 0x21, 0x00, 0x00,
    0x01, 0x44, 0x21, 0x01, 0x65, 0x29, 0x27, 0x00, 0x00, 0x01, 0x00, 0x08,
    0x01, 0xA4, 0x58, 0x01, 0x45, 0xC1, 0x01, 0x03, 0xF2, 0x01, 0x44, 0xA9,
    0x01, 0x41, 0x28, 0x03, 0x00, 0x00, 0x01, 0x00, 0x08, 0x01, 0x04, 0x71,
    0x01, 0xC5, 0xD9, 0x01, 0xC2, 0xFA, 0x01, 0x41, 0xFB, 0x01, 0x00, 0xFB,
    0x01, 0x60, 0xF4, 0x01, 0xE1, 0xFE, 0x07, 0x00, 0xFF, 0x01, 0xA1, 0xFE,
    0x01, 0x81, 0xFD, 0x01, 0x60, 0xFC, 0x03, 0x40, 0xFC, 0x01, 0x20, 0xFC,
    0x01, 0x41, 0xFD, 0x01, 0x42, 0xFD, 0x01, 0x21, 0xF3, 0x01, 0x22, 0xEA,
    0x01, 0x03, 0xD9, 0x01, 0xC4, 0xE0, 0x01, 0xE5, 0xE0, 0x01, 0xC4, 0xE0,
    0x01, 0xA3, 0xE1, 0x01, 0x24, 0xEB, 0x01, 0x03, 0xD9, 0x01, 0xE5, 0xE0,
    0x01, 0xE6, 0xB0, 0x01, 0x83, 0x48, 0x22, 0x00, 0x00, 0x01, 0x44, 0x21,
    0x01, 0x65, 0x29, 0x28, 0x00, 0x00, 0x01, 0x21, 0x20, 0x01, 0x45, 0xA9,
    0x01, 0xE5, 0xE9, 0x01, 0x04, 0x89, 0x01, 0x20, 0x10, 0x03, 0x00, 0x00,
    0x01, 0x20, 0x18, 0x01, 0x24, 0x91, 0x01, 0xE4, 0xE1, 0x01, 0xA1, 0xFA,
    0x01, 0x20, 0xFB, 0x01, 0x40, 0xF3, 0x01, 0xE1, 0xFD, 0x01, 0x21, 0xFF,
    0x01, 0x01, 0xFF, 0x03, 0x00, 0xFF, 0x01, 0x20, 0xFF, 0x01, 0x21, 0xFF,
    0x01, 0x01, 0xFE, 0x01, 0xA0, 0xF4, 0x05, 0x40, 0xFC, 0x01, 0xA0, 0xFC,
    0x01, 0x82, 0xFD, 0x01, 0x61, 0xF3, 0x01, 0x82, 0xE1, 0x01, 0xE4, 0xD8,
    0x01, 0xE5, 0xD8, 0x01, 0xC5, 0xD0, 0x01, 0xE5, 0xE0, 0x01, 0xE4, 0xE0,
    0x01, 0x04, 0xE1, 0x01, 0xE3, 0xE0, 0x01, 0xE4, 0xE0, 0x01, 0x05, 0xD1,
    0x01, 0xE5, 0x88, 0x01, 0x61, 0x20, 0x22, 0x00, 0x00, 0x01, 0x44, 0x21,
    0x01, 0x65, 0x29, 0x28, 0x00, 0x00, 0x01, 0x20, 0x18, 0x01, 0x66, 0xA9,
    0x01, 0xA6, 0xC9, 0x01, 0x82, 0x40, 0x04, 0x00, 0x00, 0x01, 0x62, 0x38,
    0x01, 0x45, 0xB9, 0x01, 0x23, 0xF2, 0x01, 0x81, 0xFA, 0x01, 0x60, 0xF3,
    0x01, 0x61, 0xF5, 0x01, 0x01, 0xFF, 0x04, 0x00, 0xFF, 0x01, 0x20, 0xFF,
    0x01, 0xE1, 0xFE, 0x01, 0x81, 0xF5, 0x01, 0x60, 0xFC, 0x01, 0x20, 0xFC,
    0x03, 0x40, 0xFC, 0x01, 0x60, 0xFC, 0x01, 0x81, 0xFC, 0x01, 0x63, 0xFC,
    0x01, 0xA3, 0xE2, 0x01, 0xE3, 0xD8, 0x01, 0xC4, 0xE0, 0x01, 0xE5, 0xE0,
    0x01, 0xC5, 0xA8, 0x01, 0xA4, 0xA8, 0x01, 0xE5, 0xE0, 0x01, 0xE4, 0xE0,
    0x02, 0xC4, 0xE0, 0x01, 0xE5, 0xE0, 0x01, 0x06, 0xB9, 0x01, 0xA3, 0x50,
    0x23, 0x00, 0x00, 0x01, 0x24, 0x21, 0x01, 0x65, 0x29, 0x28, 0x00, 0x00,
    0x01, 0x21, 0x20, 0x01, 0x46, 0xA9, 0x01, 0x05, 0x81, 0x01, 0x20, 0x10,
    0x03, 0x00, 0x00, 0x01, 0x00, 0x08, 0x01, 0xE4, 0x70, 0x01, 0xE4, 0xD9,
    0x01, 0x21, 0xF2, 0x01, 0xE0, 0xF2, 0x01, 0x81, 0xFD, 0x01, 0x01, 0xFF,
    0x04, 0x00, 0xFF, 0x01, 0x21, 0xFF, 0x01, 0x81, 0xFE, 0x01, 0xE0, 0xF4,
    0x02, 0x20, 0xFC, 0x01, 0x60, 0xFC, 0x02, 0x61, 0xFC, 0x01, 0x81, 0xFC,
    0x01, 0x22, 0xFC, 0x01, 0x83, 0xE2, 0x01, 0x43, 0xD9, 0x01, 0xC4, 0xE0,
    0x01, 0xE4, 0xE0, 0x01, 0xE5, 0xE0, 0x01, 0x05, 0xB1, 0x01, 0x84, 0x68,
    0x01, 0xC5, 0xB8, 0x01, 0x05, 0xE9, 0x03, 0xE4, 0xE0, 0x01, 0x05, 0xD1,
    0x01, 0xC5, 0x78, 0x01, 0x20, 0x10, 0x23, 0x00, 0x00, 0x01, 0x24, 0x21,
    0x01, 0x65, 0x29, 0x23, 0x00, 0x00, 0x02, 0x20, 0x00, 0x03, 0x00, 0x00,
    0x01, 0x62, 0x38, 0x01, 0x27, 0x81, 0x01, 0xA2, 0x30, 0x04, 0x00, 0x00,
    0x01, 0x62, 0x38, 0x01, 0x65, 0xB1, 0x01, 0x22, 0xF2, 0x01, 0x00, 0xEA,
    0x01, 0xE1, 0xEB, 0x01, 0xE1, 0xFE, 0x03, 0x00, 0xFF, 0x01, 0xE0, 0xFE,
    0x01, 0x21, 0xFF, 0x01, 0x41, 0xFE, 0x01, 0xA0, 0xF4, 0x01, 0x20, 0xFC,
    0x01, 0x61, 0xFC, 0x01, 0x41, 0xFC, 0x01, 0x82, 0xF3, 0x01, 0x82, 0xEA,
    0x01, 0x43, 0xE2, 0x01, 0x63, 0xEA, 0x01, 0x83, 0xE1, 0x01, 0xC4, 0xD8,
    0x01, 0xC4, 0xE0, 0x01, 0xE4, 0xE8, 0x01, 0xE5, 0xD8, 0x01, 0x06, 0xA9,
    0x01, 0xA3, 0x58, 0x01, 0xA4, 0x70, 0x01, 0x06, 0xD9, 0x01, 0x05, 0xE9,
    0x01, 0xE5, 0xE0, 0x01, 0xE4, 0xE0, 0x01, 0x05, 0xD9, 0x01, 0xE5, 0x98,
    0x01, 0x62, 0x38, 0x24, 0x00, 0x00, 0x01, 0x24, 0x21, 0x01, 0x65, 0x29,
    0x23, 0x00, 0x00, 0x04, 0x20, 0x00, 0x01, 0x00, 0x00, 0x01, 0x41, 0x18,
    0x01, 0x21, 0x18, 0x04, 0x00, 0x00, 0x01, 0x41, 0x28, 0x01, 0x25, 0x99,
    0x01, 0xE3, 0xE1, 0x01, 0x01, 0xF2, 0x01, 0x00, 0xEA, 0x01, 0xA1, 0xF4,
    0x01, 0xE1, 0xFE, 0x02, 0x00, 0xFF, 0x01, 0xE0, 0xFE, 0x01, 0x01, 0xFF,
    0x01, 0x41, 0xFE, 0x01, 0x60, 0xF4, 0x01, 0x40, 0xFC, 0x01, 0x22, 0xFC,
    0x01, 0xE2, 0xF2, 0x01, 0x03, 0xE2, 0x01, 0x24, 0xD9, 0x01, 0xE4, 0xD8,
    0x01, 0xE4, 0xE0, 0x01, 0xC4, 0xD8, 0x01, 0xC4, 0xE0, 0x02, 0xE5, 0xE0,
    0x01, 0xE5, 0xC8, 0x01, 0x05, 0x91, 0x01, 0x82, 0x38, 0x01, 0x41, 0x38,
    0x01, 0x06, 0xB1, 0x01, 0x25, 0xE9, 0x03, 0x05, 0xE1, 0x01, 0x06, 0xA9,
    0x01, 0x83, 0x48, 0x01, 0x00, 0x08, 0x24, 0x00, 0x00, 0x01, 0x24, 0x21,
    0x01, 0x45, 0x29, 0x26, 0x00, 0x00, 0x01, 0x20, 0x00, 0x06, 0x00, 0x00,
    0x01, 0x41, 0x20, 0x01, 0xE5, 0x88, 0x01, 0xC4, 0xD9, 0x01, 0x22, 0xF2,
    0x01, 0x01, 0xF2, 0x01, 0x60, 0xF2, 0x01, 0xE1, 0xFC, 0x01, 0xE1, 0xFE,
    0x01, 0x00, 0xFF, 0x01, 0xE0, 0xFE, 0x01, 0x00, 0xFF, 0x01, 0x61, 0xFE,
    0x01, 0xA0, 0xF4, 0x01, 0x21, 0xFC, 0x01, 0x62, 0xF3, 0x01, 0xC3, 0xE1,
    0x01, 0xE4, 0xD8, 0x01, 0xC4, 0xE0, 0x01, 0xE5, 0xE0, 0x03, 0x05, 0xE1,
    0x01, 0x05, 0xE9, 0x01, 0x06, 0xD9, 0x01, 0x06, 0xB1, 0x01, 0xC4, 0x78,
    0x01, 0x41, 0x28, 0x01, 0x00, 0x18, 0x01, 0x06, 0x89, 0x01, 0x26, 0xE1,
    0x01, 0x25, 0xE9, 0x01, 0x05, 0xE9, 0x01, 0x26, 0xE1, 0x01, 0x06, 0xB1,
    0x01, 0x83, 0x50, 0x01, 0x00, 0x08, 0x25, 0x00, 0x00, 0x01, 0x24, 0x21,
    0x01, 0x65, 0x29, 0x01, 0x00, 0x00, 0x01, 0x20, 0x00, 0x2A, 0x00, 0x00,
    0x01, 0x20, 0x18, 0x01, 0xE5, 0x78, 0x01, 0x65, 0xD1, 0x01, 0x02, 0xF2,
    0x01, 0x21, 0xF2, 0x01, 0x01, 0xF2, 0x01, 0xA0, 0xF2, 0x01, 0xE1, 0xF4,
    0x01, 0xC1, 0xFE, 0x02, 0x00, 0xFF, 0x01, 0xA1, 0xFE, 0x01, 0xE1, 0xF4,
    0x01, 0x82, 0xF3, 0x01, 0x02, 0xEA, 0x01, 0xE3, 0xD8, 0x01, 0xC5, 0xD8,
    0x05, 0xE5, 0xE0, 0x01, 0x05, 0xD9, 0x01, 0x26, 0xC1, 0x01, 0xE5, 0x90,
    0x01, 0x82, 0x48, 0x01, 0x20, 0x18, 0x01, 0x00, 0x00, 0x01, 0x83, 0x50,
    0x01, 0x07, 0xC9, 0x02, 0x25, 0xE9, 0x01, 0x26, 0xE1, 0x01, 0x26, 0xA9,
    0x01, 0x83, 0x40, 0x01, 0x00, 0x08, 0x26, 0x00, 0x00, 0x01, 0x24, 0x21,
    0x01, 0x65, 0x29, 0x01, 0x00, 0x00, 0x01, 0x20, 0x00, 0x20, 0x00, 0x00,
    0x01, 0x20, 0x00, 0x02, 0x00, 0x00, 0x01, 0x00, 0x08, 0x01, 0x63, 0x38,
    0x01, 0x42, 0x30, 0x03, 0x00, 0x00, 0x01, 0x00, 0x08, 0x01, 0xC4, 0x58,
    0x01, 0x66, 0xC1, 0x01, 0x03, 0xF2, 0x02, 0x41, 0xF2, 0x01, 0x21, 0xF2,
    0x01, 0xC1, 0xF2, 0x01, 0x01, 0xF5, 0x01, 0xC1, 0xFE, 0x01, 0x00, 0xFF,
    0x01, 0xC1, 0xFE, 0x01, 0x01, 0xF5, 0x01, 0x62, 0xF3, 0x01, 0x43, 0xD9,
    0x01, 0xA4, 0xD8, 0x01, 0xC5, 0xE0, 0x04, 0xE5, 0xE0, 0x01, 0x06, 0xE1,
    0x01, 0x06, 0xC1, 0x01, 0x06, 0x99, 0x01, 0xA3, 0x58, 0x01, 0x20, 0x20,
    0x01, 0x00, 0x08, 0x01, 0x00, 0x00, 0x01, 0x20, 0x10, 0x01, 0xE5, 0x90,
    0x01, 0x26, 0xE9, 0x01, 0x05, 0xE9, 0x01, 0x26, 0xE1, 0x01, 0xE5, 0x98,
    0x01, 0x62, 0x38, 0x02, 0x00, 0x00, 0x01, 0x20, 0x00, 0x25, 0x00, 0x00,
    0x01, 0x44, 0x21, 0x01, 0x65, 0x29, 0x22, 0x00, 0x00, 0x01, 0x20, 0x00,
    0x01, 0x00, 0x00, 0x01, 0x41, 0x28, 0x01, 0xE5, 0x80, 0x01, 0x48, 0xB1,
    0x01, 0xC4, 0x68, 0x01, 0x00, 0x08, 0x02, 0x00, 0x00, 0x01, 0x82, 0x38,
    0x01, 0x26, 0xA1, 0x01, 0xE4, 0xE9, 0x01, 0x61, 0xFA, 0x03, 0x41, 0xF2,
    0x01, 0x01, 0xF3, 0x01, 0x41, 0xFD, 0x01, 0xE1, 0xFE, 0x01, 0x01, 0xFF,
    0x01, 0x01, 0xFE, 0x01, 0x62, 0xEB, 0x01, 0x23, 0xD9, 0x01, 0xC5, 0xD8,
    0x02, 0xE5, 0xD8, 0x01, 0xC5, 0xD8, 0x01, 0xC5, 0xE0, 0x01, 0xE5, 0xD8,
    0x01, 0x06, 0xC1, 0x01, 0x06, 0x91, 0x01, 0x83, 0x50, 0x01, 0x21, 0x20,
    0x01, 0x00, 0x08, 0x03, 0x00, 0x00, 0x01, 0x21, 0x20, 0x01, 0x06, 0xB1,
    0x01, 0x05, 0xF9, 0x01, 0x05, 0xD9, 0x01, 0xC4, 0x90, 0x01, 0x62, 0x38,
    0x03, 0x00, 0x00, 0x01, 0x20, 0x00, 0x25, 0x00, 0x00, 0x01, 0x44, 0x21,
    0x01, 0x65, 0x29, 0x23, 0x00, 0x00, 0x01, 0x41, 0x28, 0x01, 0xE6, 0x90,
    0x01, 0x47, 0xE1, 0x01, 0x26, 0xC9, 0x01, 0x62, 0x50, 0x03, 0x00, 0x08,
    0x01, 0xA4, 0x60, 0x01, 0x46, 0xC1, 0x01, 0x63, 0xFA, 0x03, 0x61, 0xFA,
    0x01, 0x41, 0xF2, 0x01, 0x40, 0xF3, 0x01, 0x21, 0xFE, 0x01, 0x01, 0xFF,
    0x01, 0xE1, 0xFE, 0x01, 0xE2, 0xF4, 0x01, 0x62, 0xD9, 0x01, 0xA5, 0xD8,
    0x04, 0xE5, 0xD8, 0x01, 0x06, 0xD1, 0x01, 0xE6, 0xA0, 0x01, 0x83, 0x48,
    0x01, 0x21, 0x18, 0x03, 0x00, 0x00, 0x02, 0x20, 0x00, 0x01, 0x00, 0x00,
    0x01, 0x42, 0x30, 0x01, 0x07, 0xC1, 0x01, 0x26, 0xE9, 0x01, 0xC4, 0x88,
    0x01, 0x41, 0x28, 0x01, 0x00, 0x00, 0x01, 0x20, 0x00, 0x28, 0x00, 0x00,
    0x01, 0x24, 0x21, 0x01, 0x65, 0x29, 0x22, 0x00, 0x00, 0x01, 0x00, 0x08,
    0x01, 0xC5, 0x70, 0x01, 0x27, 0xD1, 0x01, 0x46, 0xE1, 0x01, 0x05, 0xA9,
    0x01, 0x62, 0x38, 0x02, 0x00, 0x00, 0x01, 0x41, 0x28, 0x01, 0xC5, 0x80,
    0x01, 0xA5, 0xD9, 0x01, 0x82, 0xFA, 0x02, 0x61, 0xFA, 0x01, 0x41, 0xFA,
    0x01, 0x20, 0xEA, 0x01, 0xA1, 0xF4, 0x01, 0xE1, 0xFE, 0x01, 0xE0, 0xFE,
    0x01, 0x82, 0xFE, 0x01, 0xC2, 0xE2, 0x01, 0xA4, 0xD8, 0x01, 0xE5, 0xE0,
    0x02, 0xC5, 0xD8, 0x01, 0xE5, 0xD8, 0x01, 0x06, 0xC9, 0x01, 0xE5, 0x88,
    0x01, 0x42, 0x30, 0x04, 0x00, 0x00, 0x03, 0x20, 0x00, 0x01, 0x00, 0x00,
    0x01, 0x42, 0x38, 0x01, 0x27, 0xB1, 0x01, 0x05, 0xA1, 0x01, 0x61, 0x30,
    0x01, 0x00, 0x00, 0x02, 0x20, 0x00, 0x28, 0x00, 0x00, 0x01, 0x24, 0x21,
    0x01, 0x65, 0x29, 0x22, 0x00, 0x00, 0x01, 0x62, 0x30, 0x01, 0x27, 0x99,
    0x01, 0x26, 0xD9, 0x01, 0x26, 0xD1, 0x01, 0xE5, 0x78, 0x01, 0x41, 0x20,
    0x02, 0x00, 0x00, 0x01, 0x62, 0x40, 0x01, 0xC6, 0xA8, 0x01, 0xC4, 0xE1,
    0x01, 0x82, 0xFA, 0x01, 0x61, 0xFA, 0x01, 0x61, 0xF2, 0x01, 0x61, 0xF3,
    0x01, 0xC1, 0xF4, 0x01, 0xA1, 0xFE, 0x01, 0x00, 0xFF, 0x01, 0x21, 0xFF,
    0x01, 0x43, 0xF5, 0x01, 0x23, 0xD9, 0x01, 0xC5, 0xE0, 0x03, 0xC5, 0xD8,
    0x01, 0xE5, 0xD0, 0x01, 0xE5, 0x88, 0x01, 0x41, 0x20, 0x05, 0x00, 0x00,
    0x03, 0x20, 0x00, 0x01, 0x00, 0x00, 0x01, 0x83, 0x48, 0x01, 0x07, 0x99,
    0x01, 0x82, 0x50, 0x01, 0x00, 0x08, 0x01, 0x00, 0x00, 0x01, 0x20, 0x00,
    0x29, 0x00, 0x00, 0x01, 0x24, 0x21, 0x01, 0x65, 0x29, 0x22, 0x00, 0x00,
    0x01, 0x42, 0x48, 0x01, 0x06, 0xA9, 0x01, 0x46, 0xD9, 0x01, 0x05, 0xB9,
    0x01, 0xC4, 0x58, 0x02, 0x00, 0x00, 0x01, 0x00, 0x08, 0x01, 0xC5, 0x60,
    0x01, 0xC6, 0xA8, 0x01, 0xC4, 0xE9, 0x01, 0x82, 0xFA, 0x01, 0x41, 0xFA,
    0x01, 0x01, 0xEB, 0x01, 0x02, 0xFE, 0x01, 0x21, 0xFF, 0x01, 0x00, 0xFF,
    0x01, 0xE0, 0xFE, 0x01, 0x02, 0xFF, 0x01, 0x42, 0xDB, 0x01, 0xA4, 0xD8,
    0x01, 0xE5, 0xE0, 0x01, 0xC4, 0xD8, 0x01, 0xC5, 0xD8, 0x01, 0xE5, 0xD8,
    0x01, 0xE5, 0x98, 0x01, 0x62, 0x30, 0x06, 0x00, 0x00, 0x03, 0x20, 0x00,
    0x01, 0x00, 0x00, 0x01, 0x41, 0x28, 0x01, 0xE4, 0x60, 0x01, 0x20, 0x20,
    0x2C, 0x00, 0x00, 0x01, 0x24, 0x21, 0x01, 0x65, 0x29, 0x22, 0x00, 0x00,
    0x01, 0x42, 0x40, 0x01, 0x06, 0xA9, 0x01, 0x26, 0xD1, 0x01, 0xE5, 0x98,
    0x01, 0x21, 0x28, 0x02, 0x00, 0x00, 0x01, 0x00, 0x10, 0x01, 0xA4, 0x70,
    0x01, 0xC6, 0xB0, 0x01, 0xA3, 0xE1, 0x01, 0x82, 0xFA, 0x01, 0x41, 0xF2,
    0x01, 0x81, 0xF4, 0x01, 0x01, 0xFF, 0x01, 0xE0, 0xFE, 0x02, 0x00, 0xFF,
    0x01, 0x82, 0xFE, 0x01, 0x42, 0xDA, 0x01, 0xC4, 0xE0, 0x01, 0xE5, 0xE0,
    0x01, 0xC5, 0xD8, 0x01, 0xE5, 0xE0, 0x01, 0x06, 0xC1, 0x01, 0xA3, 0x58,
    0x08, 0x00, 0x00, 0x03, 0x20, 0x00, 0x01, 0x00, 0x00, 0x01, 0x00, 0x08,
    0x2D, 0x00, 0x00, 0x01, 0x24, 0x21, 0x01, 0x65, 0x29, 0x22, 0x00, 0x00,
    0x01, 0x21, 0x20, 0x01, 0xC5, 0x80, 0x01, 0xE7, 0xC8, 0x01, 0xE5, 0x88,
    0x01, 0x21, 0x18, 0x02, 0x00, 0x00, 0x01, 0x00, 0x10, 0x01, 0x84, 0x78,
    0x01, 0xC6, 0xB8, 0x01, 0xA3, 0xE1, 0x01, 0x61, 0xFA, 0x01, 0xE0, 0xEA,
    0x01, 0x22, 0xFE, 0x01, 0x00, 0xFF, 0x02, 0xE0, 0xFE, 0x01, 0x20, 0xFF,
    0x01, 0x03, 0xFE, 0x01, 0x83, 0xD9, 0x01, 0xC5, 0xE0, 0x01, 0xE5, 0xE0,
    0x01, 0xC5, 0xE0, 0x01, 0xE5, 0xE0, 0x01, 0xE6, 0xA0, 0x01, 0x62, 0x30,
    0x3A, 0x00, 0x00, 0x01, 0x44, 0x21, 0x01, 0x65, 0x29, 0x23, 0x00, 0x00,
    0x01, 0x83, 0x40, 0x01, 0x08, 0xB1, 0x01, 0xA5, 0x80, 0x01, 0x00, 0x08,
    0x02, 0x00, 0x00, 0x01, 0x00, 0x08, 0x01, 0x64, 0x70, 0x01, 0xC6, 0xC0,
    0x01, 0x84, 0xE1, 0x01, 0x41, 0xF2, 0x01, 0x01, 0xF4, 0x01, 0xE2, 0xFE,
    0x01, 0xE0, 0xFE, 0x01, 0x00, 0xFF, 0x01, 0xE0, 0xFE, 0x01, 0x21, 0xFF,
    0x01, 0x63, 0xF5, 0x01, 0x23, 0xD9, 0x01, 0xE5, 0xE0, 0x01, 0xE4, 0xE0,
    0x01, 0xE5, 0xE0, 0x01, 0xE6, 0xD8, 0x01, 0xA4, 0x78, 0x01, 0x00, 0x08,
    0x3A, 0x00, 0x00, 0x01, 0x44, 0x21, 0x01, 0x65, 0x29, 0x23, 0x00, 0x00,
    0x01, 0x00, 0x08, 0x01, 0xA4, 0x60, 0x01, 0x07, 0x89, 0x01, 0x42, 0x28,
    0x02, 0x00, 0x00, 0x01, 0x00, 0x10, 0x01, 0x64, 0x70, 0x01, 0xC6, 0xC0,
    0x01, 0x44, 0xE1, 0x01, 0x61, 0xF2, 0x01, 0xC1, 0xF4, 0x01, 0x01, 0xFF,
    0x03, 0xE0, 0xFE, 0x01, 0x21, 0xFF, 0x01, 0xE2, 0xEC, 0x01, 0xE3, 0xD0,
    0x01, 0xE5, 0xE0, 0x01, 0xE4, 0xE0, 0x01, 0xC5, 0xE0, 0x01, 0x06, 0xD1,
    0x01, 0xA5, 0x78, 0x01, 0x00, 0x10, 0x3A, 0x00, 0x00, 0x01, 0x44, 0x21,
    0x01, 0x65, 0x29, 0x01, 0x00, 0x00, 0x01, 0x20, 0x00, 0x20, 0x00, 0x00,
    0x01, 0x20, 0x00, 0x01, 0x00, 0x00, 0x01, 0x00, 0x08, 0x01, 0xA4, 0x48,
    0x01, 0x83, 0x38, 0x02, 0x00, 0x00, 0x01, 0x00, 0x10, 0x01, 0xA4, 0x78,
    0x01, 0xE6, 0xC0, 0x01, 0x04, 0xD9, 0x01, 0x42, 0xF2, 0x01, 0x81, 0xF4,
    0x01, 0xC2, 0xFE, 0x01, 0xE1, 0xFE, 0x01, 0x01, 0xFF, 0x01, 0xE1, 0xFE,
    0x01, 0x01, 0xFF, 0x01, 0xC3, 0xF5, 0x01, 0x63, 0xD9, 0x01, 0xC5, 0xE0,
    0x02, 0xE5, 0xE0, 0x01, 0x06, 0xC9, 0x01, 0xA4, 0x78, 0x01, 0x00, 0x10,
    0x3A, 0x00, 0x00, 0x01, 0x24, 0x21, 0x01, 0x85, 0x29, 0x29, 0x00, 0x00,
    0x01, 0x00, 0x08, 0x01, 0x83, 0x60, 0x01, 0xE6, 0xB8, 0x01, 0xA5, 0xD8,
    0x01, 0xE2, 0xE9, 0x01, 0x40, 0xF3, 0x01, 0xE1, 0xFC, 0x01, 0xE1, 0xFD,
    0x01, 0x21, 0xFE, 0x01, 0x81, 0xFE, 0x01, 0x01, 0xFF, 0x01, 0x83, 0xFE,
    0x01, 0x43, 0xDA, 0x01, 0xC5, 0xD8, 0x01, 0xE5, 0xE0, 0x01, 0x05, 0xD9,
    0x01, 0xA5, 0xA0, 0x01, 0x84, 0x70, 0x01, 0x00, 0x10, 0x01, 0x00, 0x00,
    0x02, 0x20, 0x00, 0x09, 0x00, 0x00, 0x01, 0x00, 0x08, 0x01, 0x82, 0x28,
    0x01, 0x21, 0x10, 0x2B, 0x00, 0x00, 0x01, 0x24, 0x21, 0x01, 0x65, 0x29,
    0x29, 0x00, 0x00, 0x01, 0x00, 0x08, 0x01, 0x84, 0x50, 0x01, 0xC6, 0xB0,
    0x01, 0xA5, 0xD8, 0x01, 0x83, 0xE1, 0x01, 0xE1, 0xFA, 0x01, 0x60, 0xFB,
    0x01, 0x20, 0xFC, 0x01, 0xC1, 0xFC, 0x01, 0x21, 0xFD, 0x01, 0x01, 0xFE,
    0x01, 0x23, 0xFF, 0x01, 0xC3, 0xE3, 0x01, 0xA4, 0xD8, 0x01, 0x05, 0xE1,
    0x01, 0x05, 0xD9, 0x01, 0xA5, 0x90, 0x01, 0x84, 0x68, 0x01, 0x00, 0x10,
    0x06, 0x20, 0x00, 0x06, 0x00, 0x00, 0x01, 0x20, 0x18, 0x01, 0x47, 0x81,
    0x01, 0xE5, 0x78, 0x01, 0x00, 0x10, 0x2A, 0x00, 0x00, 0x01, 0x24, 0x21,
    0x01, 0x65, 0x29, 0x2A, 0x00, 0x00, 0x01, 0x62, 0x28, 0x01, 0xC6, 0x98,
    0x01, 0xA6, 0xD0, 0x01, 0xE4, 0xD8, 0x01, 0xA3, 0xFA, 0x01, 0xE1, 0xFA,
    0x01, 0x22, 0xFB, 0x01, 0x22, 0xF3, 0x01, 0x42, 0xE2, 0x01, 0x62, 0xE2,
    0x01, 0x22, 0xEC, 0x01, 0xA5, 0xF4, 0x01, 0x03, 0xD1, 0x01, 0xC5, 0xE0,
    0x01, 0xE5, 0xE0, 0x01, 0xE6, 0xB8, 0x01, 0xA4, 0x78, 0x01, 0x00, 0x10,
    0x04, 0x20, 0x00, 0x01, 0x00, 0x00, 0x05, 0x20, 0x00, 0x02, 0x00, 0x00,
    0x01, 0x20, 0x10, 0x01, 0x25, 0x81, 0x01, 0x47, 0xD1, 0x01, 0x83, 0x58,
    0x2A, 0x00, 0x00, 0x01, 0x44, 0x21, 0x01, 0x85, 0x29, 0x2A, 0x00, 0x00,
    0x01, 0x41, 0x20, 0x01, 0xE6, 0x80, 0x01, 0xC6, 0xC8, 0x01, 0xA5, 0xD8,
    0x01, 0x64, 0xE1, 0x01, 0x43, 0xE1, 0x01, 0x23, 0xD9, 0x01, 0xE4, 0xD8,
    0x01, 0x84, 0xD8, 0x01, 0xA4, 0xD8, 0x01, 0xA3, 0xD0, 0x01, 0xA4, 0xE2,
    0x01, 0xA4, 0xEA, 0x01, 0xE4, 0xD8, 0x01, 0xC5, 0xE0, 0x01, 0xE6, 0xD0,
    0x01, 0xC5, 0x80, 0x01, 0x20, 0x10, 0x01, 0x00, 0x00, 0x05, 0x20, 0x00,
    0x01, 0x00, 0x00, 0x04, 0x20, 0x00, 0x01, 0x00, 0x00, 0x01, 0x00, 0x10,
    0x01, 0x04, 0x79, 0x01, 0x47, 0xD1, 0x01, 0xC4, 0x80, 0x01, 0x20, 0x10,
    0x29, 0x00, 0x00, 0x01, 0x44, 0x21, 0x01, 0x65, 0x29, 0x2B, 0x00, 0x00,
    0x01, 0x84, 0x58, 0x01, 0xC7, 0xB8, 0x01, 0xC5, 0xD8, 0x01, 0xA5, 0xD8,
    0x01, 0xC5, 0xD8, 0x01, 0xA5, 0xD8, 0x01, 0xC5, 0xD8, 0x03, 0xC5, 0xE0,
    0x01, 0xA4, 0xD8, 0x01, 0xE4, 0xE1, 0x01, 0x45, 0xE1, 0x01, 0xC5, 0xE0,
    0x01, 0xC5, 0xD8, 0x01, 0xC5, 0x98, 0x01, 0x41, 0x28, 0x01, 0x00, 0x00,
    0x0A, 0x20, 0x00, 0x01, 0x00, 0x00, 0x01, 0x00, 0x08, 0x01, 0x05, 0x79,
    0x01, 0x47, 0xC1, 0x01, 0x83, 0x58, 0x2A, 0x00, 0x00, 0x01, 0x44, 0x21,
    0x01, 0x65, 0x29, 0x2B, 0x00, 0x00, 0x01, 0x62, 0x30, 0x01, 0xE7, 0x98,
    0x01, 0xC6, 0xD0, 0x08, 0xC5, 0xE0, 0x01, 0xA5, 0xD8, 0x01, 0xA5, 0xE0,
    0x02, 0xC5, 0xE0, 0x01, 0xE6, 0xC0, 0x01, 0xA3, 0x60, 0x01, 0x00, 0x08,
    0x05, 0x20, 0x00, 0x07, 0x00, 0x00, 0x01, 0xC3, 0x58, 0x01, 0x46, 0x99,
    0x01, 0x20, 0x20, 0x2A, 0x00, 0x00, 0x01, 0x44, 0x21, 0x01, 0x65, 0x29,
    0x01, 0x00, 0x00, 0x01, 0x20, 0x00, 0x29, 0x00, 0x00, 0x01, 0x00, 0x08,
    0x01, 0xA4, 0x58, 0x01, 0xE6, 0xC0, 0x0B, 0xC5, 0xE0, 0x01, 0xA5, 0xE0,
    0x01, 0xC5, 0xD8, 0x01, 0xE5, 0xA0, 0x01, 0x62, 0x30, 0x01, 0x00, 0x00,
    0x02, 0x20, 0x00, 0x09, 0x00, 0x00, 0x01, 0x82, 0x30, 0x01, 0x83, 0x40,
    0x01, 0x00, 0x08, 0x2A, 0x00, 0x00, 0x01, 0x44, 0x29, 0x01, 0x65, 0x29,
    0x2C, 0x00, 0x00, 0x01, 0x41, 0x20, 0x01, 0xC6, 0x90, 0x01, 0xC6, 0xD8,
    0x0A, 0xC5, 0xE0, 0x01, 0xA5, 0xE0, 0x01, 0xC5, 0xE0, 0x01, 0xC6, 0xC8,
    0x01, 0x05, 0x81, 0x01, 0x21, 0x18, 0x38, 0x00, 0x00, 0x01, 0x44, 0x29,
    0x01, 0x65, 0x29, 0x2B, 0x00, 0x00, 0x01, 0x20, 0x00, 0x01, 0x00, 0x00,
    0x01, 0x42, 0x38, 0x01, 0xC6, 0xA0, 0x01, 0xE6, 0xE0, 0x05, 0xC5, 0xE0,
    0x01, 0xC5, 0xD8, 0x01, 0xA5, 0xD8, 0x05, 0xC5, 0xD8, 0x01, 0xE6, 0xC0,
    0x01, 0x05, 0x79, 0x01, 0x41, 0x20, 0x37, 0x00, 0x00, 0x01, 0x44, 0x21,
    0x01, 0x65, 0x29, 0x2A, 0x00, 0x00, 0x03, 0x20, 0x00, 0x01, 0x00, 0x00,
    0x01, 0xA3, 0x50, 0x01, 0x07, 0xB9, 0x01, 0xC6, 0xD8, 0x03, 0xC5, 0xE0,
    0x03, 0xA5, 0xD8, 0x01, 0xA4, 0xD8, 0x04, 0xA5, 0xD8, 0x01, 0xC5, 0xD0,
    0x01, 0xE5, 0xC0, 0x01, 0xE5, 0x90, 0x01, 0x83, 0x50, 0x01, 0x42, 0x38,
    0x01, 0x62, 0x38, 0x01, 0x62, 0x28, 0x33, 0x00, 0x00, 0x01, 0x45, 0x29,
    0x01, 0x65, 0x29, 0x2E, 0x00, 0x00, 0x01, 0x00, 0x08, 0x01, 0xA4, 0x60,
    0x01, 0xE7, 0xB8, 0x01, 0xC6, 0xD8, 0x01, 0xC5, 0xD8, 0x01, 0xA5, 0xD8,
    0x01, 0xC5, 0xD8, 0x01, 0xC5, 0xD0, 0x01, 0xC6, 0xD0, 0x04, 0xA5, 0xD0,
    0x03, 0xC5, 0xD0, 0x01, 0xC5, 0xC8, 0x01, 0xE5, 0xC0, 0x01, 0xE6, 0xB0,
    0x01, 0x06, 0xA9, 0x01, 0x06, 0x91, 0x01, 0x41, 0x28, 0x32, 0x00, 0x00,
    0x01, 0x45, 0x29, 0x01, 0x65, 0x29, 0x2F, 0x00, 0x00, 0x01, 0x00, 0x08,
    0x01, 0x63, 0x48, 0x01, 0xC6, 0xA8, 0x01, 0xE6, 0xD8, 0x01, 0xE5, 0xD8,
    0x01, 0xA5, 0xB8, 0x01, 0xC5, 0x88, 0x01, 0x84, 0x68, 0x01, 0xA5, 0x80,
    0x01, 0xC6, 0x98, 0x01, 0xC6, 0xB0, 0x01, 0xC6, 0xC8, 0x07, 0xC5, 0xD0,
    0x01, 0xE6, 0xC8, 0x01, 0xC4, 0x68, 0x01, 0x20, 0x08, 0x31, 0x00, 0x00,
    0x02, 0x65, 0x29, 0x31, 0x00, 0x00, 0x01, 0x62, 0x38, 0x01, 0xC5, 0x88,
    0x01, 0x07, 0xC9, 0x01, 0xE6, 0xB8, 0x01, 0xA4, 0x60, 0x01, 0x00, 0x08,
    0x01, 0x20, 0x08, 0x01, 0x62, 0x30, 0x01, 0x83, 0x50, 0x01, 0xE6, 0x90,
    0x01, 0xC6, 0xB8, 0x04, 0xC5, 0xD0, 0x01, 0xA5, 0xD0, 0x01, 0xC4, 0xD0,
    0x01, 0xC5, 0xD0, 0x01, 0xE5, 0x90, 0x01, 0x41, 0x20, 0x31, 0x00, 0x00,
    0x02, 0x65, 0x29, 0x01, 0x00, 0x00, 0x01, 0x20, 0x00, 0x30, 0x00, 0x00,
    0x01, 0x21, 0x18, 0x01, 0xA4, 0x60, 0x01, 0xE7, 0x98, 0x01, 0x28, 0xA1,
    0x01, 0xE6, 0x60, 0x01, 0x41, 0x10, 0x02, 0x00, 0x00, 0x01, 0x41, 0x28,
    0x01, 0xA5, 0x70, 0x01, 0xA6, 0xB0, 0x01, 0xC6, 0xD0, 0x05, 0xC5, 0xD0,
    0x01, 0x06, 0x99, 0x01, 0x62, 0x30, 0x31, 0x00, 0x00, 0x01, 0x45, 0x29,
    0x01, 0x65, 0x29, 0x34, 0x00, 0x00, 0x01, 0x62, 0x28, 0x01, 0xA5, 0x58,
    0x01, 0x07, 0x79, 0x01, 0xC4, 0x40, 0x03, 0x00, 0x00, 0x01, 0x21, 0x10,
    0x01, 0xC5, 0x68, 0x01, 0xC6, 0xB8, 0x03, 0xC5, 0xD0, 0x01, 0xA5, 0xD0,
    0x01, 0xC5, 0xD0, 0x01, 0xE5, 0xA0, 0x01, 0x41, 0x40, 0x31, 0x00, 0x00,
    0x01, 0x45, 0x29, 0x01, 0x85, 0x29, 0x36, 0x00, 0x00, 0x02, 0x00, 0x08,
    0x04, 0x00, 0x00, 0x01, 0x62, 0x28, 0x01, 0xC6, 0x88, 0x01, 0xC6, 0xC8,
    0x01, 0xA5, 0xD0, 0x03, 0xC5, 0xD0, 0x01, 0xE6, 0xB0, 0x01, 0x61, 0x48,
    0x2F, 0x00, 0x00, 0x01, 0x20, 0x00, 0x01, 0x00, 0x00, 0x01, 0x45, 0x29,
    0x01, 0x65, 0x29, 0x3C, 0x00, 0x00, 0x01, 0x00, 0x08, 0x01, 0xA4, 0x60,
    0x01, 0xC6, 0xB0, 0x04, 0xC5, 0xD0, 0x01, 0xE6, 0xB0, 0x01, 0x42, 0x48,
    0x2F, 0x00, 0x00, 0x01, 0x20, 0x00, 0x01, 0x00, 0x00, 0x01, 0x45, 0x29,
    0x01, 0x65, 0x29, 0x3D, 0x00, 0x00, 0x01, 0x83, 0x40, 0x01, 0xE6, 0xA8,
    0x01, 0xC5, 0xD8, 0x01, 0xC5, 0xD0, 0x01, 0xC5, 0xD8, 0x01, 0xC5, 0xD0,
    0x01, 0xE6, 0xA0, 0x01, 0x62, 0x40, 0x01, 0x00, 0x00, 0x01, 0x20, 0x00,
    0x2F, 0x00, 0x00, 0x01, 0x45, 0x29, 0x01, 0x65, 0x29, 0x3D, 0x00, 0x00,
    0x01, 0x62, 0x28, 0x01, 0xC5, 0xA0, 0x01, 0xC5, 0xD0, 0x01, 0xC5, 0xD8,
    0x01, 0xA5, 0xD8, 0x01, 0xC5, 0xD0, 0x01, 0xC5, 0x80, 0x01, 0x20, 0x18,
    0x31, 0x00, 0x00, 0x01, 0x44, 0x21, 0x01, 0x65, 0x29, 0x3D, 0x00, 0x00,
    0x01, 0x41, 0x28, 0x01, 0xC6, 0xA0, 0x01, 0xC6, 0xD0, 0x02, 0xC5, 0xD8,
    0x01, 0xE6, 0xC8, 0x01, 0xA4, 0x70, 0x01, 0x00, 0x08, 0x2F, 0x00, 0x00,
    0x01, 0x20, 0x00, 0x01, 0x00, 0x00, 0x01, 0x44, 0x21, 0x01, 0x65, 0x29,
    0x3D, 0x00, 0x00, 0x01, 0x62, 0x30, 0x01, 0xC6, 0xA0, 0x01, 0xE6, 0xD8,
    0x01, 0xC5, 0xD8, 0x01, 0xC5, 0xE0, 0x01, 0x06, 0xB1, 0x01, 0x83, 0x50,
    0x30, 0x00, 0x00, 0x01, 0x20, 0x00, 0x01, 0x00, 0x00, 0x01, 0x44, 0x21,
    0x01, 0x65, 0x29, 0x3D, 0x00, 0x00, 0x01, 0x42, 0x28, 0x01, 0xE6, 0xA0,
    0x01, 0xE5, 0xD8, 0x01, 0xC5, 0xD8, 0x01, 0xE6, 0xD8, 0x01, 0xE6, 0x98,
    0x01, 0x41, 0x28, 0x32, 0x00, 0x00, 0x01, 0x44, 0x29, 0x01, 0x65, 0x29,
    0x3D, 0x00, 0x00, 0x01, 0x83, 0x48, 0x01, 0xE6, 0xB0, 0x01, 0xE5, 0xE0,
    0x01, 0xE5, 0xD8, 0x01, 0x06, 0xC9, 0x01, 0xC5, 0x68, 0x01, 0x00, 0x08,
    0x32, 0x00, 0x00, 0x01, 0x44, 0x21, 0x01, 0x65, 0x29, 0x3C, 0x00, 0x00,
    0x01, 0x00, 0x08, 0x01, 0xA4, 0x70, 0x01, 0x06, 0xC1, 0x01, 0xE5, 0xD8,
    0x01, 0x06, 0xD9, 0x01, 0x06, 0xA1, 0x01, 0x62, 0x30, 0x33, 0x00, 0x00,
    0x01, 0x44, 0x21, 0x01, 0x65, 0x29, 0x3C, 0x00, 0x00, 0x01, 0x20, 0x18,
    0x01, 0xC5, 0x88, 0x01, 0x06, 0xD1, 0x01, 0x05, 0xD9, 0x01, 0x26, 0xC1,
    0x01, 0xC4, 0x60, 0x01, 0x00, 0x08, 0x33, 0x00, 0x00, 0x01, 0x44, 0x21,
    0x01, 0x65, 0x29, 0x3C, 0x00, 0x00, 0x01, 0x62, 0x38, 0x01, 0xE6, 0xA0,
    0x02, 0x06, 0xD1, 0x01, 0x05, 0x89, 0x01, 0x41, 0x28, 0x34, 0x00, 0x00,
    0x01, 0x44, 0x21, 0x01, 0x85, 0x29, 0x3B, 0x00, 0x00, 0x01, 0x00, 0x08,
    0x01, 0xA4, 0x60, 0x01, 0x07, 0xC1, 0x01, 0x26, 0xD1, 0x01, 0x06, 0xA1,
    0x01, 0x83, 0x40, 0x35, 0x00, 0x00, 0x01, 0x44, 0x21, 0x01, 0x85, 0x29,
    0x3B, 0x00, 0x00, 0x01, 0x82, 0x40, 0x01, 0x07, 0x99, 0x01, 0x27, 0xD1,
    0x01, 0x26, 0xA9, 0x01, 0x83, 0x50, 0x01, 0x00, 0x08, 0x35, 0x00, 0x00,
    0x01, 0x44, 0x21, 0x01, 0x85, 0x29, 0x3A, 0x00, 0x00, 0x01, 0x41, 0x28,
    0x01, 0x06, 0x89, 0x01, 0x27, 0xC1, 0x01, 0x27, 0xB1, 0x01, 0x83, 0x50,
    0x01, 0x00, 0x08, 0x36, 0x00, 0x00, 0x01, 0x44, 0x21, 0x01, 0x85, 0x29,
    0x01, 0x00, 0x00, 0x01, 0x20, 0x00, 0x37, 0x00, 0x00, 0x01, 0x00, 0x10,
    0x01, 0xC4, 0x68, 0x02, 0x27, 0xB1, 0x01, 0xA4, 0x58, 0x01, 0x00, 0x08,
    0x37, 0x00, 0x00, 0x01, 0x44, 0x21, 0x01, 0x65, 0x29, 0x39, 0x00, 0x00,
    0x01, 0x41, 0x28, 0x01, 0x27, 0x91, 0x01, 0x48, 0xA9, 0x01, 0xC4, 0x60,
    0x01, 0x20, 0x10, 0x38, 0x00, 0x00, 0x01, 0x44, 0x21, 0x01, 0x65, 0x29,
    0x39, 0x00, 0x00, 0x01, 0x62, 0x28, 0x01, 0x07, 0x89, 0x01, 0xA4, 0x58,
    0x01, 0x20, 0x10, 0x39, 0x00, 0x00, 0x01, 0x44, 0x21, 0x01, 0x65, 0x29,
    0x01, 0x00, 0x00, 0x01, 0x20, 0x00, 0x37, 0x00, 0x00, 0x01, 0xC4, 0x48,
    0x01, 0x83, 0x40, 0x01, 0x00, 0x08, 0x3A, 0x00, 0x00, 0x01, 0x44, 0x21,
    0x01, 0x65, 0x29, 0x01, 0x00, 0x00, 0x01, 0x20, 0x00, 0x36, 0x00, 0x00,
    0x01, 0x41, 0x18, 0x01, 0x04, 0x51, 0x01, 0x00, 0x08, 0x3B, 0x00, 0x00,
    0x01, 0x44, 0x21, 0x01, 0x65, 0x29, 0x39, 0x00, 0x00, 0x01, 0x00, 0x08,
    0x3C, 0x00, 0x00, 0x01, 0x44, 0x21, 0x01, 0x65, 0x29, 0x74, 0x00, 0x00,
    0x01, 0x20, 0x00, 0x01, 0x00, 0x00, 0x01, 0x44, 0x29, 0x01, 0x65, 0x29,
    0x74, 0x00, 0x00, 0x01, 0x20, 0x00, 0x01, 0x00, 0x00, 0x01, 0x44, 0x29,
    0x01, 0x65, 0x29, 0x76, 0x00, 0x00, 0x01, 0x44, 0x21, 0x01, 0x65, 0x29,
    0x76, 0x00, 0x00, 0x01, 0x45, 0x21, 0x01, 0x65, 0x29, 0x6F, 0x00, 0x00,
    0x01, 0x20, 0x00, 0x04, 0x00, 0x00, 0x01, 0x20, 0x00, 0x01, 0x00, 0x00,
    0x01, 0x45, 0x29, 0x01, 0x65, 0x29, 0x76, 0x00, 0x00, 0x01, 0x45, 0x29,
    0x01, 0x65, 0x29, 0x76, 0x00, 0x00, 0x01, 0x45, 0x29, 0x01, 0x65, 0x29,
    0x76, 0x00, 0x00, 0x01, 0x45, 0x29, 0x01, 0x65, 0x29, 0x76, 0x00, 0x00,
    0x01, 0x45, 0x29, 0x01, 0x65, 0x29, 0x76, 0x00, 0x00, 0x01, 0x45, 0x21,
    0x01, 0x65, 0x29, 0x76, 0x00, 0x00, 0x01, 0x45, 0x29, 0x01, 0x65, 0x29,
    0x74, 0x00, 0x00, 0x01, 0x20, 0x00, 0x01, 0x00, 0x00, 0x02, 0x45, 0x29,
    0x74, 0x00, 0x00, 0x01, 0x20, 0x00, 0x01, 0x00, 0x00, 0x01, 0x45, 0x21,
    0x01, 0x45, 0x29, 0x74, 0x00, 0x00, 0x01, 0x20, 0x00, 0x01, 0x00, 0x00,
    0x01, 0x45, 0x21, 0x01, 0x65, 0x29, 0x01, 0x00, 0x00, 0x01, 0x20, 0x00,
    0x1C, 0x00, 0x00, 0x01, 0x20, 0x00, 0x07, 0x00, 0x00, 0x02, 0x20, 0x00,
    0x13, 0x00, 0x00, 0x03, 0x20, 0x00, 0x28, 0x00, 0x00, 0x01, 0x20, 0x00,
    0x04, 0x00, 0x00, 0x01, 0x20, 0x00, 0x08, 0x00, 0x00, 0x01, 0x20, 0x00,
    0x01, 0x00, 0x00, 0x01, 0x45, 0x29, 0x01, 0x24, 0x21, 0x76, 0x00, 0x00,
    0x01, 0x24, 0x21, 0x01, 0x28, 0x42, 0x01, 0x24, 0x21, 0x01, 0x44, 0x21,
    0x06, 0x24, 0x21, 0x03, 0x04, 0x21, 0x01, 0x24, 0x21, 0x01, 0x04, 0x21,
    0x0F, 0x24, 0x21, 0x04, 0x04, 0x21, 0x03, 0x24, 0x21, 0x01, 0x04, 0x21,
    0x1A, 0x24, 0x21, 0x02, 0x04, 0x21, 0x0C, 0x24, 0x21, 0x04, 0x04, 0x21,
    0x04, 0x24, 0x21, 0x01, 0x04, 0x21, 0x01, 0x24, 0x21, 0x0A, 0x04, 0x21,
    0x02, 0x24, 0x21, 0x01, 0x04, 0x21, 0x09, 0x24, 0x21, 0x01, 0x04, 0x21,
    0x03, 0x24, 0x21, 0x03, 0x04, 0x21, 0x02, 0x24, 0x21, 0x01, 0x04, 0x21,
    0x01, 0x28, 0x42
};
const uint16_t sprite_frame_07_size = 8319;

const uint8_t PROGMEM sprite_frame_09_rle[] = {
    0x01, 0x86, 0x31, 0x02, 0xC3, 0x18, 0x01, 0xC2, 0x18, 0x03, 0xC3, 0x18,
    0x01, 0xC3, 0x10, 0x01, 0xA2, 0x10, 0x01, 0xC2, 0x10, 0x01, 0xC3, 0x10,
    0x12, 0xC3, 0x18, 0x02, 0xC2, 0x18, 0x09, 0xC3, 0x18, 0x01, 0xC3, 0x10,
    0x01, 0xA2, 0x10, 0x02, 0xC3, 0x18, 0x01, 0xC3, 0x10, 0x03, 0xA2, 0x10,
    0x01, 0xC2, 0x10, 0x01, 0xC3, 0x10, 0x01, 0xC3, 0x18, 0x01, 0xC3, 0x10,
    0x01, 0xA3, 0x10, 0x01, 0xC3, 0x10, 0x01, 0xC2, 0x10, 0x02, 0xA2, 0x10,
    0x02, 0xC2, 0x10, 0x09, 0xC3, 0x18, 0x01, 0xC2, 0x18, 0x10, 0xC3, 0x18,
    0x01, 0xC2, 0x18, 0x04, 0xC3, 0x18, 0x02, 0xC2, 0x18, 0x06, 0xC3, 0x10,
    0x02, 0xC3, 0x18, 0x01, 0xC2, 0x10, 0x02, 0xC2, 0x18, 0x02, 0xC3, 0x18,
    0x01, 0xC3, 0x10, 0x01, 0xC2, 0x10, 0x07, 0xC3, 0x18, 0x04, 0xE3, 0x18,
    0x01, 0xC3, 0x18, 0x01, 0x85, 0x29, 0x01, 0xE3, 0x18, 0x76, 0x00, 0x00,
    0x01, 0xC3, 0x18, 0x01, 0x04, 0x21, 0x11, 0x00, 0x00, 0x01, 0x20, 0x00,
    0x03, 0x00, 0x00, 0x02, 0x20, 0x00, 0x26, 0x00, 0x00, 0x01, 0x20, 0x00,
    0x13, 0x00, 0x00, 0x03, 0x20, 0x00, 0x1E, 0x00, 0x00, 0x03, 0x20, 0x00,
    0x01, 0x00, 0x00, 0x01, 0xE3, 0x18, 0x01, 0x03, 0x19, 0x74, 0x00, 0x00,
    0x01, 0x20, 0x00, 0x01, 0x00, 0x00, 0x01, 0xE3, 0x18, 0x01, 0x03, 0x19,
    0x76, 0x00, 0x00, 0x01, 0xE3, 0x18, 0x01, 0x03, 0x21, 0x76, 0x00, 0x00,
    0x01, 0xE3, 0x18, 0x01, 0x04, 0x21, 0x76, 0x00, 0x00, 0x01, 0xE3, 0x18,
    0x01, 0x04, 0x21, 0x01, 0x00, 0x00, 0x01, 0x20, 0x00, 0x74, 0x00, 0x00,
    0x01, 0xE3, 0x18, 0x01, 0x04, 0x21, 0x76, 0x00, 0x00, 0x01, 0xE3, 0x18,
    0x01, 0x04, 0x21, 0x74, 0x00, 0x00, 0x01, 0x20, 0x00, 0x01, 0x00, 0x00,
    0x01, 0xE3, 0x18, 0x01, 0x04, 0x19, 0x76, 0x00, 0x00, 0x01, 0xE3, 0x18,
    0x01, 0x03, 0x19, 0x76, 0x00, 0x00, 0x01, 0xE3, 0x18, 0x01, 0x04, 0x21,
    0x76, 0x00, 0x00, 0x01, 0xE3, 0x18, 0x01, 0x04, 0x21, 0x76, 0x00, 0x00,
    0x01, 0xE3, 0x18, 0x01, 0x03, 0x19, 0x36, 0x00, 0x00, 0x01, 0x00, 0x08,
    0x05, 0x00, 0x10, 0x03, 0x00, 0x08, 0x35, 0x00, 0x00, 0x01, 0x20, 0x00,
    0x01, 0x00, 0x00, 0x01, 0xE3, 0x18, 0x01, 0x04, 0x19, 0x31, 0x00, 0x00,
    0x01, 0x20, 0x10, 0x01, 0x20, 0x18, 0x01, 0x20, 0x20, 0x01, 0x62, 0x30,
    0x01, 0x21, 0x20, 0x01, 0x83, 0x40, 0x06, 0xA4, 0x60, 0x01, 0xA4, 0x58,
    0x01, 0xC4, 0x58, 0x01, 0x41, 0x20, 0x01, 0x20, 0x18, 0x01, 0x20, 0x10,
    0x32, 0x00, 0x00, 0x01, 0x20, 0x00, 0x01, 0x00, 0x00, 0x01, 0xE3, 0x18,
    0x01, 0x04, 0x21, 0x2D, 0x00, 0x00, 0x01, 0x00, 0x08, 0x01, 0x41, 0x18,
    0x01, 0x62, 0x38, 0x01, 0x83, 0x50, 0x01, 0x84, 0x60, 0x01, 0xA5, 0x70,
    0x01, 0x85, 0x68, 0x02, 0x85, 0x78, 0x01, 0x85, 0x70, 0x02, 0x85, 0x78,
    0x01, 0x85, 0x70, 0x01, 0x65, 0x70, 0x04, 0x85, 0x70, 0x01, 0x84, 0x60,
    0x01, 0xA4, 0x60, 0x01, 0x84, 0x60, 0x01, 0x63, 0x48, 0x01, 0x63, 0x38,
    0x01, 0x42, 0x28, 0x01, 0x20, 0x10, 0x2E, 0x00, 0x00, 0x01, 0x20, 0x00,
    0x01, 0x00, 0x00, 0x01, 0xE3, 0x18, 0x01, 0x04, 0x21, 0x2B, 0x00, 0x00,
    0x01, 0x41, 0x18, 0x01, 0x62, 0x30, 0x01, 0xA4, 0x58, 0x01, 0x84, 0x70,
    0x01, 0xA5, 0x78, 0x01, 0x85, 0x80, 0x06, 0x65, 0x80, 0x02, 0x64, 0x80,
    0x03, 0x64, 0x78, 0x01, 0x44, 0x78, 0x02, 0x64, 0x78, 0x02, 0x64, 0x70,
    0x01, 0x64, 0x78, 0x01, 0xE5, 0x88, 0x01, 0xA5, 0x78, 0x01, 0x64, 0x68,
    0x01, 0x64, 0x58, 0x01, 0x63, 0x40, 0x01, 0x62, 0x28, 0x01, 0x20, 0x10,
    0x2D, 0x00, 0x00, 0x01, 0xE3, 0x18, 0x01, 0x04, 0x19, 0x29, 0x00, 0x00,
    0x01, 0x41, 0x18, 0x01, 0x83, 0x48, 0x01, 0xA4, 0x68, 0x01, 0x84, 0x78,
    0x01, 0xA4, 0x88, 0x01, 0xE5, 0x98, 0x01, 0xC5, 0x90, 0x01, 0x65, 0x80,
    0x01, 0x45, 0x80, 0x06, 0x65, 0x80, 0x01, 0x65, 0x78, 0x06, 0x64, 0x78,
    0x03, 0x64, 0x70, 0x01, 0xE4, 0x90, 0x01, 0x85, 0xB1, 0x01, 0x84, 0xB9,
    0x01, 0x24, 0xA9, 0x01, 0x83, 0x80, 0x01, 0x64, 0x68, 0x01, 0x84, 0x60,
    0x01, 0x83, 0x40, 0x01, 0x20, 0x10, 0x2B, 0x00, 0x00, 0x01, 0xE3, 0x18,
    0x01, 0x03, 0x19, 0x27, 0x00, 0x00, 0x01, 0x00, 0x08, 0x01, 0x82, 0x38,
    0x01, 0xA5, 0x68, 0x01, 0x64, 0x70, 0x01, 0x84, 0x88, 0x01, 0x44, 0xB9,
    0x01, 0xC5, 0xD1, 0x01, 0xE5, 0xA0, 0x01, 0x64, 0x80, 0x09, 0x65, 0x80,
    0x01, 0x64, 0x78, 0x01, 0x65, 0x78, 0x04, 0x64, 0x78, 0x03, 0x64, 0x70,
    0x01, 0x44, 0x70, 0x01, 0x64, 0x80, 0x01, 0x24, 0xA9, 0x01, 0x24, 0xE2,
    0x01, 0x44, 0xE2, 0x01, 0x43, 0xB1, 0x01, 0x63, 0x80, 0x01, 0x64, 0x78,
    0x01, 0x84, 0x60, 0x01, 0x21, 0x20, 0x01, 0x00, 0x08, 0x29, 0x00, 0x00,
    0x01, 0xE3, 0x18, 0x01, 0x04, 0x19, 0x26, 0x00, 0x00, 0x01, 0x21, 0x18,
    0x01, 0xC4, 0x50, 0x01, 0x85, 0x68, 0x01, 0x84, 0x80, 0x01, 0x23, 0xB1,
    0x02, 0xC4, 0xE1, 0x01, 0xA3, 0x98, 0x01, 0x44, 0x78, 0x07, 0x65, 0x80,
    0x03, 0x45, 0x78, 0x01, 0x24, 0x78, 0x05, 0x44, 0x70, 0x02, 0x64, 0x70,
    0x01, 0x65, 0x70, 0x01, 0x65, 0x78, 0x01, 0x45, 0x78, 0x01, 0x24, 0x70,
    0x01, 0x83, 0x90, 0x01, 0xE4, 0xD1, 0x01, 0xC4, 0xFA, 0x01, 0x63, 0xE2,
    0x01, 0x63, 0xB1, 0x01, 0x64, 0x80, 0x01, 0x45, 0x70, 0x01, 0xC4, 0x58,
    0x01, 0x41, 0x18, 0x28, 0x00, 0x00, 0x01, 0x03, 0x19, 0x01, 0x04, 0x19,
    0x25, 0x00, 0x00, 0x01, 0x82, 0x30, 0x01, 0xE5, 0x68, 0x01, 0x65, 0x70,
    0x01, 0xC4, 0x90, 0x01, 0xA4, 0xD1, 0x01, 0x03, 0xF2, 0x01, 0xC4, 0xD9,
    0x01, 0x83, 0x90, 0x01, 0x44, 0x70, 0x01, 0x65, 0x78, 0x01, 0x45, 0x78,
    0x03, 0x65, 0x80, 0x01, 0x44, 0x80, 0x01, 0x64, 0x80, 0x03, 0x84, 0x90,
    0x01, 0xE3, 0x98, 0x02, 0x42, 0x99, 0x01, 0x02, 0x91, 0x02, 0xE3, 0x90,
    0x01, 0xC4, 0x88, 0x01, 0x64, 0x78, 0x01, 0x44, 0x70, 0x01, 0x45, 0x70,
    0x03, 0x65, 0x78, 0x01, 0x45, 0x78, 0x01, 0x43, 0x80, 0x01, 0xA3, 0xC1,
    0x02, 0x03, 0xFB, 0x01, 0xC4, 0xC1, 0x01, 0x83, 0x88, 0x01, 0x44, 0x78,
    0x01, 0xE5, 0x68, 0x01, 0x62, 0x28, 0x27, 0x00, 0x00, 0x01, 0xE3, 0x18,
    0x01, 0x04, 0x21, 0x24, 0x00, 0x00, 0x01, 0x82, 0x38, 0x01, 0xE5, 0x70,
    0x01, 0x64, 0x70, 0x01, 0xE4, 0xA0, 0x01, 0xE4, 0xE1, 0x01, 0x03, 0xFA,
    0x01, 0xC4, 0xE1, 0x01, 0xA3, 0x88, 0x01, 0x45, 0x70, 0x01, 0x65, 0x70,
    0x03, 0x65, 0x78, 0x01, 0x64, 0x78, 0x01, 0xA4, 0x90, 0x01, 0x24, 0xA9,
    0x01, 0x83, 0xC1, 0x01, 0x42, 0xDA, 0x01, 0x42, 0xE3, 0x01, 0xC2, 0xDB,
    0x01, 0x63, 0xF5, 0x01, 0x02, 0xFE, 0x01, 0xE2, 0xF5, 0x01, 0xA2, 0xF5,
    0x01, 0x82, 0xF4, 0x01, 0x22, 0xE3, 0x01, 0x62, 0xE2, 0x01, 0xE3, 0xC9,
    0x01, 0xC4, 0xC1, 0x01, 0x03, 0x99, 0x01, 0x84, 0x80, 0x01, 0x44, 0x78,
    0x01, 0x45, 0x78, 0x02, 0x65, 0x80, 0x01, 0x64, 0x80, 0x01, 0xC4, 0xC1,
    0x01, 0xC3, 0xFA, 0x01, 0xC2, 0xFA, 0x01, 0x63, 0xDA, 0x01, 0xC3, 0x90,
    0x01, 0x44, 0x70, 0x01, 0xC5, 0x70, 0x01, 0x82, 0x30, 0x26, 0x00, 0x00,
    0x01, 0xE3, 0x18, 0x01, 0x04, 0x21, 0x23, 0x00, 0x00, 0x01, 0x41, 0x20,
    0x01, 0xC5, 0x68, 0x01, 0x44, 0x78, 0x01, 0xE4, 0xA0, 0x01, 0xE4, 0xE9,
    0x01, 0xE2, 0xF9, 0x01, 0xC3, 0xE9, 0x01, 0x24, 0xB1, 0x01, 0x44, 0x70,
    0x03, 0x65, 0x70, 0x01, 0x44, 0x70, 0x01, 0x83, 0x88, 0x01, 0x44, 0xB1,
    0x01, 0xE4, 0xD1, 0x01, 0x42, 0xEA, 0x01, 0x82, 0xEB, 0x01, 0xE4, 0xFD,
    0x01, 0xE6, 0xFE, 0x01, 0x67, 0xFF, 0x01, 0x88, 0xFF, 0x01, 0x87, 0xFF,
    0x01, 0x65, 0xFF, 0x01, 0x42, 0xFF, 0x01, 0xE1, 0xFE, 0x01, 0x21, 0xFE,
    0x01, 0xE1, 0xFC, 0x01, 0xA1, 0xFB, 0x01, 0x02, 0xFB, 0x01, 0xE3, 0xF2,
    0x01, 0x24, 0xCA, 0x01, 0x43, 0xA9, 0x01, 0x83, 0x88, 0x01, 0x44, 0x78,
    0x02, 0x65, 0x80, 0x01, 0x43, 0x80, 0x01, 0xE3, 0xD1, 0x02, 0xC1, 0xFA,
    0x01, 0xC3, 0xEA, 0x01, 0x83, 0xA9, 0x01, 0x43, 0x78, 0x01, 0xA5, 0x68,
    0x01, 0x82, 0x30, 0x25, 0x00, 0x00, 0x01, 0xE3, 0x18, 0x01, 0x04, 0x21,
    0x22, 0x00, 0x00, 0x01, 0x41, 0x20, 0x01, 0xC5, 0x68, 0x01, 0x65, 0x78,
    0x01, 0xE4, 0xA0, 0x01, 0x04, 0xEA, 0x02, 0xE3, 0xF1, 0x01, 0x83, 0xC9,
    0x01, 0x64, 0x78, 0x02, 0x65, 0x70, 0x01, 0x44, 0x70, 0x01, 0x64, 0x78,
    0x01, 0x04, 0xA1, 0x01, 0xA3, 0xD1, 0x01, 0x23, 0xEA, 0x01, 0xA1, 0xEA,
    0x01, 0x21, 0xF4, 0x01, 0x46, 0xFE, 0x01, 0xD0, 0xFF, 0x01, 0xF5, 0xFF,
    0x01, 0xF8, 0xFF, 0x01, 0xFA, 0xFF, 0x01, 0xDA, 0xFF, 0x01, 0xD7, 0xFF,
    0x01, 0xB3, 0xFF, 0x01, 0x4A, 0xFF, 0x01, 0xE1, 0xFE, 0x01, 0xC1, 0xFE,
    0x01, 0x22, 0xFE, 0x01, 0x81, 0xF4, 0x01, 0x41, 0xFB, 0x01, 0xE2, 0xFA,
    0x01, 0xC2, 0xFA, 0x01, 0x63, 0xE2, 0x01, 0x63, 0xB1, 0x01, 0x43, 0x78,
    0x02, 0x65, 0x78, 0x01, 0xA3, 0x90, 0x01, 0x82, 0xEA, 0x01, 0xC1, 0xFA,
    0x01, 0xE1, 0xFA, 0x01, 0x02, 0xFB, 0x01, 0xC2, 0xB9, 0x01, 0x43, 0x78,
    0x01, 0xA5, 0x70, 0x01, 0x62, 0x28, 0x01, 0x00, 0x00, 0x02, 0x20, 0x00,
    0x21, 0x00, 0x00, 0x01, 0xE3, 0x18, 0x01, 0x04, 0x19, 0x21, 0x00, 0x00,
    0x01, 0x00, 0x08, 0x01, 0xA3, 0x58, 0x01, 0x85, 0x78, 0x01, 0x64, 0x88,
    0x01, 0xC4, 0xD9, 0x01, 0x23, 0xFA, 0x01, 0x03, 0xFA, 0x01, 0x03, 0xF2,
    0x01, 0x04, 0xA1, 0x01, 0x44, 0x70, 0x01, 0x65, 0x70, 0x01, 0x44, 0x70,
    0x01, 0xC3, 0x98, 0x01, 0xC4, 0xD1, 0x01, 0x22, 0xE2, 0x01, 0xA1, 0xEA,
    0x01, 0x81, 0xF3, 0x01, 0x20, 0xFD, 0x01, 0x84, 0xFE, 0x01, 0xB4, 0xFF,
    0x01, 0xFE, 0xFF, 0x06, 0xFF, 0xFF, 0x01, 0xFB, 0xFF, 0x01, 0x2C, 0xFF,
    0x02, 0xC1, 0xFE, 0x01, 0xA2, 0xFE, 0x01, 0x61, 0xFD, 0x01, 0xA1, 0xF3,
    0x01, 0xC1, 0xFA, 0x01, 0xE1, 0xFA, 0x01, 0xE2, 0xFA, 0x01, 0xC3, 0xC1,
    0x01, 0x43, 0x78, 0x01, 0x45, 0x70, 0x01, 0x44, 0x78, 0x01, 0xE3, 0xC9,
    0x03, 0xE1, 0xFA, 0x01, 0x22, 0xFB, 0x01, 0xA3, 0xB9, 0x01, 0x23, 0x78,
    0x01, 0xE5, 0x60, 0x01, 0x41, 0x18, 0x01, 0x00, 0x00, 0x01, 0x20, 0x00,
    0x1F, 0x00, 0x00, 0x01, 0x20, 0x00, 0x01, 0x00, 0x00, 0x01, 0xE3, 0x18,
    0x01, 0x04, 0x21, 0x21, 0x00, 0x00, 0x01, 0x82, 0x30, 0x01, 0xA5, 0x70,
    0x01, 0x44, 0x80, 0x01, 0x24, 0xB9, 0x01, 0x24, 0xFA, 0x02, 0x03, 0xFA,
    0x01, 0xC4, 0xE1, 0x01, 0x84, 0x88, 0x01, 0x45, 0x70, 0x01, 0x64, 0x80,
    0x01, 0x03, 0xA9, 0x01, 0x02, 0xE2, 0x01, 0xE1, 0xFA, 0x01, 0xA0, 0xFB,
    0x01, 0x40, 0xF4, 0x01, 0xC0, 0xFD, 0x01, 0x81, 0xFE, 0x01, 0x2E, 0xF7,
    0x01, 0xFD, 0xFF, 0x08, 0xFF, 0xFF, 0x01, 0xFA, 0xFF, 0x01, 0x07, 0xFF,
    0x02, 0xC0, 0xFE, 0x01, 0xC1, 0xFE, 0x01, 0x21, 0xFE, 0x01, 0x01, 0xF4,
    0x01, 0xA0, 0xF2, 0x01, 0xC0, 0xFA, 0x01, 0xE2, 0xFA, 0x01, 0xE3, 0xC1,
    0x01, 0xA3, 0x88, 0x01, 0x23, 0x70, 0x01, 0x43, 0xA9, 0x01, 0x02, 0xFB,
    0x01, 0x01, 0xFB, 0x01, 0xE0, 0xFA, 0x01, 0xE1, 0xFA, 0x01, 0x03, 0xFB,
    0x01, 0x23, 0xA1, 0x01, 0x64, 0x70, 0x01, 0xC4, 0x50, 0x01, 0x00, 0x08,
    0x22, 0x00, 0x00, 0x01, 0xE3, 0x18, 0x01, 0x04, 0x19, 0x20, 0x00, 0x00,
    0x01, 0x00, 0x08, 0x01, 0x84, 0x58, 0x01, 0x65, 0x78, 0x01, 0x84, 0x90,
    0x01, 0xC4, 0xE9, 0x01, 0x03, 0xFA, 0x01, 0x03, 0xF2, 0x01, 0x23, 0xFA,
    0x01, 0x85, 0xC9, 0x01, 0x24, 0x70, 0x01, 0xA4, 0x88, 0x01, 0x84, 0xC1,
    0x01, 0x42, 0xEA, 0x01, 0xC1, 0xFB, 0x01, 0x80, 0xFC, 0x01, 0x20, 0xF5,
    0x01, 0x20, 0xFE, 0x01, 0x80, 0xFE, 0x01, 0xE7, 0xFE, 0x01, 0xFA, 0xFF,
    0x0A, 0xFF, 0xFF, 0x01, 0x92, 0xFF, 0x01, 0xC1, 0xFE, 0x02, 0xC0, 0xFE,
    0x01, 0xA0, 0xFE, 0x01, 0x41, 0xFE, 0x01, 0xA1, 0xF4, 0x01, 0xE0, 0xF2,
    0x01, 0xC0, 0xFA, 0x01, 0x02, 0xFB, 0x01, 0xA3, 0xE2, 0x01, 0x03, 0x99,
    0x01, 0x63, 0xB1, 0x01, 0xE2, 0xFA, 0x01, 0x60, 0xFB, 0x01, 0x61, 0xFC,
    0x01, 0x00, 0xF3, 0x01, 0xE1, 0xFA, 0x01, 0x23, 0xD2, 0x01, 0x83, 0x88,
    0x01, 0x84, 0x68, 0x01, 0x62, 0x30, 0x22, 0x00, 0x00, 0x01, 0xE3, 0x18,
    0x01, 0x04, 0x19, 0x1D, 0x00, 0x00, 0x01, 0x20, 0x00, 0x02, 0x00, 0x00,
    0x01, 0x62, 0x28, 0x01, 0xA6, 0x68, 0x01, 0x45, 0x78, 0x01, 0x24, 0xB9,
    0x01, 0x03, 0xFA, 0x01, 0xE3, 0xF9, 0x01, 0x03, 0xFA, 0x01, 0x04, 0xFA,
    0x01, 0x03, 0xA9, 0x01, 0xA4, 0x90, 0x01, 0xE4, 0xD9, 0x01, 0x82, 0xF2,
    0x01, 0x01, 0xFC, 0x01, 0xE0, 0xFC, 0x01, 0x80, 0xFD, 0x01, 0x60, 0xFE,
    0x02, 0xA0, 0xFE, 0x01, 0x4E, 0xF7, 0x01, 0xFE, 0xFF, 0x0A, 0xFF, 0xFF,
    0x01, 0xB7, 0xFF, 0x01, 0xE5, 0xFE, 0x03, 0xC0, 0xFE, 0x01, 0xA0, 0xFE,
    0x01, 0x81, 0xFE, 0x01, 0x01, 0xFD, 0x01, 0x00, 0xF3, 0x01, 0xC1, 0xFA,
    0x01, 0x02, 0xFB, 0x01, 0xC3, 0xEA, 0x01, 0x43, 0xDA, 0x01, 0xC2, 0xF2,
    0x01, 0xA0, 0xFB, 0x01, 0x02, 0xFE, 0x01, 0xC1, 0xF4, 0x01, 0xA0, 0xF2,
    0x01, 0xC2, 0xFA, 0x01, 0x63, 0xB1, 0x01, 0x24, 0x70, 0x01, 0xC4, 0x58,
    0x01, 0x20, 0x10, 0x21, 0x00, 0x00, 0x01, 0xE3, 0x18, 0x01, 0x04, 0x19,
    0x1E, 0x00, 0x00, 0x01, 0x20, 0x00, 0x01, 0x00, 0x00, 0x01, 0x82, 0x38,
    0x01, 0x65, 0x70, 0x01, 0x64, 0x88, 0x01, 0xA4, 0xD9, 0x01, 0xE3, 0xF9,
    0x01, 0xE2, 0xF1, 0x01, 0xE3, 0xF9, 0x01, 0xE3, 0xF1, 0x01, 0x63, 0xC9,
    0x01, 0x04, 0xE2, 0x01, 0x42, 0xF2, 0x01, 0xC1, 0xFB, 0x01, 0x20, 0xFD,
    0x01, 0xC0, 0xFD, 0x01, 0xA0, 0xFE, 0x02, 0xC0, 0xFE, 0x01, 0xA0, 0xFE,
    0x01, 0x71, 0xFF, 0x01, 0xFE, 0xFF, 0x0A, 0xFF, 0xFF, 0x01, 0xFD, 0xFF,
    0x01, 0x2B, 0xF7, 0x02, 0xC0, 0xFE, 0x01, 0xE0, 0xFE, 0x01, 0xC0, 0xFE,
    0x01, 0xA0, 0xFE, 0x01, 0xA1, 0xFE, 0x01, 0x41, 0xFD, 0x01, 0x21, 0xF3,
    0x01, 0xE1, 0xFA, 0x01, 0x01, 0xFB, 0x01, 0x22, 0xFB, 0x01, 0xE1, 0xFA,
    0x01, 0xE0, 0xF3, 0x02, 0x41, 0xFE, 0x01, 0xA1, 0xF3, 0x01, 0x61, 0xFA,
    0x01, 0x43, 0xE2, 0x01, 0x83, 0x88, 0x01, 0x85, 0x68, 0x01, 0x82, 0x28,
    0x21, 0x00, 0x00, 0x01, 0xE3, 0x18, 0x01, 0x04, 0x19, 0x20, 0x00, 0x00,
    0x01, 0x83, 0x40, 0x01, 0x45, 0x70, 0x01, 0xC4, 0xA0, 0x01, 0xE4, 0xF1,
    0x01, 0xC2, 0xF1, 0x03, 0xC3, 0xF1, 0x01, 0xA3, 0xE1, 0x01, 0x03, 0xF2,
    0x01, 0x41, 0xF3, 0x01, 0x41, 0xFD, 0x01, 0x20, 0xFE, 0x05, 0xC0, 0xFE,
    0x01, 0x70, 0xFF, 0x01, 0xFD, 0xFF, 0x0B, 0xFF, 0xFF, 0x01, 0x70, 0xFF,
    0x01, 0xC1, 0xFE, 0x01, 0xE0, 0xFE, 0x01, 0xC0, 0xFE, 0x01, 0xE0, 0xFE,
    0x01, 0xC0, 0xFE, 0x01, 0xA0, 0xFE, 0x01, 0xA1, 0xFE, 0x01, 0x21, 0xFD,
    0x01, 0x40, 0xF3, 0x01, 0xE1, 0xFA, 0x01, 0x01, 0xFB, 0x01, 0x00, 0xFB,
    0x01, 0xC1, 0xF4, 0x01, 0x61, 0xFE, 0x01, 0x80, 0xFE, 0x01, 0x41, 0xFD,
    0x01, 0xA0, 0xF2, 0x01, 0x62, 0xFA, 0x01, 0x03, 0xA9, 0x01, 0x24, 0x70,
    0x01, 0xA4, 0x40, 0x21, 0x00, 0x00, 0x01, 0xE3, 0x18, 0x01, 0x03, 0x19,
    0x1F, 0x00, 0x00, 0x01, 0x40, 0x18, 0x01, 0xC5, 0x58, 0x01, 0x45, 0x70,
    0x01, 0x04, 0xB9, 0x01, 0xE3, 0xF1, 0x01, 0xA3, 0xF1, 0x01, 0xC3, 0xF1,
    0x01, 0xA3, 0xF1, 0x01, 0x22, 0xF2, 0x01, 0xE2, 0xFA, 0x01, 0x01, 0xF3,
    0x01, 0x61, 0xFD, 0x01, 0xA1, 0xFE, 0x04, 0xC0, 0xFE, 0x01, 0xE0, 0xFE,
    0x01, 0xC0, 0xFE, 0x01, 0x07, 0xFF, 0x01, 0xFA, 0xFF, 0x0B, 0xFF, 0xFF,
    0x01, 0xB6, 0xFF, 0x01, 0xE3, 0xFE, 0x01, 0xE0, 0xFE, 0x02, 0xC0, 0xFE,
    0x01, 0xE0, 0xFE, 0x01, 0xC0, 0xFE, 0x01, 0xA0, 0xFE, 0x01, 0xA1, 0xFE,
    0x01, 0x61, 0xFD, 0x01, 0x60, 0xF3, 0x01, 0xC0, 0xFA, 0x01, 0xC0, 0xF3,
    0x01, 0x21, 0xFE, 0x02, 0x80, 0xFE, 0x01, 0x41, 0xFE, 0x01, 0x40, 0xF3,
    0x01, 0x41, 0xFA, 0x01, 0x83, 0xC1, 0x01, 0x24, 0x78, 0x01, 0xA4, 0x50,
    0x01, 0x40, 0x08, 0x20, 0x00, 0x00, 0x01, 0xE3, 0x18, 0x01, 0x03, 0x19,
    0x1F, 0x00, 0x00, 0x01, 0x20, 0x20, 0x01, 0xC5, 0x68, 0x01, 0x66, 0x78,
    0x01, 0x24, 0xC1, 0x01, 0xE3, 0xF9, 0x02, 0xC3, 0xF1, 0x01, 0xC2, 0xF1,
    0x01, 0xC2, 0xFA, 0x01, 0x81, 0xFB, 0x01, 0x01, 0xF5, 0x01, 0xC1, 0xFE,
    0x03, 0xC0, 0xFE, 0x02, 0xE0, 0xFE, 0x01, 0xC0, 0xFE, 0x01, 0xE0, 0xFE,
    0x01, 0xE1, 0xFE, 0x01, 0x4B, 0xFF, 0x02, 0x92, 0xFF, 0x01, 0x91, 0xFF,
    0x02, 0x70, 0xFF, 0x01, 0x95, 0xFF, 0x01, 0xFD, 0xFF, 0x04, 0xFF, 0xFF,
    0x01, 0xB7, 0xFF, 0x01, 0xE3, 0xFE, 0x01, 0xE0, 0xFE, 0x01, 0xE1, 0xFE,
    0x01, 0xC0, 0xFE, 0x02, 0xE0, 0xFE, 0x01, 0xC0, 0xFE, 0x01, 0xA0, 0xFE,
    0x01, 0xC1, 0xFE, 0x01, 0xC1, 0xFD, 0x01, 0x80, 0xF4, 0x01, 0x81, 0xFD,
    0x01, 0x81, 0xFE, 0x01, 0x60, 0xFE, 0x01, 0x80, 0xFE, 0x01, 0x81, 0xFE,
    0x01, 0xC1, 0xF3, 0x01, 0x21, 0xFA, 0x01, 0x43, 0xEA, 0x01, 0xA4, 0x88,
    0x01, 0x43, 0x50, 0x01, 0x20, 0x08, 0x03, 0x00, 0x00, 0x01, 0x20, 0x00,
    0x1C, 0x00, 0x00, 0x01, 0xE3, 0x18, 0x01, 0x03, 0x19, 0x01, 0x00, 0x00,
    0x01, 0x20, 0x00, 0x1D, 0x00, 0x00, 0x01, 0x20, 0x20, 0x01, 0xA5, 0x68,
    0x01, 0x66, 0x78, 0x01, 0x45, 0xC1, 0x01, 0xE3, 0xF9, 0x01, 0xC3, 0xF1,
    0x01, 0xA3, 0xF1, 0x01, 0x02, 0xF2, 0x01, 0x21, 0xFB, 0x01, 0x00, 0xF4,
    0x01, 0x61, 0xFE, 0x03, 0xC0, 0xFE, 0x01, 0x00, 0xFF, 0x01, 0x81, 0xFE,
    0x01, 0xC1, 0xEC, 0x01, 0x81, 0xF5, 0x01, 0x00, 0xFF, 0x07, 0xE0, 0xFE,
    0x01, 0xE2, 0xF6, 0x01, 0x6F, 0xF7, 0x01, 0xFE, 0xFF, 0x03, 0xFF, 0xFF,
    0x01, 0x95, 0xFF, 0x01, 0xE3, 0xFE, 0x02, 0xE0, 0xFE, 0x04, 0xC0, 0xFE,
    0x01, 0x01, 0xFE, 0x01, 0x41, 0xF5, 0x01, 0x21, 0xFE, 0x01, 0xA1, 0xFE,
    0x01, 0x60, 0xFE, 0x01, 0x40, 0xFE, 0x02, 0x60, 0xFE, 0x01, 0xA1, 0xFE,
    0x01, 0x61, 0xF4, 0x01, 0x40, 0xFA, 0x01, 0x23, 0xEA, 0x01, 0x84, 0x88,
    0x01, 0xA5, 0x68, 0x01, 0x41, 0x28, 0x01, 0x00, 0x00, 0x01, 0x20, 0x00,
    0x1E, 0x00, 0x00, 0x01, 0xE3, 0x18, 0x01, 0x03, 0x19, 0x1F, 0x00, 0x00,
    0x01, 0x20, 0x20, 0x01, 0xA5, 0x68, 0x01, 0x66, 0x78, 0x01, 0x25, 0xC1,
    0x01, 0xE3, 0xF9, 0x01, 0xC3, 0xF1, 0x01, 0xA3, 0xF1, 0x01, 0xA2, 0xFA,
    0x01, 0x81, 0xFB, 0x01, 0x41, 0xF5, 0x01, 0xC1, 0xFE, 0x01, 0xC0, 0xFE,
    0x01, 0xE0, 0xFE, 0x01, 0xE1, 0xFE, 0x01, 0x81, 0xFD, 0x01, 0x61, 0xF3,
    0x01, 0x80, 0xF2, 0x01, 0x41, 0xFD, 0x09, 0x00, 0xFF, 0x01, 0xE3, 0xF6,
    0x01, 0xB6, 0xFF, 0x03, 0xFF, 0xFF, 0x01, 0xB6, 0xFF, 0x01, 0xE2, 0xFE,
    0x02, 0xE0, 0xFE, 0x01, 0xC0, 0xFE, 0x01, 0xE0, 0xFE, 0x01, 0xC0, 0xFE,
    0x01, 0xE1, 0xFE, 0x01, 0xE1, 0xF4, 0x01, 0x60, 0xEA, 0x01, 0xE1, 0xF2,
    0x01, 0x41, 0xF4, 0x01, 0xA1, 0xFD, 0x01, 0x61, 0xFE, 0x02, 0x60, 0xFE,
    0x01, 0xA1, 0xFE, 0x01, 0xA1, 0xF4, 0x01, 0x40, 0xF2, 0x01, 0x83, 0xFA,
    0x01, 0xE4, 0xA0, 0x01, 0x65, 0x70, 0x01, 0x61, 0x30, 0x01, 0x00, 0x00,
    0x01, 0x20, 0x00, 0x1E, 0x00, 0x00, 0x01, 0xE3, 0x18, 0x01, 0x04, 0x19,
    0x1F, 0x00, 0x00, 0x01, 0x20, 0x18, 0x01, 0xA5, 0x60, 0x01, 0x46, 0x78,
    0x01, 0x05, 0xB9, 0x01, 0xE3, 0xF1, 0x01, 0xC3, 0xF1, 0x01, 0xC2, 0xF1,
    0x01, 0xE2, 0xFA, 0x01, 0x00, 0xF4, 0x01, 0x41, 0xFE, 0x01, 0xC0, 0xFE,
    0x01, 0xE0, 0xFE, 0x01, 0x61, 0xFE, 0x01, 0x61, 0xF4, 0x01, 0xC0, 0xF2,
    0x02, 0x81, 0xFA, 0x01, 0x41, 0xF4, 0x01, 0xE1, 0xFE, 0x06, 0x00, 0xFF,
    0x01, 0xE0, 0xFE, 0x01, 0x00, 0xFF, 0x01, 0xE0, 0xFE, 0x01, 0x4C, 0xFF,
    0x01, 0xFE, 0xFF, 0x02, 0xFF, 0xFF, 0x01, 0xB6, 0xFF, 0x01, 0xC1, 0xFE,
    0x02, 0xE0, 0xFE, 0x01, 0x81, 0xFE, 0x01, 0xA1, 0xF5, 0x01, 0xA0, 0xFE,
    0x01, 0xE0, 0xFE, 0x01, 0xE1, 0xF4, 0x01, 0x41, 0xF2, 0x01, 0x01, 0xFA,
    0x01, 0x01, 0xF2, 0x01, 0xC0, 0xF2, 0x01, 0xA1, 0xF4, 0x01, 0x61, 0xFE,
    0x01, 0x80, 0xFE, 0x01, 0xA1, 0xFE, 0x01, 0x82, 0xF4, 0x01, 0x61, 0xFA,
    0x01, 0x83, 0xFA, 0x01, 0xE4, 0xA8, 0x01, 0x65, 0x70, 0x01, 0x62, 0x38,
    0x20, 0x00, 0x00, 0x01, 0x03, 0x19, 0x01, 0x04, 0x19, 0x1F, 0x00, 0x00,
    0x01, 0x20, 0x18, 0x01, 0xA5, 0x60, 0x01, 0x46, 0x78, 0x01, 0xC5, 0xA8,
    0x01, 0xE4, 0xF1, 0x01, 0xC3, 0xF9, 0x01, 0xE2, 0xF1, 0x01, 0x21, 0xFB,
    0x01, 0xC1, 0xF4, 0x01, 0xA1, 0xFE, 0x01, 0xC0, 0xFE, 0x01, 0x02, 0xFE,
    0x01, 0xA1, 0xF3, 0x01, 0x61, 0xFA, 0x01, 0x81, 0xFA, 0x01, 0xA1, 0xFA,
    0x01, 0x81, 0xFA, 0x01, 0x20, 0xF3, 0x01, 0xA1, 0xFD, 0x06, 0x00, 0xFF,
    0x03, 0xE0, 0xFE, 0x01, 0x06, 0xFF, 0x01, 0xD8, 0xFF, 0x02, 0xFF, 0xFF,
    0x01, 0xB5, 0xFF, 0x01, 0xC1, 0xFE, 0x01, 0xC0, 0xFE, 0x01, 0x00, 0xFF,
    0x01, 0x20, 0xFE, 0x01, 0x00, 0xEC, 0x01, 0x21, 0xFE, 0x01, 0xE0, 0xFE,
    0x01, 0x81, 0xFD, 0x01, 0xC1, 0xF2, 0x01, 0x21, 0xFA, 0x01, 0x41, 0xFA,
    0x01, 0x21, 0xFA, 0x01, 0x40, 0xF2, 0x01, 0xA1, 0xF4, 0x02, 0x81, 0xFE,
    0x01, 0x01, 0xF4, 0x01, 0x61, 0xFA, 0x01, 0x83, 0xFA, 0x01, 0xE3, 0xA8,
    0x01, 0x64, 0x70, 0x01, 0x62, 0x38, 0x20, 0x00, 0x00, 0x01, 0x03, 0x19,
    0x01, 0x04, 0x21, 0x20, 0x00, 0x00, 0x01, 0x83, 0x40, 0x01, 0x46, 0x80,
    0x01, 0x85, 0x98, 0x01, 0xA4, 0xE9, 0x01, 0xC3, 0xF9, 0x01, 0x02, 0xF2,
    0x01, 0x41, 0xFB, 0x01, 0x81, 0xFD, 0x01, 0xE1, 0xFE, 0x01, 0x01, 0xFE,
    0x01, 0x40, 0xF3, 0x01, 0x61, 0xFA, 0x01, 0xA1, 0xFA, 0x03, 0x81, 0xFA,
    0x01, 0xA0, 0xFA, 0x01, 0x00, 0xFC, 0x01, 0xA0, 0xFD, 0x01, 0xC1, 0xFE,
    0x04, 0x00, 0xFF, 0x03, 0xE0, 0xFE, 0x01, 0xE1, 0xFE, 0x01, 0x93, 0xFF,
    0x02, 0xFF, 0xFF, 0x01, 0x93, 0xFF, 0x01, 0xC1, 0xFE, 0x01, 0xE0, 0xFE,
    0x01, 0x00, 0xFF, 0x01, 0xE1, 0xFD, 0x01, 0x80, 0xF3, 0x01, 0x61, 0xFD,
    0x01, 0xE1, 0xFE, 0x01, 0xA1, 0xFD, 0x01, 0x20, 0xF3, 0x02, 0x41, 0xFA,
    0x01, 0x61, 0xFA, 0x01, 0x41, 0xFA, 0x01, 0x80, 0xF2, 0x01, 0x21, 0xF5,
    0x01, 0x62, 0xFE, 0x01, 0x61, 0xF3, 0x01, 0x61, 0xFA, 0x01, 0x83, 0xFA,
    0x01, 0xC4, 0xA8, 0x01, 0x65, 0x70, 0x01, 0x62, 0x38, 0x01, 0x00, 0x00,
    0x01, 0x20, 0x00, 0x1E, 0x00, 0x00, 0x01, 0xE3, 0x18, 0x01, 0x03, 0x21,
    0x20, 0x00, 0x00, 0x01, 0x83, 0x38, 0x01, 0x66, 0x80, 0x01, 0x45, 0x90,
    0x01, 0x84, 0xD9, 0x01, 0xC3, 0xF9, 0x01, 0xE2, 0xF1, 0x01, 0x81, 0xF3,
    0x01, 0x01, 0xFE, 0x01, 0xC1, 0xFE, 0x01, 0x21, 0xF4, 0x01, 0x61, 0xFA,
    0x02, 0xA1, 0xFA, 0x03, 0x81, 0xFA, 0x01, 0x61, 0xFA, 0x01, 0x20, 0xFB,
    0x01, 0x40, 0xFC, 0x01, 0x00, 0xF5, 0x01, 0x61, 0xFE, 0x01, 0x00, 0xFF,
    0x01, 0xE0, 0xFE, 0x01, 0x00, 0xFF, 0x03, 0xE0, 0xFE, 0x01, 0xC0, 0xFE,
    0x01, 0x4D, 0xF7, 0x01, 0xFD, 0xFF, 0x01, 0xFE, 0xFF, 0x01, 0x70, 0xFF,
    0x01, 0xC0, 0xFE, 0x02, 0xE0, 0xFE, 0x01, 0x61, 0xF5, 0x01, 0x40, 0xF3,
    0x01, 0x80, 0xF4, 0x01, 0xA1, 0xFE, 0x01, 0x81, 0xFD, 0x01, 0x20, 0xF3,
    0x01, 0x41, 0xFA, 0x01, 0x61, 0xFA, 0x01, 0x41, 0xFA, 0x01, 0x61, 0xFA,
    0x01, 0x41, 0xFA, 0x01, 0x21, 0xF3, 0x01, 0x43, 0xFD, 0x01, 0x21, 0xF3,
    0x01, 0xA2, 0xFA, 0x01, 0xE3, 0xD9, 0x01, 0x85, 0x98, 0x01, 0x85, 0x70,
    0x01, 0x62, 0x30, 0x01, 0x00, 0x00, 0x01, 0x20, 0x00, 0x1E, 0x00, 0x00,
    0x01, 0xE3, 0x18, 0x01, 0x04, 0x21, 0x20, 0x00, 0x00, 0x01, 0x61, 0x28,
    0x01, 0xA5, 0x70, 0x01, 0x26, 0x88, 0x01, 0xE5, 0xB8, 0x01, 0xE3, 0xF9,
    0x01, 0xE2, 0xF1, 0x01, 0xA1, 0xF3, 0x01, 0x41, 0xFE, 0x01, 0x22, 0xFE,
    0x01, 0x20, 0xF3, 0x01, 0x81, 0xFA, 0x02, 0xA1, 0xFA, 0x03, 0x81, 0xFA,
    0x01, 0x61, 0xFA, 0x01, 0x81, 0xFA, 0x01, 0xE1, 0xFB, 0x01, 0x20, 0xFC,
    0x01, 0xC0, 0xF4, 0x01, 0xA1, 0xFE, 0x01, 0x00, 0xFF, 0x05, 0xE0, 0xFE,
    0x01, 0x07, 0xFF, 0x01, 0xD9, 0xFF, 0x01, 0xFB, 0xFF, 0x01, 0x29, 0xF7,
    0x01, 0xC0, 0xFE, 0x02, 0xE0, 0xFE, 0x01, 0xE1, 0xF4, 0x01, 0x40, 0xF3,
    0x01, 0xA0, 0xF3, 0x01, 0xA1, 0xFD, 0x01, 0x21, 0xFD, 0x01, 0xE1, 0xF2,
    0x02, 0x41, 0xFA, 0x03, 0x61, 0xFA, 0x01, 0x81, 0xFA, 0x01, 0x42, 0xFB,
    0x01, 0xE1, 0xFA, 0x01, 0xA2, 0xFA, 0x01, 0x84, 0xD1, 0x01, 0x45, 0x90,
    0x01, 0x84, 0x60, 0x01, 0x20, 0x10, 0x01, 0x00, 0x00, 0x01, 0x20, 0x00,
    0x1E, 0x00, 0x00, 0x01, 0xE3, 0x18, 0x01, 0x04, 0x21, 0x20, 0x00, 0x00,
    0x01, 0x20, 0x08, 0x01, 0xC4, 0x58, 0x01, 0x46, 0x80, 0x01, 0xA5, 0xA8,
    0x01, 0xC4, 0xF1, 0x01, 0xE2, 0xF1, 0x01, 0x81, 0xF3, 0x01, 0x82, 0xFE,
    0x01, 0x61, 0xFD, 0x01, 0xA0, 0xF2, 0x01, 0x81, 0xFA, 0x01, 0xA1, 0xFA,
    0x01, 0x81, 0xFA, 0x01, 0xA1, 0xFA, 0x02, 0xA2, 0xFA, 0x01, 0x82, 0xFA,
    0x01, 0x41, 0xFA, 0x01, 0x01, 0xFB, 0x01, 0x41, 0xFC, 0x01, 0x20, 0xFC,
    0x01, 0x00, 0xF5, 0x01, 0xC0, 0xFE, 0x01, 0x00, 0xFF, 0x04, 0xE0, 0xFE,
    0x01, 0x03, 0xFF, 0x01, 0xB6, 0xFF, 0x01, 0xB5, 0xFF, 0x01, 0xC3, 0xF6,
    0x01, 0xC0, 0xFE, 0x01, 0xE0, 0xFE, 0x01, 0xC1, 0xFE, 0x01, 0x60, 0xF4,
    0x01, 0x40, 0xFB, 0x01, 0x60, 0xFB, 0x01, 0xE0, 0xFB, 0x01, 0x01, 0xFC,
    0x01, 0x81, 0xFA, 0x04, 0x61, 0xFA, 0x02, 0x81, 0xFA, 0x01, 0xA1, 0xFA,
    0x01, 0xC1, 0xFA, 0x01, 0xA2, 0xFA, 0x01, 0x44, 0xC1, 0x01, 0x66, 0x80,
    0x01, 0xA4, 0x50, 0x01, 0x00, 0x08, 0x02, 0x20, 0x00, 0x1E, 0x00, 0x00,
    0x01, 0xE3, 0x18, 0x01, 0x04, 0x21, 0x01, 0x00, 0x00, 0x01, 0x20, 0x00,
    0x1F, 0x00, 0x00, 0x01, 0x82, 0x30, 0x01, 0xA6, 0x78, 0x01, 0x45, 0x90,
    0x01, 0x84, 0xD9, 0x01, 0xE2, 0xF1, 0x01, 0x21, 0xEB, 0x01, 0x62, 0xFE,
    0x01, 0x01, 0xFD, 0x01, 0x61, 0xFA, 0x02, 0xA1, 0xFA, 0x02, 0xA2, 0xFA,
    0x01, 0x23, 0xF2, 0x02, 0xE3, 0xF1, 0x01, 0x43, 0xFA, 0x01, 0x61, 0xFA,
    0x01, 0xC1, 0xFB, 0x01, 0x40, 0xFC, 0x01, 0x20, 0xFC, 0x01, 0x80, 0xF5,
    0x02, 0x00, 0xFF, 0x03, 0xE0, 0xFE, 0x01, 0xE1, 0xFE, 0x01, 0x6D, 0xFF,
    0x01, 0x28, 0xFF, 0x03, 0xE0, 0xFE, 0x01, 0x41, 0xFE, 0x01, 0xC0, 0xF3,
    0x02, 0x60, 0xFB, 0x01, 0x80, 0xFB, 0x01, 0x00, 0xFB, 0x01, 0x41, 0xFA,
    0x03, 0x61, 0xFA, 0x04, 0x81, 0xFA, 0x01, 0xA1, 0xFA, 0x01, 0x83, 0xFA,
    0x01, 0xE4, 0xA8, 0x01, 0x85, 0x70, 0x01, 0x62, 0x28, 0x01, 0x00, 0x00,
    0x02, 0x20, 0x00, 0x1E, 0x00, 0x00, 0x01, 0xE3, 0x18, 0x01, 0x04, 0x21,
    0x21, 0x00, 0x00, 0x01, 0x20, 0x08, 0x01, 0xA4, 0x58, 0x01, 0x46, 0x80,
    0x01, 0xE4, 0xB0, 0x01, 0xE3, 0xF1, 0x01, 0xA1, 0xEA, 0x01, 0x22, 0xFE,
    0x01, 0xC1, 0xF4, 0x01, 0x61, 0xFA, 0x01, 0x81, 0xFA, 0x01, 0xA1, 0xFA,
    0x01, 0x63, 0xFA, 0x01, 0x84, 0xD9, 0x01, 0x05, 0xB1, 0x02, 0xE5, 0xA8,
    0x01, 0x24, 0xC9, 0x01, 0xC3, 0xE9, 0x01, 0x21, 0xFB, 0x01, 0x41, 0xFC,
    0x01, 0x40, 0xFC, 0x01, 0x60, 0xF4, 0x01, 0x41, 0xFE, 0x01, 0x20, 0xFF,
    0x01, 0x00, 0xFF, 0x02, 0xE0, 0xFE, 0x01, 0x00, 0xFF, 0x01, 0x01, 0xFF,
    0x03, 0xE0, 0xFE, 0x01, 0x00, 0xFF, 0x01, 0x61, 0xF5, 0x01, 0x60, 0xF3,
    0x02, 0x60, 0xFB, 0x01, 0x80, 0xFB, 0x01, 0xC0, 0xFA, 0x02, 0x41, 0xFA,
    0x03, 0x61, 0xFA, 0x03, 0x81, 0xFA, 0x01, 0xA1, 0xFA, 0x01, 0x03, 0xE2,
    0x01, 0x84, 0x90, 0x01, 0xA4, 0x58, 0x01, 0x00, 0x08, 0x02, 0x20, 0x00,
    0x1F, 0x00, 0x00, 0x01, 0xE3, 0x18, 0x01, 0x04, 0x21, 0x22, 0x00, 0x00,
    0x01, 0x82, 0x28, 0x01, 0xA5, 0x70, 0x01, 0x45, 0x90, 0x01, 0x84, 0xD9,
    0x01, 0x41, 0xF2, 0x01, 0x82, 0xFD, 0x01, 0x01, 0xFD, 0x01, 0x60, 0xF2,
    0x01, 0x82, 0xFA, 0x01, 0x23, 0xF2, 0x01, 0x24, 0xC9, 0x01, 0xE5, 0x88,
    0x01, 0x82, 0x48, 0x01, 0x62, 0x30, 0x01, 0xA3, 0x50, 0x01, 0xE6, 0x88,
    0x01, 0xE5, 0xB8, 0x01, 0x22, 0xEA, 0x01, 0xE1, 0xFB, 0x01, 0x40, 0xFC,
    0x01, 0x20, 0xFC, 0x01, 0x20, 0xF5, 0x01, 0x01, 0xFF, 0x05, 0x00, 0xFF,
    0x03, 0xE0, 0xFE, 0x01, 0xE1, 0xFE, 0x01, 0x80, 0xF4, 0x01, 0x40, 0xFB,
    0x03, 0x60, 0xFB, 0x01, 0x61, 0xFA, 0x01, 0x02, 0xFA, 0x04, 0x61, 0xFA,
    0x03, 0x81, 0xFA, 0x01, 0xA2, 0xFA, 0x01, 0x44, 0xC1, 0x01, 0x85, 0x70,
    0x01, 0x82, 0x38, 0x01, 0x00, 0x00, 0x02, 0x20, 0x00, 0x1F, 0x00, 0x00,
    0x01, 0xE3, 0x18, 0x01, 0x03, 0x19, 0x23, 0x00, 0x00, 0x01, 0xA3, 0x40,
    0x01, 0x65, 0x78, 0x01, 0xC4, 0xA8, 0x01, 0xE2, 0xE9, 0x01, 0x41, 0xF4,
    0x01, 0x82, 0xFD, 0x01, 0xA0, 0xF2, 0x01, 0x42, 0xFA, 0x01, 0x43, 0xD9,
    0x01, 0xC5, 0xA8, 0x01, 0xA3, 0x48, 0x03, 0x00, 0x00, 0x01, 0xA2, 0x40,
    0x01, 0xC5, 0x90, 0x01, 0xE4, 0xC0, 0x01, 0x22, 0xF3, 0x01, 0x41, 0xFC,
    0x01, 0x20, 0xFC, 0x01, 0x80, 0xF4, 0x01, 0x81, 0xFE, 0x01, 0x20, 0xFF,
    0x05, 0x00, 0xFF, 0x01, 0xE0, 0xFE, 0x01, 0x20, 0xFF, 0x01, 0xC1, 0xFD,
    0x01, 0x80, 0xF3, 0x03, 0x60, 0xFB, 0x01, 0x01, 0xFB, 0x01, 0x62, 0xE1,
    0x01, 0x24, 0xD9, 0x01, 0x63, 0xD1, 0x01, 0x42, 0xF2, 0x01, 0x61, 0xFA,
    0x01, 0x40, 0xFA, 0x02, 0x61, 0xFA, 0x01, 0x81, 0xFA, 0x01, 0x03, 0xEA,
    0x01, 0x84, 0x88, 0x01, 0xA4, 0x50, 0x01, 0x00, 0x08, 0x22, 0x00, 0x00,
    0x01, 0xE3, 0x18, 0x01, 0x03, 0x19, 0x23, 0x00, 0x00, 0x01, 0x00, 0x08,
    0x01, 0xC5, 0x58, 0x01, 0x85, 0x88, 0x01, 0x64, 0xC9, 0x01, 0x01, 0xEB,
    0x01, 0xA2, 0xFD, 0x01, 0x81, 0xF3, 0x01, 0x82, 0xE9, 0x01, 0x25, 0xD1,
    0x01, 0xE5, 0x98, 0x01, 0x20, 0x20, 0x01, 0x00, 0x00, 0x01, 0x21, 0x00,
    0x01, 0x00, 0x00, 0x01, 0x00, 0x08, 0x01, 0xC4, 0x58, 0x01, 0xA5, 0xB0,
    0x01, 0x63, 0xEA, 0x01, 0x41, 0xFC, 0x02, 0x20, 0xFC, 0x01, 0x21, 0xFE,
    0x01, 0x20, 0xFF, 0x01, 0x00, 0xFF, 0x03, 0x20, 0xFF, 0x01, 0x00, 0xFF,
    0x01, 0x20, 0xFF, 0x01, 0x41, 0xFE, 0x01, 0x00, 0xF4, 0x04, 0x60, 0xFB,
    0x01, 0x21, 0xEA, 0x01, 0x04, 0xD9, 0x01, 0x05, 0xB9, 0x01, 0xA4, 0x70,
    0x01, 0x83, 0xB1, 0x01, 0x81, 0xFA, 0x01, 0x40, 0xFA, 0x01, 0x41, 0xFA,
    0x01, 0x40, 0xFA, 0x01, 0x62, 0xFA, 0x01, 0x24, 0xB9, 0x01, 0x84, 0x68,
    0x01, 0x61, 0x20, 0x23, 0x00, 0x00, 0x01, 0xE3, 0x18, 0x01, 0x03, 0x19,
    0x24, 0x00, 0x00, 0x01, 0x62, 0x20, 0x01, 0xA5, 0x68, 0x01, 0xA5, 0xA0,
    0x01, 0xC3, 0xE1, 0x01, 0x41, 0xF4, 0x01, 0xC3, 0xFC, 0x01, 0x62, 0xD9,
    0x01, 0x05, 0xD1, 0x01, 0x06, 0x99, 0x01, 0x41, 0x28, 0x01, 0x00, 0x00,
    0x02, 0x20, 0x00, 0x01, 0x00, 0x00, 0x01, 0x42, 0x30, 0x01, 0x65, 0x98,
    0x01, 0x03, 0xE2, 0x01, 0x41, 0xFC, 0x02, 0x20, 0xFC, 0x01, 0x01, 0xFE,
    0x01, 0x20, 0xFF, 0x01, 0x00, 0xFF, 0x02, 0x20, 0xFF, 0x01, 0x00, 0xFF,
    0x01, 0x20, 0xFF, 0x01, 0xC1, 0xFE, 0x01, 0x80, 0xF4, 0x01, 0x60, 0xFB,
    0x01, 0x80, 0xFB, 0x02, 0x60, 0xFB, 0x01, 0x21, 0xFB, 0x01, 0x62, 0xE1,
    0x01, 0xE4, 0xD0, 0x01, 0x05, 0x99, 0x01, 0xA3, 0x40, 0x01, 0x03, 0x89,
    0x01, 0x62, 0xFA, 0x02, 0x40, 0xFA, 0x01, 0x61, 0xFA, 0x01, 0xC3, 0xD1,
    0x01, 0xA4, 0x88, 0x01, 0xA3, 0x38, 0x22, 0x00, 0x00, 0x01, 0x20, 0x00,
    0x01, 0x00, 0x00, 0x01, 0xE3, 0x18, 0x01, 0x03, 0x19, 0x25, 0x00, 0x00,
    0x01, 0x83, 0x38, 0x01, 0xA5, 0x78, 0x01, 0xC4, 0xB8, 0x01, 0x21, 0xEA,
    0x01, 0x42, 0xFC, 0x01, 0x42, 0xE2, 0x01, 0xE5, 0xD0, 0x01, 0xE5, 0x88,
    0x01, 0x41, 0x18, 0x01, 0x00, 0x00, 0x01, 0x20, 0x00, 0x02, 0x00, 0x00,
    0x01, 0x82, 0x38, 0x01, 0xA5, 0xA0, 0x01, 0xE3, 0xE1, 0x01, 0x21, 0xFC,
    0x02, 0x20, 0xFC, 0x01, 0x01, 0xFE, 0x01, 0x20, 0xFF, 0x01, 0x00, 0xFF,
    0x03, 0x20, 0xFF, 0x01, 0x01, 0xFF, 0x01, 0x60, 0xFD, 0x01, 0xC0, 0xFB,
    0x02, 0x80, 0xFB, 0x01, 0x60, 0xFB, 0x01, 0x80, 0xFB, 0x01, 0x42, 0xEA,
    0x01, 0x03, 0xD9, 0x01, 0x05, 0xB9, 0x01, 0x82, 0x50, 0x01, 0x21, 0x20,
    0x01, 0x64, 0xA1, 0x01, 0x62, 0xFA, 0x01, 0x20, 0xFA, 0x01, 0x41, 0xFA,
    0x01, 0x43, 0xEA, 0x01, 0xE4, 0x90, 0x01, 0x84, 0x48, 0x01, 0x20, 0x08,
    0x24, 0x00, 0x00, 0x01, 0xE3, 0x18, 0x01, 0x03, 0x19, 0x25, 0x00, 0x00,
    0x01, 0x20, 0x08, 0x01, 0xC5, 0x58, 0x01, 0x86, 0x90, 0x01, 0xE4, 0xC8,
    0x01, 0x42, 0xF2, 0x01, 0x02, 0xEA, 0x01, 0xE4, 0xD8, 0x01, 0xC4, 0x88,
    0x01, 0x00, 0x10, 0x03, 0x00, 0x00, 0x01, 0x00, 0x08, 0x01, 0xA3, 0x58,
    0x01, 0xA4, 0xA0, 0x01, 0x23, 0xEA, 0x01, 0x41, 0xFC, 0x02, 0x20, 0xFC,
    0x01, 0x01, 0xFE, 0x01, 0x40, 0xFF, 0x02, 0x00, 0xFF, 0x01, 0x20, 0xFF,
    0x01, 0x01, 0xFF, 0x01, 0xC0, 0xFD, 0x01, 0xA0, 0xFC, 0x01, 0xC0, 0xFB,
    0x03, 0x80, 0xFB, 0x01, 0x41, 0xFB, 0x01, 0x82, 0xE1, 0x01, 0x05, 0xD1,
    0x01, 0x05, 0x89, 0x01, 0x40, 0x18, 0x01, 0x62, 0x30, 0x01, 0xC5, 0xB1,
    0x01, 0x41, 0xF2, 0x01, 0x20, 0xFA, 0x01, 0x42, 0xFA, 0x01, 0x24, 0xB1,
    0x01, 0xA5, 0x60, 0x01, 0x62, 0x20, 0x25, 0x00, 0x00, 0x01, 0xE3, 0x18,
    0x01, 0x03, 0x19, 0x26, 0x00, 0x00, 0x01, 0x61, 0x20, 0x01, 0xA6, 0x70,
    0x01, 0xA6, 0xA8, 0x01, 0x44, 0xE1, 0x01, 0x02, 0xE9, 0x01, 0xE4, 0xE8,
    0x01, 0xC4, 0x98, 0x01, 0x00, 0x08, 0x03, 0x00, 0x00, 0x01, 0x00, 0x10,
    0x01, 0xA4, 0x68, 0x01, 0xA5, 0xB0, 0x01, 0xC3, 0xF2, 0x01, 0x41, 0xFC,
    0x01, 0x20, 0xFC, 0x01, 0x40, 0xFC, 0x01, 0x41, 0xFE, 0x01, 0x40, 0xFF,
    0x01, 0x00, 0xFF, 0x01, 0x20, 0xFF, 0x01, 0x01, 0xFF, 0x01, 0xE0, 0xFD,
    0x01, 0x00, 0xFD, 0x01, 0x60, 0xFC, 0x03, 0x80, 0xFB, 0x01, 0xA1, 0xFB,
    0x01, 0x62, 0xEA, 0x01, 0x24, 0xE1, 0x01, 0x05, 0xB1, 0x01, 0xA3, 0x48,
    0x01, 0x00, 0x00, 0x01, 0x83, 0x48, 0x01, 0xE4, 0xC1, 0x01, 0x41, 0xF2,
    0x01, 0x41, 0xFA, 0x01, 0x83, 0xC1, 0x01, 0x83, 0x60, 0x01, 0x41, 0x18,
    0x26, 0x00, 0x00, 0x01, 0xE3, 0x18, 0x01, 0x03, 0x19, 0x27, 0x00, 0x00,
    0x01, 0xA4, 0x50, 0x01, 0xA6, 0x90, 0x01, 0x05, 0xD9, 0x01, 0x03, 0xE9,
    0x01, 0x04, 0xE9, 0x01, 0xC4, 0xA0, 0x01, 0x20, 0x10, 0x03, 0x00, 0x00,
    0x01, 0x61, 0x28, 0x01, 0xA5, 0x78, 0x01, 0xE4, 0xB8, 0x01, 0x22, 0xF3,
    0x02, 0x20, 0xFC, 0x01, 0xA0, 0xF4, 0x01, 0xC1, 0xFE, 0x02, 0x20, 0xFF,
    0x01, 0x01, 0xFF, 0x01, 0x00, 0xFE, 0x01, 0x40, 0xFD, 0x01, 0xE1, 0xFC,
    0x01, 0xC0, 0xFB, 0x02, 0x80, 0xFB, 0x01, 0xA1, 0xFB, 0x01, 0x42, 0xFB,
    0x01, 0xA4, 0xE1, 0x01, 0x25, 0xC9, 0x01, 0xC4, 0x68, 0x01, 0x00, 0x08,
    0x01, 0x00, 0x00, 0x01, 0xC4, 0x60, 0x01, 0x03, 0xDA, 0x01, 0x61, 0xFA,
    0x01, 0xE3, 0xE1, 0x01, 0xE4, 0x80, 0x01, 0x82, 0x30, 0x27, 0x00, 0x00,
    0x01, 0xE3, 0x18, 0x01, 0x03, 0x19, 0x27, 0x00, 0x00, 0x01, 0x61, 0x28,
    0x01, 0xC6, 0x80, 0x01, 0xE5, 0xC8, 0x01, 0x23, 0xE9, 0x01, 0x04, 0xE9,
    0x01, 0xC3, 0x90, 0x04, 0x00, 0x00, 0x01, 0x83, 0x48, 0x01, 0x85, 0x90,
    0x01, 0x84, 0xD1, 0x01, 0xC1, 0xFB, 0x01, 0x20, 0xFC, 0x01, 0x00, 0xFC,
    0x01, 0x60, 0xF5, 0x01, 0x21, 0xFF, 0x01, 0x00, 0xFF, 0x01, 0x01, 0xFF,
    0x01, 0x00, 0xFE, 0x01, 0x40, 0xFD, 0x01, 0x21, 0xFD, 0x01, 0xE0, 0xFB,
    0x01, 0x60, 0xFB, 0x01, 0x80, 0xFB, 0x01, 0xA0, 0xFB, 0x01, 0x62, 0xFB,
    0x01, 0xE3, 0xE1, 0x01, 0x45, 0xC9, 0x01, 0xE4, 0x78, 0x01, 0x21, 0x18,
    0x01, 0x00, 0x00, 0x01, 0x41, 0x18, 0x01, 0x45, 0x89, 0x01, 0x22, 0xEA,
    0x01, 0x42, 0xFA, 0x01, 0x24, 0xA1, 0x01, 0xA3, 0x48, 0x01, 0x00, 0x08,
    0x27, 0x00, 0x00, 0x01, 0xE3, 0x18, 0x01, 0x04, 0x21, 0x27, 0x00, 0x00,
    0x01, 0x00, 0x10, 0x01, 0xA5, 0x70, 0x01, 0xE6, 0xB8, 0x01, 0x23, 0xE9,
    0x01, 0x04, 0xE9, 0x01, 0x05, 0x91, 0x01, 0x21, 0x10, 0x02, 0x00, 0x00,
    0x01, 0x20, 0x18, 0x01, 0xC5, 0x68, 0x01, 0xE5, 0xB0, 0x01, 0x62, 0xEA,
    0x01, 0x01, 0xFC, 0x01, 0x00, 0xFC, 0x01, 0x40, 0xF4, 0x01, 0x61, 0xFE,
    0x01, 0x20, 0xFF, 0x01, 0x00, 0xFF, 0x01, 0x00, 0xFE, 0x01, 0x60, 0xFD,
    0x01, 0x21, 0xFD, 0x01, 0xE0, 0xFB, 0x01, 0x60, 0xFB, 0x01, 0x80, 0xFB,
    0x01, 0xA1, 0xFB, 0x01, 0x82, 0xFB, 0x01, 0x04, 0xEA, 0x01, 0x66, 0xC9,
    0x01, 0x05, 0x79, 0x01, 0x20, 0x18, 0x02, 0x00, 0x00, 0x01, 0x21, 0x28,
    0x01, 0xA5, 0xB9, 0x01, 0x63, 0xFA, 0x01, 0xA3, 0xD1, 0x01, 0xA4, 0x60,
    0x01, 0x21, 0x10, 0x28, 0x00, 0x00, 0x01, 0xE3, 0x18, 0x01, 0x04, 0x21,
    0x27, 0x00, 0x00, 0x01, 0x00, 0x08, 0x01, 0xA5, 0x60, 0x01, 0xC6, 0xB8,
    0x01, 0x23, 0xE9, 0x01, 0x24, 0xE1, 0x01, 0xA3, 0x70, 0x03, 0x00, 0x00,
    0x01, 0xC3, 0x38, 0x01, 0x06, 0x99, 0x01, 0x84, 0xE1, 0x01, 0xE1, 0xFA,
    0x01, 0x20, 0xFC, 0x01, 0x00, 0xF4, 0x01, 0x20, 0xF5, 0x01, 0x01, 0xFF,
    0x01, 0x00, 0xFF, 0x01, 0x20, 0xFE, 0x01, 0x60, 0xFD, 0x01, 0x01, 0xFD,
    0x01, 0xC0, 0xFB, 0x01, 0x60, 0xFB, 0x01, 0x80, 0xFB, 0x01, 0xA0, 0xFB,
    0x01, 0x82, 0xFB, 0x01, 0x24, 0xEA, 0x01, 0x45, 0xC1, 0x01, 0xE4, 0x68,
    0x01, 0x21, 0x18, 0x01, 0x00, 0x00, 0x01, 0x20, 0x08, 0x01, 0x00, 0x00,
    0x01, 0x21, 0x28, 0x01, 0xA4, 0xB9, 0x01, 0x43, 0xFA, 0x01, 0x23, 0xA9,
    0x01, 0x62, 0x38, 0x29, 0x00, 0x00, 0x01, 0xE3, 0x18, 0x01, 0x04, 0x21,
    0x22, 0x00, 0x00, 0x05, 0x20, 0x00, 0x01, 0x00, 0x08, 0x01, 0xA5, 0x60,
    0x01, 0xE6, 0xB8, 0x01, 0x44, 0xE9, 0x01, 0x24, 0xD1, 0x01, 0x83, 0x58,
    0x02, 0x00, 0x00, 0x01, 0x00, 0x08, 0x01, 0xC5, 0x70, 0x01, 0x65, 0xD1,
    0x01, 0xE2, 0xE9, 0x01, 0x61, 0xFB, 0x01, 0x20, 0xFC, 0x01, 0x20, 0xF4,
    0x01, 0x21, 0xFE, 0x01, 0x20, 0xFF, 0x01, 0x60, 0xFE, 0x01, 0x60, 0xFD,
    0x01, 0xA1, 0xFC, 0x01, 0xA0, 0xF3, 0x01, 0x40, 0xFB, 0x01, 0x60, 0xFB,
    0x01, 0x80, 0xFB, 0x01, 0x62, 0xFB, 0x01, 0xE4, 0xE1, 0x01, 0x25, 0xB9,
    0x01, 0xC3, 0x60, 0x01, 0x00, 0x10, 0x01, 0x00, 0x00, 0x03, 0x20, 0x00,
    0x01, 0x20, 0x18, 0x01, 0x45, 0xA1, 0x01, 0xE4, 0xF1, 0x01, 0x03, 0x91,
    0x01, 0x21, 0x18, 0x02, 0x00, 0x00, 0x02, 0x20, 0x00, 0x25, 0x00, 0x00,
    0x01, 0x03, 0x19, 0x01, 0x04, 0x21, 0x23, 0x00, 0x00, 0x04, 0x20, 0x00,
    0x01, 0x00, 0x10, 0x01, 0xA5, 0x68, 0x01, 0xE6, 0xC0, 0x01, 0x44, 0xF1,
    0x01, 0x25, 0xB9, 0x01, 0x42, 0x38, 0x01, 0x00, 0x00, 0x01, 0x41, 0x10,
    0x01, 0xC4, 0x68, 0x01, 0x46, 0xC9, 0x01, 0x84, 0xF1, 0x01, 0x21, 0xF2,
    0x01, 0xE1, 0xFB, 0x01, 0x20, 0xFC, 0x01, 0x20, 0xF5, 0x01, 0x01, 0xFF,
    0x01, 0xE0, 0xFE, 0x01, 0xA0, 0xFD, 0x01, 0x40, 0xFC, 0x01, 0x40, 0xF3,
    0x02, 0x40, 0xFB, 0x01, 0x60, 0xFB, 0x01, 0xE2, 0xFA, 0x01, 0xA3, 0xD9,
    0x01, 0x25, 0xB1, 0x01, 0xC3, 0x60, 0x01, 0x00, 0x08, 0x01, 0x00, 0x00,
    0x04, 0x20, 0x00, 0x01, 0x00, 0x00, 0x01, 0x82, 0x50, 0x01, 0xA7, 0xC1,
    0x01, 0x25, 0x99, 0x01, 0x62, 0x30, 0x01, 0x00, 0x00, 0x01, 0x20, 0x00,
    0x27, 0x00, 0x00, 0x01, 0xE3, 0x18, 0x01, 0x04, 0x21, 0x25, 0x00, 0x00,
    0x01, 0x20, 0x00, 0x01, 0x00, 0x00, 0x01, 0x20, 0x18, 0x01, 0xC5, 0x80,
    0x01, 0x46, 0xD1, 0x01, 0x44, 0xE1, 0x01, 0xE4, 0x88, 0x01, 0x20, 0x10,
    0x01, 0x41, 0x10, 0x01, 0x46, 0x81, 0x01, 0x66, 0xD1, 0x01, 0x84, 0xE9,
    0x01, 0xA2, 0xF1, 0x01, 0xC1, 0xF2, 0x01, 0x20, 0xFC, 0x01, 0x40, 0xF4,
    0x01, 0x21, 0xFE, 0x01, 0x21, 0xFF, 0x01, 0x01, 0xFE, 0x01, 0x20, 0xF4,
    0x03, 0x40, 0xFB, 0x01, 0x60, 0xFB, 0x01, 0xA2, 0xF2, 0x01, 0x64, 0xD1,
    0x01, 0x26, 0x99, 0x01, 0xA3, 0x48, 0x03, 0x00, 0x00, 0x05, 0x20, 0x00,
    0x01, 0x00, 0x08, 0x01, 0x83, 0x50, 0x01, 0xC4, 0x68, 0x01, 0xA3, 0x50,
    0x01, 0x00, 0x08, 0x28, 0x00, 0x00, 0x01, 0xE3, 0x18, 0x01, 0x04, 0x21,
    0x24, 0x00, 0x00, 0x02, 0x20, 0x00, 0x01, 0x00, 0x00, 0x01, 0x83, 0x40,
    0x01, 0x06, 0xA9, 0x01, 0x45, 0xE9, 0x01, 0x25, 0xC1, 0x01, 0x82, 0x40,
    0x01, 0x20, 0x10, 0x01, 0x25, 0x81, 0x01, 0x66, 0xD9, 0x01, 0x64, 0xF1,
    0x01, 0xA3, 0xF1, 0x01, 0x02, 0xF2, 0x01, 0x61, 0xFB, 0x01, 0x40, 0xFC,
    0x01, 0xE0, 0xF4, 0x02, 0xE1, 0xFE, 0x01, 0xA0, 0xF4, 0x01, 0x40, 0xF3,
    0x02, 0x40, 0xFB, 0x01, 0x41, 0xFB, 0x01, 0x62, 0xEA, 0x01, 0x65, 0xC9,
    0x01, 0xE5, 0x78, 0x01, 0x61, 0x20, 0x04, 0x00, 0x00, 0x04, 0x20, 0x00,
    0x01, 0x41, 0x00, 0x02, 0x20, 0x00, 0x02, 0x20, 0x08, 0x29, 0x00, 0x00,
    0x01, 0xE3, 0x18, 0x01, 0x04, 0x21, 0x26, 0x00, 0x00, 0x01, 0x21, 0x20,
    0x01, 0xC5, 0x78, 0x01, 0x06, 0xC9, 0x01, 0x25, 0xD9, 0x01, 0xE4, 0x78,
    0x01, 0x41, 0x20, 0x01, 0xE5, 0x70, 0x01, 0x86, 0xD9, 0x01, 0x84, 0xF1,
    0x01, 0xA3, 0xE9, 0x01, 0x42, 0xF2, 0x01, 0x81, 0xF2, 0x01, 0x80, 0xF3,
    0x01, 0xC0, 0xFC, 0x01, 0xE0, 0xFD, 0x01, 0x21, 0xFF, 0x01, 0x21, 0xFE,
    0x01, 0xA0, 0xF3, 0x01, 0x40, 0xFB, 0x01, 0x60, 0xFB, 0x01, 0x41, 0xFB,
    0x01, 0x63, 0xEA, 0x01, 0x45, 0xC1, 0x01, 0xE4, 0x68, 0x01, 0x41, 0x18,
    0x06, 0x00, 0x00, 0x04, 0x20, 0x00, 0x02, 0x40, 0x00, 0x03, 0x20, 0x00,
    0x01, 0x00, 0x00, 0x01, 0x41, 0x20, 0x01, 0x62, 0x30, 0x25, 0x00, 0x00,
    0x01, 0xE3, 0x18, 0x01, 0x04, 0x21, 0x26, 0x00, 0x00, 0x01, 0xC4, 0x50,
    0x01, 0xE6, 0xB0, 0x01, 0x26, 0xD9, 0x01, 0xE5, 0x88, 0x01, 0x41, 0x20,
    0x01, 0xA3, 0x50, 0x01, 0x46, 0xC9, 0x01, 0x65, 0xE9, 0x01, 0x83, 0xE9,
    0x01, 0x82, 0xF2, 0x01, 0xC1, 0xFB, 0x01, 0xA0, 0xF3, 0x01, 0xA1, 0xFC,
    0x01, 0x80, 0xFD, 0x01, 0x40, 0xFE, 0x01, 0x21, 0xFF, 0x01, 0x41, 0xF5,
    0x01, 0x40, 0xF3, 0x01, 0x60, 0xFB, 0x01, 0x61, 0xFB, 0x01, 0x22, 0xEA,
    0x01, 0x45, 0xC1, 0x01, 0xE4, 0x68, 0x01, 0x20, 0x10, 0x08, 0x00, 0x00,
    0x05, 0x20, 0x00, 0x02, 0x40, 0x00, 0x01, 0x20, 0x00, 0x01, 0x00, 0x08,
    0x01, 0x25, 0x89, 0x01, 0xA7, 0xC9, 0x01, 0xA2, 0x48, 0x24, 0x00, 0x00,
    0x01, 0x03, 0x19, 0x01, 0x04, 0x21, 0x25, 0x00, 0x00, 0x01, 0x61, 0x20,
    0x01, 0x05, 0x81, 0x01, 0x07, 0xC9, 0x01, 0x05, 0x99, 0x01, 0x61, 0x20,
    0x01, 0x21, 0x10, 0x01, 0x06, 0x99, 0x01, 0x45, 0xE9, 0x01, 0x63, 0xE9,
    0x01, 0x82, 0xF2, 0x01, 0x41, 0xFC, 0x02, 0xA1, 0xFD, 0x01, 0xC1, 0xFD,
    0x01, 0xA0, 0xFD, 0x01, 0x60, 0xFE, 0x01, 0x21, 0xFF, 0x01, 0xE1, 0xF4,
    0x01, 0x60, 0xFB, 0x01, 0xA0, 0xFB, 0x01, 0xE2, 0xFA, 0x01, 0x84, 0xD9,
    0x01, 0x05, 0x79, 0x01, 0x20, 0x10, 0x09, 0x00, 0x00, 0x08, 0x20, 0x00,
    0x01, 0x20, 0x10, 0x01, 0x25, 0x91, 0x01, 0xA6, 0xF1, 0x01, 0x04, 0xA1,
    0x01, 0x00, 0x10, 0x21, 0x00, 0x00, 0x01, 0x20, 0x00, 0x01, 0x00, 0x00,
    0x01, 0x03, 0x19, 0x01, 0x04, 0x21, 0x25, 0x00, 0x00, 0x01, 0xC4, 0x58,
    0x01, 0xE6, 0xA0, 0x01, 0x06, 0x99, 0x01, 0xA3, 0x40, 0x01, 0x00, 0x00,
    0x01, 0xA4, 0x50, 0x01, 0x26, 0xC9, 0x01, 0x24, 0xE9, 0x01, 0x02, 0xEA,
    0x01, 0x01, 0xFC, 0x01, 0xE1, 0xFD, 0x01, 0x40, 0xFE, 0x01, 0x00, 0xFE,
    0x02, 0xC0, 0xFD, 0x01, 0x80, 0xFE, 0x01, 0x21, 0xFF, 0x01, 0xC0, 0xF4,
    0x01, 0x80, 0xFB, 0x01, 0x81, 0xFB, 0x01, 0x22, 0xF2, 0x01, 0x45, 0xC1,
    0x01, 0xA3, 0x50, 0x0D, 0x00, 0x00, 0x01, 0x20, 0x00, 0x05, 0x00, 0x00,
    0x01, 0xA3, 0x58, 0x01, 0x45, 0xD9, 0x01, 0x25, 0xC9, 0x01, 0x62, 0x30,
    0x01, 0x00, 0x00, 0x01, 0x20, 0x00, 0x1F, 0x00, 0x00, 0x01, 0x20, 0x00,
    0x01, 0x00, 0x00, 0x01, 0xE3, 0x18, 0x01, 0x04, 0x21, 0x24, 0x00, 0x00,
    0x01, 0x41, 0x20, 0x01, 0xA5, 0x78, 0x01, 0x07, 0xA9, 0x01, 0xE4, 0x60,
    0x01, 0x00, 0x00, 0x01, 0x20, 0x08, 0x01, 0x06, 0x89, 0x01, 0x25, 0xD9,
    0x01, 0x63, 0xE9, 0x01, 0x22, 0xF3, 0x01, 0x41, 0xFD, 0x01, 0x60, 0xFE,
    0x01, 0x20, 0xFE, 0x01, 0x00, 0xFE, 0x01, 0xE0, 0xFD, 0x01, 0xC0, 0xFD,
    0x01, 0x80, 0xFE, 0x01, 0x21, 0xFF, 0x01, 0xC0, 0xF4, 0x01, 0xA1, 0xFB,
    0x01, 0x22, 0xFB, 0x01, 0xA3, 0xF1, 0x01, 0x66, 0xA9, 0x01, 0x82, 0x30,
    0x13, 0x00, 0x00, 0x01, 0x41, 0x18, 0x01, 0x05, 0xA1, 0x01, 0x05, 0xC9,
    0x01, 0x62, 0x38, 0x01, 0x00, 0x00, 0x01, 0x20, 0x00, 0x21, 0x00, 0x00,
    0x01, 0xE3, 0x18, 0x01, 0x03, 0x19, 0x24, 0x00, 0x00, 0x01, 0x83, 0x38,
    0x01, 0xC7, 0x90, 0x01, 0x06, 0x79, 0x01, 0x41, 0x18, 0x01, 0x00, 0x00,
    0x01, 0x41, 0x10, 0x01, 0x06, 0xA1, 0x01, 0x25, 0xE9, 0x01, 0xC3, 0xE9,
    0x01, 0xC1, 0xF3, 0x01, 0xC1, 0xFD, 0x01, 0x60, 0xFE, 0x02, 0x20, 0xFE,
    0x01, 0xE0, 0xFD, 0x01, 0xC0, 0xFD, 0x01, 0x80, 0xFE, 0x01, 0x21, 0xFF,
    0x01, 0xE0, 0xF4, 0x01, 0xA1, 0xFB, 0x01, 0xA2, 0xFA, 0x01, 0xA4, 0xE9,
    0x01, 0xC4, 0x78, 0x01, 0x00, 0x08, 0x14, 0x00, 0x00, 0x01, 0xA3, 0x60,
    0x01, 0x06, 0xB9, 0x01, 0x62, 0x38, 0x23, 0x00, 0x00, 0x01, 0xE3, 0x18,
    0x01, 0x04, 0x19, 0x24, 0x00, 0x00, 0x01, 0xA4, 0x50, 0x01, 0xE6, 0x88,
    0x01, 0x82, 0x30, 0x02, 0x00, 0x00, 0x01, 0x21, 0x18, 0x01, 0xE6, 0xA0,
    0x01, 0x25, 0xF1, 0x01, 0xC3, 0xE9, 0x01, 0xE2, 0xF3, 0x01, 0xC1, 0xFD,
    0x01, 0x20, 0xFE, 0x02, 0x61, 0xFD, 0x01, 0xC1, 0xFD, 0x01, 0xC0, 0xFD,
    0x01, 0x80, 0xFE, 0x01, 0x41, 0xFF, 0x01, 0x61, 0xF5, 0x01, 0xA1, 0xFB,
    0x01, 0x62, 0xFA, 0x01, 0x85, 0xE1, 0x01, 0xC5, 0x78, 0x01, 0x00, 0x08,
    0x01, 0x00, 0x00, 0x02, 0x20, 0x00, 0x11, 0x00, 0x00, 0x01, 0x42, 0x30,
    0x01, 0xE5, 0x88, 0x01, 0x21, 0x28, 0x23, 0x00, 0x00, 0x01, 0x03, 0x19,
    0x01, 0x04, 0x21, 0x24, 0x00, 0x00, 0x01, 0xC5, 0x58, 0x01, 0xA4, 0x50,
    0x03, 0x00, 0x00, 0x01, 0x21, 0x18, 0x01, 0x05, 0xA1, 0x01, 0x25, 0xF1,
    0x01, 0xA3, 0xE9, 0x01, 0x02, 0xFC, 0x01, 0xC1, 0xFD, 0x01, 0x21, 0xFD,
    0x01, 0xE1, 0xF2, 0x01, 0x02, 0xEA, 0x01, 0x82, 0xF3, 0x01, 0x61, 0xFD,
    0x01, 0x60, 0xFE, 0x01, 0x21, 0xFF, 0x01, 0xE1, 0xF5, 0x01, 0xC1, 0xF3,
    0x01, 0x42, 0xFA, 0x01, 0x84, 0xE1, 0x01, 0xC5, 0x70, 0x01, 0x21, 0x08,
    0x01, 0x00, 0x00, 0x02, 0x20, 0x00, 0x0F, 0x00, 0x00, 0x01, 0x20, 0x00,
    0x01, 0x00, 0x00, 0x01, 0x41, 0x18, 0x01, 0xC3, 0x48, 0x01, 0x00, 0x08,
    0x23, 0x00, 0x00, 0x01, 0x03, 0x19, 0x01, 0x04, 0x21, 0x24, 0x00, 0x00,
    0x01, 0x83, 0x38, 0x01, 0x21, 0x18, 0x03, 0x00, 0x00, 0x01, 0x20, 0x18,
    0x01, 0xC5, 0x90, 0x01, 0x26, 0xE1, 0x01, 0x44, 0xE9, 0x01, 0x82, 0xF3,
    0x01, 0x81, 0xFD, 0x01, 0x61, 0xFC, 0x01, 0xE2, 0xF1, 0x01, 0x64, 0xF1,
    0x01, 0x63, 0xE9, 0x01, 0x42, 0xEB, 0x01, 0x21, 0xFE, 0x01, 0x21, 0xFF,
    0x01, 0x41, 0xFE, 0x01, 0x01, 0xF4, 0x01, 0x42, 0xF2, 0x01, 0x64, 0xE9,
    0x01, 0x05, 0x81, 0x01, 0x20, 0x08, 0x07, 0x00, 0x00, 0x01, 0x20, 0x00,
    0x32, 0x00, 0x00, 0x01, 0x03, 0x19, 0x01, 0x04, 0x21, 0x26, 0x00, 0x00,
    0x02, 0x20, 0x00, 0x01, 0x00, 0x00, 0x01, 0x00, 0x08, 0x01, 0xC4, 0x68,
    0x01, 0x26, 0xC9, 0x01, 0x25, 0xE9, 0x01, 0x63, 0xEA, 0x01, 0x62, 0xFC,
    0x01, 0xA1, 0xFB, 0x01, 0xC3, 0xF1, 0x02, 0x64, 0xF1, 0x01, 0x82, 0xE9,
    0x01, 0x82, 0xF4, 0x01, 0xE1, 0xFE, 0x01, 0xC1, 0xFE, 0x01, 0x81, 0xF4,
    0x01, 0x41, 0xF2, 0x01, 0x83, 0xF1, 0x01, 0x25, 0xA9, 0x01, 0x82, 0x30,
    0x0E, 0x00, 0x00, 0x04, 0x20, 0x00, 0x04, 0x00, 0x00, 0x04, 0x20, 0x00,
    0x20, 0x00, 0x00, 0x01, 0x03, 0x19, 0x01, 0x04, 0x21, 0x1F, 0x00, 0x00,
    0x01, 0x20, 0x00, 0x04, 0x00, 0x00, 0x02, 0x20, 0x00, 0x01, 0x00, 0x00,
    0x02, 0x20, 0x00, 0x01, 0x00, 0x00, 0x01, 0x82, 0x30, 0x01, 0x06, 0xA9,
    0x01, 0x26, 0xE9, 0x01, 0xA4, 0xE9, 0x02, 0x42, 0xFB, 0x01, 0xA3, 0xF1,
    0x01, 0x04, 0xE9, 0x01, 0x25, 0xE9, 0x01, 0x44, 0xE9, 0x01, 0x22, 0xEA,
    0x01, 0x61, 0xF4, 0x01, 0xC1, 0xF5, 0x01, 0x62, 0xFD, 0x01, 0xA0, 0xF2,
    0x01, 0x82, 0xF1, 0x01, 0x44, 0xD9, 0x01, 0x46, 0x91, 0x01, 0x61, 0x20,
    0x0B, 0x00, 0x00, 0x02, 0x20, 0x00, 0x02, 0x00, 0x00, 0x01, 0x20, 0x00,
    0x04, 0x00, 0x00, 0x01, 0x20, 0x00, 0x02, 0x00, 0x00, 0x02, 0x20, 0x00,
    0x20, 0x00, 0x00, 0x01, 0x03, 0x19, 0x01, 0x04, 0x21, 0x24, 0x00, 0x00,
    0x02, 0x20, 0x00, 0x01, 0x00, 0x00, 0x02, 0x20, 0x00, 0x01, 0x00, 0x00,
    0x01, 0x00, 0x10, 0x01, 0xC5, 0x70, 0x01, 0x06, 0xD9, 0x01, 0x04, 0xE1,
    0x01, 0x23, 0xF2, 0x01, 0x43, 0xFB, 0x01, 0xE3, 0xF1, 0x01, 0xC5, 0xE0,
    0x01, 0xE5, 0xE0, 0x01, 0x05, 0xE9, 0x01, 0x44, 0xE9, 0x01, 0x02, 0xF2,
    0x01, 0xA1, 0xF3, 0x01, 0xC1, 0xFC, 0x01, 0xA1, 0xFB, 0x01, 0xE1, 0xF1,
    0x01, 0x83, 0xF1, 0x01, 0x45, 0xD1, 0x01, 0x26, 0x89, 0x01, 0xA3, 0x30,
    0x05, 0x00, 0x00, 0x01, 0x41, 0x20, 0x01, 0x00, 0x08, 0x31, 0x00, 0x00,
    0x01, 0x03, 0x19, 0x01, 0x04, 0x21, 0x22, 0x00, 0x00, 0x06, 0x20, 0x00,
    0x01, 0x00, 0x00, 0x01, 0x20, 0x00, 0x01, 0x00, 0x00, 0x01, 0x41, 0x30,
    0x01, 0x05, 0x99, 0x01, 0xE5, 0xD8, 0x01, 0x04, 0xE1, 0x01, 0x23, 0xF2,
    0x01, 0xA3, 0xFA, 0x01, 0x23, 0xE1, 0x01, 0xC5, 0xE0, 0x02, 0xE5, 0xE0,
    0x01, 0x64, 0xF1, 0x01, 0x62, 0xF2, 0x01, 0x81, 0xFB, 0x01, 0x00, 0xFC,
    0x01, 0x21, 0xFB, 0x01, 0xE1, 0xF1, 0x01, 0x63, 0xE9, 0x01, 0x44, 0xD9,
    0x01, 0x25, 0xA9, 0x01, 0xC3, 0x68, 0x01, 0xC3, 0x50, 0x01, 0xC3, 0x48,
    0x01, 0xC3, 0x58, 0x01, 0xC3, 0x70, 0x01, 0x05, 0x99, 0x01, 0xE5, 0x70,
    0x01, 0x20, 0x10, 0x30, 0x00, 0x00, 0x01, 0xE3, 0x18, 0x01, 0x04, 0x21,
    0x23, 0x00, 0x00, 0x02, 0x20, 0x00, 0x03, 0x00, 0x00, 0x03, 0x20, 0x00,
    0x01, 0x00, 0x00, 0x01, 0x82, 0x38, 0x01, 0x06, 0xA1, 0x01, 0xE5, 0xD0,
    0x01, 0xC4, 0xD8, 0x01, 0xE3, 0xE9, 0x01, 0xE3, 0xF1, 0x01, 0xC4, 0xE0,
    0x02, 0xC5, 0xE0, 0x01, 0xE4, 0xE8, 0x01, 0x64, 0xE9, 0x01, 0x62, 0xF2,
    0x01, 0xA1, 0xFB, 0x01, 0x20, 0xFC, 0x01, 0x81, 0xFB, 0x01, 0xA1, 0xF2,
    0x01, 0xC1, 0xE9, 0x01, 0x83, 0xE9, 0x01, 0x84, 0xE1, 0x01, 0x84, 0xD9,
    0x01, 0x84, 0xD1, 0x01, 0x83, 0xD1, 0x01, 0xA3, 0xE9, 0x01, 0xA4, 0xE9,
    0x01, 0x25, 0xC1, 0x01, 0xC4, 0x58, 0x30, 0x00, 0x00, 0x01, 0x03, 0x19,
    0x01, 0x24, 0x21, 0x23, 0x00, 0x00, 0x01, 0x20, 0x00, 0x01, 0x00, 0x00,
    0x01, 0x41, 0x18, 0x01, 0xC4, 0x40, 0x01, 0x00, 0x08, 0x05, 0x00, 0x00,
    0x01, 0x83, 0x40, 0x01, 0x05, 0x91, 0x01, 0xC5, 0xC0, 0x01, 0xC4, 0xD8,
    0x01, 0x64, 0xE1, 0x01, 0xE4, 0xE0, 0x02, 0xC5, 0xE0, 0x01, 0xE5, 0xE0,
    0x01, 0xE4, 0xE0, 0x01, 0x63, 0xE9, 0x01, 0x42, 0xF2, 0x01, 0x81, 0xFB,
    0x01, 0x00, 0xFC, 0x01, 0x60, 0xFC, 0x01, 0x41, 0xFC, 0x01, 0x21, 0xF3,
    0x02, 0x81, 0xF2, 0x01, 0xC1, 0xEA, 0x01, 0x01, 0xEB, 0x01, 0xA1, 0xF2,
    0x01, 0x22, 0xF2, 0x01, 0x83, 0xE1, 0x01, 0x05, 0x99, 0x01, 0x82, 0x30,
    0x2F, 0x00, 0x00, 0x01, 0xE3, 0x18, 0x01, 0x04, 0x21, 0x23, 0x00, 0x00,
    0x01, 0x20, 0x00, 0x01, 0x00, 0x00, 0x01, 0x41, 0x20, 0x01, 0x67, 0x79,
    0x01, 0xA3, 0x38, 0x06, 0x00, 0x00, 0x01, 0x61, 0x20, 0x01, 0x05, 0x69,
    0x01, 0xC5, 0xA8, 0x01, 0xC5, 0xC8, 0x03, 0xA5, 0xD0, 0x02, 0xC5, 0xD8,
    0x01, 0xC5, 0xE0, 0x01, 0x24, 0xE9, 0x01, 0x02, 0xF2, 0x01, 0x61, 0xFB,
    0x01, 0x40, 0xFC, 0x01, 0x20, 0xFD, 0x01, 0x60, 0xFD, 0x01, 0x00, 0xFD,
    0x01, 0x01, 0xFD, 0x01, 0x21, 0xFD, 0x01, 0x81, 0xFD, 0x01, 0xC2, 0xFD,
    0x01, 0x62, 0xF4, 0x01, 0x62, 0xEA, 0x01, 0xE3, 0xB8, 0x01, 0xE4, 0x68,
    0x01, 0x00, 0x08, 0x2E, 0x00, 0x00, 0x01, 0xE3, 0x18, 0x01, 0x04, 0x21,
    0x26, 0x00, 0x00, 0x01, 0x41, 0x20, 0x01, 0x41, 0x18, 0x07, 0x00, 0x00,
    0x01, 0x20, 0x08, 0x01, 0xA3, 0x30, 0x01, 0xA4, 0x68, 0x01, 0xC6, 0x98,
    0x01, 0xA5, 0xB0, 0x01, 0xA5, 0xC0, 0x01, 0xA5, 0xC8, 0x01, 0xA5, 0xD8,
    0x02, 0xC5, 0xD8, 0x01, 0x04, 0xE1, 0x01, 0xE3, 0xF1, 0x01, 0x61, 0xFB,
    0x01, 0x40, 0xFC, 0x01, 0xE0, 0xFC, 0x01, 0x60, 0xFD, 0x01, 0xA0, 0xFD,
    0x02, 0x80, 0xFD, 0x01, 0x41, 0xFE, 0x01, 0xA2, 0xFE, 0x01, 0x82, 0xF4,
    0x01, 0x63, 0xD1, 0x01, 0xE5, 0x90, 0x01, 0x41, 0x28, 0x2E, 0x00, 0x00,
    0x01, 0xE3, 0x18, 0x01, 0x04, 0x21, 0x32, 0x00, 0x00, 0x01, 0x82, 0x30,
    0x01, 0xA4, 0x48, 0x01, 0xC5, 0x70, 0x01, 0xC5, 0x98, 0x01, 0xC6, 0xB0,
    0x01, 0xC5, 0xC8, 0x02, 0xC5, 0xD8, 0x01, 0xE4, 0xE0, 0x01, 0xA3, 0xE9,
    0x01, 0x22, 0xFB, 0x01, 0x81, 0xFB, 0x01, 0x61, 0xF3, 0x01, 0x21, 0xFC,
    0x01, 0xC1, 0xFC, 0x01, 0x20, 0xFD, 0x01, 0xE0, 0xFD, 0x01, 0xA1, 0xFE,
    0x01, 0x43, 0xFE, 0x01, 0x62, 0xE2, 0x01, 0xC4, 0xA8, 0x01, 0x83, 0x40,
    0x2E, 0x00, 0x00, 0x01, 0x03, 0x19, 0x01, 0x04, 0x21, 0x34, 0x00, 0x00,
    0x01, 0x20, 0x10, 0x01, 0x62, 0x20, 0x01, 0xC4, 0x48, 0x01, 0x06, 0x81,
    0x01, 0xE6, 0xB0, 0x01, 0xC6, 0xD0, 0x01, 0xC5, 0xD8, 0x01, 0xC5, 0xE0,
    0x01, 0x64, 0xE1, 0x01, 0x44, 0xEA, 0x01, 0x83, 0xE1, 0x01, 0x83, 0xE9,
    0x01, 0x22, 0xEA, 0x01, 0x81, 0xF3, 0x01, 0x81, 0xFD, 0x01, 0x81, 0xFE,
    0x01, 0xA2, 0xFE, 0x01, 0x22, 0xEB, 0x01, 0xE4, 0xB8, 0x01, 0xE4, 0x70,
    0x01, 0x00, 0x08, 0x2D, 0x00, 0x00, 0x01, 0x03, 0x19, 0x01, 0x04, 0x21,
    0x37, 0x00, 0x00, 0x01, 0x61, 0x18, 0x01, 0xC4, 0x50, 0x01, 0x06, 0x91,
    0x01, 0xE6, 0xC8, 0x02, 0xC5, 0xE0, 0x01, 0xC4, 0xE0, 0x01, 0xE5, 0xE0,
    0x01, 0xC5, 0xE0, 0x01, 0xE4, 0xE0, 0x01, 0x43, 0xE1, 0x01, 0xC1, 0xF3,
    0x01, 0x62, 0xFE, 0x01, 0xA2, 0xFE, 0x01, 0x42, 0xEB, 0x01, 0xE3, 0xB8,
    0x01, 0x26, 0x89, 0x01, 0x41, 0x10, 0x2D, 0x00, 0x00, 0x01, 0xE3, 0x18,
    0x01, 0x04, 0x21, 0x39, 0x00, 0x00, 0x01, 0x82, 0x30, 0x01, 0xE5, 0x78,
    0x01, 0x06, 0xC9, 0x01, 0xE5, 0xE8, 0x04, 0xE5, 0xE0, 0x01, 0xC5, 0xE0,
    0x01, 0x02, 0xE2, 0x01, 0x82, 0xFD, 0x01, 0x82, 0xFE, 0x01, 0xE2, 0xEA,
    0x01, 0x04, 0xD9, 0x01, 0x05, 0x91, 0x01, 0x20, 0x10, 0x2D, 0x00, 0x00,
    0x01, 0xE3, 0x18, 0x01, 0x04, 0x21, 0x36, 0x00, 0x00, 0x03, 0x20, 0x00,
    0x01, 0x00, 0x00, 0x01, 0x61, 0x20, 0x01, 0xE5, 0x80, 0x01, 0xE6, 0xD8,
    0x01, 0xE5, 0xE8, 0x03, 0xE6, 0xE0, 0x01, 0xE5, 0xE0, 0x01, 0x43, 0xE1,
    0x01, 0xC2, 0xFC, 0x01, 0x82, 0xFD, 0x01, 0x02, 0xE2, 0x01, 0xE4, 0xD8,
    0x01, 0x05, 0x91, 0x01, 0x20, 0x10, 0x2D, 0x00, 0x00, 0x01, 0x03, 0x19,
    0x01, 0x04, 0x21, 0x36, 0x00, 0x00, 0x03, 0x20, 0x00, 0x01, 0x40, 0x00,
    0x01, 0x00, 0x00, 0x01, 0x62, 0x38, 0x01, 0xE6, 0xA8, 0x01, 0xE6, 0xE0,
    0x02, 0xE6, 0xE8, 0x01, 0xE6, 0xE0, 0x01, 0x06, 0xE1, 0x01, 0x24, 0xE1,
    0x01, 0xC3, 0xFB, 0x01, 0x02, 0xFC, 0x01, 0x63, 0xE1, 0x01, 0xE5, 0xD0,
    0x01, 0x06, 0x91, 0x01, 0x21, 0x10, 0x2D, 0x00, 0x00, 0x01, 0x03, 0x19,
    0x01, 0x04, 0x21, 0x37, 0x00, 0x00, 0x04, 0x20, 0x00, 0x01, 0x00, 0x08,
    0x01, 0xA4, 0x68, 0x01, 0xC6, 0xD8, 0x01, 0xC6, 0xE0, 0x01, 0xE6, 0xE0,
    0x01, 0x06, 0xE9, 0x01, 0x06, 0xE1, 0x01, 0xE4, 0xE0, 0x01, 0x82, 0xEA,
    0x01, 0x23, 0xF3, 0x01, 0x04, 0xE1, 0x01, 0xE6, 0xC8, 0x01, 0xC5, 0x80,
    0x01, 0x20, 0x10, 0x2D, 0x00, 0x00, 0x01, 0x03, 0x19, 0x01, 0x24, 0x21,
    0x37, 0x00, 0x00, 0x04, 0x20, 0x00, 0x01, 0x00, 0x00, 0x01, 0x62, 0x40,
    0x01, 0xC7, 0xB8, 0x01, 0xC7, 0xC8, 0x01, 0xC5, 0x98, 0x01, 0xC5, 0xB8,
    0x01, 0xE6, 0xE0, 0x01, 0xE4, 0xE0, 0x01, 0xA4, 0xF2, 0x01, 0x43, 0xEA,
    0x01, 0xA4, 0xE0, 0x01, 0x06, 0xB9, 0x01, 0xA3, 0x58, 0x01, 0x00, 0x08,
    0x2D, 0x00, 0x00, 0x01, 0x03, 0x19, 0x01, 0x04, 0x21, 0x38, 0x00, 0x00,
    0x03, 0x20, 0x00, 0x01, 0x00, 0x00, 0x01, 0x62, 0x28, 0x01, 0xE7, 0xA0,
    0x01, 0xA6, 0xB0, 0x01, 0x82, 0x48, 0x01, 0x84, 0x68, 0x01, 0xE6, 0xD8,
    0x01, 0xC4, 0xE0, 0x01, 0x64, 0xE9, 0x01, 0x04, 0xE1, 0x01, 0xC5, 0xE0,
    0x01, 0x06, 0xB1, 0x01, 0xA3, 0x38, 0x2E, 0x00, 0x00, 0x01, 0xE3, 0x18,
    0x01, 0x04, 0x21, 0x38, 0x00, 0x00, 0x03, 0x20, 0x00, 0x01, 0x00, 0x00,
    0x01, 0x61, 0x20, 0x01, 0xE7, 0xA0, 0x01, 0xA6, 0xA0, 0x01, 0x41, 0x18,
    0x01, 0x62, 0x38, 0x01, 0xE6, 0xC0, 0x01, 0xC5, 0xE8, 0x01, 0xA4, 0xE0,
    0x01, 0xC4, 0xE0, 0x01, 0xE5, 0xD8, 0x01, 0xE5, 0x90, 0x01, 0x41, 0x20,
    0x2E, 0x00, 0x00, 0x01, 0xE3, 0x18, 0x01, 0x04, 0x21, 0x39, 0x00, 0x00,
    0x02, 0x20, 0x00, 0x01, 0x00, 0x00, 0x01, 0x82, 0x38, 0x01, 0xE7, 0xA8,
    0x01, 0xC5, 0x78, 0x01, 0x00, 0x00, 0x01, 0x84, 0x40, 0x01, 0xE6, 0xB8,
    0x01, 0xE5, 0xE0, 0x02, 0xC5, 0xE0, 0x01, 0xE6, 0xD0, 0x01, 0xE5, 0x70,
    0x01, 0x00, 0x08, 0x2E, 0x00, 0x00, 0x01, 0xE3, 0x18, 0x01, 0x04, 0x21,
    0x3B, 0x00, 0x00, 0x01, 0x20, 0x08, 0x01, 0xC5, 0x70, 0x01, 0x07, 0xA1,
    0x01, 0x82, 0x38, 0x01, 0x00, 0x00, 0x01, 0x83, 0x30, 0x01, 0x06, 0xB1,
    0x03, 0xE5, 0xE0, 0x01, 0x06, 0xB9, 0x01, 0xA3, 0x40, 0x2F, 0x00, 0x00,
    0x01, 0xE3, 0x18, 0x01, 0x04, 0x21, 0x3B, 0x00, 0x00, 0x01, 0x83, 0x28,
    0x01, 0x47, 0x81, 0x01, 0xA3, 0x50, 0x02, 0x00, 0x00, 0x01, 0x21, 0x20,
    0x01, 0xE6, 0xA8, 0x01, 0xE6, 0xE0, 0x01, 0xE5, 0xE0, 0x01, 0x06, 0xD9,
    0x01, 0xE5, 0x78, 0x01, 0x20, 0x10, 0x2F, 0x00, 0x00, 0x01, 0xE3, 0x18,
    0x01, 0x04, 0x21, 0x3B, 0x00, 0x00, 0x01, 0x00, 0x08, 0x01, 0x41, 0x18,
    0x03, 0x00, 0x00, 0x01, 0xA4, 0x40, 0x01, 0xE7, 0xC0, 0x01, 0xC5, 0xE0,
    0x01, 0xE6, 0xE0, 0x01, 0x06, 0xA9, 0x01, 0x82, 0x40, 0x30, 0x00, 0x00,
    0x01, 0xE3, 0x18, 0x01, 0x04, 0x21, 0x3F, 0x00, 0x00, 0x01, 0x00, 0x08,
    0x01, 0xC5, 0x68, 0x01, 0xE6, 0xD0, 0x01, 0xE5, 0xE0, 0x01, 0x06, 0xD1,
    0x01, 0xC5, 0x78, 0x01, 0x00, 0x10, 0x30, 0x00, 0x00, 0x01, 0x03, 0x19,
    0x01, 0x04, 0x21, 0x3F, 0x00, 0x00, 0x01, 0x21, 0x20, 0x01, 0xE5, 0x90,
    0x02, 0xE6, 0xD8, 0x01, 0x06, 0x99, 0x01, 0x62, 0x28, 0x31, 0x00, 0x00,
    0x01, 0x03, 0x19, 0x01, 0x24, 0x21, 0x3F, 0x00, 0x00, 0x01, 0xA3, 0x48,
    0x01, 0xE6, 0xB8, 0x01, 0xE6, 0xD8, 0x01, 0x26, 0xB1, 0x01, 0xA3, 0x48,
    0x32, 0x00, 0x00, 0x01, 0x03, 0x19, 0x01, 0x04, 0x21, 0x3E, 0x00, 0x00,
    0x01, 0x20, 0x10, 0x01, 0x06, 0x81, 0x01, 0xE7, 0xC8, 0x01, 0x06, 0xB1,
    0x01, 0xC4, 0x58, 0x01, 0x00, 0x08, 0x32, 0x00, 0x00, 0x01, 0x03, 0x19,
    0x01, 0x04, 0x21, 0x3E, 0x00, 0x00, 0x01, 0xA3, 0x48, 0x01, 0x27, 0xA9,
    0x01, 0x26, 0xA1, 0x01, 0xC3, 0x50, 0x01, 0x20, 0x08, 0x33, 0x00, 0x00,
    0x01, 0x03, 0x19, 0x01, 0x04, 0x21, 0x3D, 0x00, 0x00, 0x01, 0x41, 0x20,
    0x01, 0xE5, 0x70, 0x01, 0xE5, 0x78, 0x01, 0x82, 0x38, 0x35, 0x00, 0x00,
    0x01, 0x03, 0x19, 0x01, 0x04, 0x21, 0x3D, 0x00, 0x00, 0x01, 0x61, 0x20,
    0x01, 0x41, 0x28, 0x01, 0x00, 0x08, 0x36, 0x00, 0x00, 0x01, 0x03, 0x19,
    0x01, 0x04, 0x21, 0x76, 0x00, 0x00, 0x01, 0x03, 0x19, 0x01, 0x24, 0x21,
    0x76, 0x00, 0x00, 0x01, 0x03, 0x19, 0x01, 0x04, 0x21, 0x37, 0x00, 0x00,
    0x01, 0x82, 0x30, 0x01, 0x82, 0x28, 0x3D, 0x00, 0x00, 0x01, 0x03, 0x19,
    0x01, 0x04, 0x21, 0x36, 0x00, 0x00, 0x01, 0x62, 0x30, 0x01, 0x47, 0x81,
    0x01, 0x62, 0x30, 0x3D, 0x00, 0x00, 0x01, 0x03, 0x19, 0x01, 0x04, 0x21,
    0x35, 0x00, 0x00, 0x01, 0x00, 0x08, 0x01, 0xC5, 0x70, 0x01, 0xE6, 0x80,
    0x01, 0x00, 0x10, 0x3D, 0x00, 0x00, 0x01, 0x03, 0x19, 0x01, 0x24, 0x21,
    0x35, 0x00, 0x00, 0x01, 0x21, 0x18, 0x01, 0xC7, 0x90, 0x01, 0xA4, 0x68,
    0x01, 0x00, 0x08, 0x3D, 0x00, 0x00, 0x01, 0x03, 0x19, 0x01, 0x24, 0x21,
    0x35, 0x00, 0x00, 0x01, 0x21, 0x28, 0x01, 0xE7, 0xA0, 0x01, 0xC5, 0x80,
    0x01, 0x20, 0x10, 0x3D, 0x00, 0x00, 0x01, 0x03, 0x19, 0x01, 0x04, 0x21,
    0x35, 0x00, 0x00, 0x01, 0x21, 0x28, 0x01, 0xC7, 0xA8, 0x01, 0xE6, 0xA8,
    0x01, 0x62, 0x30, 0x3D, 0x00, 0x00, 0x01, 0x03, 0x19, 0x01, 0x24, 0x21,
    0x35, 0x00, 0x00, 0x01, 0x41, 0x28, 0x01, 0xE7, 0xB0, 0x01, 0xC7, 0xC0,
    0x01, 0xE5, 0x78, 0x01, 0x20, 0x10, 0x3C, 0x00, 0x00, 0x01, 0x03, 0x19,
    0x01, 0x24, 0x21, 0x35, 0x00, 0x00, 0x01, 0x20, 0x18, 0x01, 0xE6, 0x98,
    0x01, 0xC7, 0xD0, 0x01, 0x07, 0xB1, 0x01, 0xA3, 0x48, 0x3A, 0x00, 0x00,
    0x01, 0x20, 0x00, 0x01, 0x00, 0x00, 0x01, 0x03, 0x19, 0x01, 0x24, 0x21,
    0x36, 0x00, 0x00, 0x01, 0xA4, 0x60, 0x01, 0xE7, 0xC8, 0x01, 0xC7, 0xD0,
    0x01, 0xE6, 0x98, 0x01, 0x41, 0x28, 0x3B, 0x00, 0x00, 0x01, 0x03, 0x19,
    0x01, 0x04, 0x21, 0x36, 0x00, 0x00, 0x01, 0x41, 0x20, 0x01, 0xC5, 0x78,
    0x01, 0xC7, 0xB8, 0x01, 0xC8, 0xC0, 0x01, 0xA4, 0x60, 0x3B, 0x00, 0x00,
    0x01, 0x03, 0x19, 0x01, 0x04, 0x21, 0x37, 0x00, 0x00, 0x01, 0x21, 0x18,
    0x01, 0xC4, 0x58, 0x01, 0xE7, 0x90, 0x01, 0xC5, 0x70, 0x01, 0x00, 0x08,
    0x3A, 0x00, 0x00, 0x01, 0x03, 0x21, 0x01, 0x04, 0x21, 0x36, 0x00, 0x00,
    0x01, 0x20, 0x00, 0x02, 0x00, 0x00, 0x02, 0x83, 0x38, 0x3B, 0x00, 0x00,
    0x01, 0x03, 0x21, 0x01, 0x24, 0x21, 0x01, 0x00, 0x00, 0x02, 0x20, 0x00,
    0x3F, 0x00, 0x00, 0x01, 0x20, 0x00, 0x33, 0x00, 0x00, 0x01, 0x03, 0x21,
    0x01, 0x24, 0x21, 0x01, 0x00, 0x00, 0x01, 0x20, 0x00, 0x37, 0x00, 0x00,
    0x01, 0x20, 0x00, 0x3A, 0x00, 0x00, 0x01, 0x20, 0x00, 0x01, 0x00, 0x00,
    0x01, 0x04, 0x21, 0x01, 0x24, 0x21, 0x01, 0x00, 0x00, 0x01, 0x20, 0x00,
    0x72, 0x00, 0x00, 0x01, 0x20, 0x00, 0x01, 0x00, 0x00, 0x01, 0x04, 0x21,
    0x01, 0x24, 0x21, 0x01, 0x00, 0x00, 0x01, 0x20, 0x00, 0x72, 0x00, 0x00,
    0x01, 0x20, 0x00, 0x01, 0x00, 0x00, 0x02, 0x04, 0x21, 0x74, 0x00, 0x00,
    0x01, 0x20, 0x00, 0x01, 0x00, 0x00, 0x01, 0x04, 0x21, 0x01, 0x24, 0x21,
    0x01, 0x00, 0x00, 0x01, 0x20, 0x00, 0x72, 0x00, 0x00, 0x01, 0x20, 0x00,
    0x01, 0x00, 0x00, 0x01, 0x04, 0x21, 0x01, 0x24, 0x21, 0x01, 0x00, 0x00,
    0x01, 0x20, 0x00, 0x74, 0x00, 0x00, 0x01, 0x03, 0x19, 0x01, 0x24, 0x21,
    0x01, 0x00, 0x00, 0x01, 0x20, 0x00, 0x03, 0x00, 0x00, 0x03, 0x20, 0x00,
    0x20, 0x00, 0x00, 0x02, 0x20, 0x00, 0x04, 0x00, 0x00, 0x02, 0x20, 0x00,
    0x01, 0x00, 0x00, 0x01, 0x20, 0x00, 0x04, 0x00, 0x00, 0x02, 0x20, 0x00,
    0x1A, 0x00, 0x00, 0x01, 0x20, 0x00, 0x17, 0x00, 0x00, 0x02, 0x20, 0x00,
    0x02, 0x00, 0x00, 0x07, 0x20, 0x00, 0x01, 0x00, 0x00, 0x01, 0x24, 0x21,
    0x01, 0xE3, 0x18, 0x76, 0x00, 0x00, 0x01, 0x03, 0x19, 0x01, 0xE7, 0x39,
    0x76, 0x24, 0x21, 0x01, 0x07, 0x3A
};
const uint16_t sprite_frame_09_size = 8982;

const uint8_t PROGMEM sprite_frame_11_rle[] = {
    0x01, 0xC7, 0x39, 0x18, 0xC3, 0x18, 0x01, 0xC2, 0x18, 0x04, 0xC3, 0x18,
    0x01, 0xC2, 0x18, 0x1A, 0xC3, 0x18, 0x01, 0xC2, 0x18, 0x01, 0xC2, 0x10,
    0x13, 0xC3, 0x18, 0x02, 0xC2, 0x18, 0x06, 0xC3, 0x18, 0x01, 0xC2, 0x18,
    0x03, 0xC3, 0x18, 0x01, 0xC2, 0x10, 0x14, 0xC3, 0x18, 0x02, 0xC2, 0x18,
    0x05, 0xC3, 0x18, 0x01, 0xC2, 0x10, 0x01, 0xA6, 0x31, 0x01, 0x04, 0x21,
    0x76, 0x00, 0x00, 0x01, 0x03, 0x19, 0x01, 0x24, 0x21, 0x19, 0x00, 0x00,
    0x01, 0x20, 0x00, 0x02, 0x00, 0x00, 0x01, 0x20, 0x00, 0x0C, 0x00, 0x00,
    0x01, 0x20, 0x00, 0x0D, 0x00, 0x00, 0x01, 0x20, 0x00, 0x30, 0x00, 0x00,
    0x01, 0x20, 0x00, 0x0D, 0x00, 0x00, 0x01, 0x04, 0x21, 0x01, 0x24, 0x21,
    0x74, 0x00, 0x00, 0x01, 0x20, 0x00, 0x01, 0x00, 0x00, 0x02, 0x04, 0x21,
    0x76, 0x00, 0x00, 0x01, 0x04, 0x21, 0x01, 0x24, 0x21, 0x0D, 0x00, 0x00,
    0x01, 0x20, 0x00, 0x68, 0x00, 0x00, 0x01, 0x04, 0x21, 0x01, 0x24, 0x21,
    0x76, 0x00, 0x00, 0x01, 0x03, 0x21, 0x01, 0x24, 0x21, 0x76, 0x00, 0x00,
    0x01, 0x04, 0x21, 0x01, 0x24, 0x21, 0x76, 0x00, 0x00, 0x01, 0x04, 0x21,
    0x01, 0x24, 0x21, 0x76, 0x00, 0x00, 0x01, 0x04, 0x21, 0x01, 0x24, 0x21,
    0x76, 0x00, 0x00, 0x01, 0x04, 0x21, 0x01, 0x24, 0x21, 0x76, 0x00, 0x00,
    0x01, 0x04, 0x21, 0x01, 0x24, 0x21, 0x76, 0x00, 0x00, 0x02, 0x24, 0x21,
    0x0C, 0x00, 0x00, 0x01, 0x20, 0x00, 0x69, 0x00, 0x00, 0x02, 0x24, 0x21,
    0x76, 0x00, 0x00, 0x02, 0x24, 0x21, 0x35, 0x00, 0x00, 0x01, 0x20, 0x18,
    0x09, 0x21, 0x20, 0x01, 0x00, 0x10, 0x36, 0x00, 0x00, 0x02, 0x24, 0x21,
    0x31, 0x00, 0x00, 0x01, 0x00, 0x08, 0x01, 0x41, 0x18, 0x01, 0x62, 0x30,
    0x01, 0x62, 0x38, 0x01, 0x84, 0x60, 0x08, 0x85, 0x68, 0x01, 0x85, 0x70,
    0x01, 0x84, 0x60, 0x01, 0x62, 0x38, 0x01, 0x62, 0x30, 0x01, 0x21, 0x18,
    0x01, 0x00, 0x08, 0x32, 0x00, 0x00, 0x02, 0x24, 0x21, 0x2D, 0x00, 0x00,
    0x01, 0x00, 0x08, 0x01, 0x21, 0x18, 0x01, 0x62, 0x30, 0x01, 0xA3, 0x48,
    0x01, 0x84, 0x58, 0x01, 0xA5, 0x68, 0x01, 0x85, 0x68, 0x01, 0x85, 0x70,
    0x01, 0x65, 0x70, 0x01, 0x64, 0x70, 0x05, 0x64, 0x78, 0x01, 0x65, 0x78,
    0x03, 0x64, 0x78, 0x02, 0x84, 0x70, 0x01, 0x84, 0x60, 0x01, 0xA4, 0x58,
    0x01, 0x83, 0x40, 0x01, 0x62, 0x30, 0x01, 0x20, 0x10, 0x2F, 0x00, 0x00,
    0x02, 0x24, 0x21, 0x2B, 0x00, 0x00, 0x01, 0x00, 0x08, 0x01, 0x62, 0x30,
    0x01, 0x83, 0x58, 0x01, 0xA5, 0x68, 0x02, 0x85, 0x78, 0x01, 0x65, 0x78,
    0x01, 0x85, 0x80, 0x01, 0xA5, 0x80, 0x01, 0x64, 0x70, 0x02, 0x64, 0x78,
    0x01, 0x44, 0x78, 0x0B, 0x64, 0x78, 0x01, 0x65, 0x78, 0x01, 0x85, 0x78,
    0x01, 0x64, 0x70, 0x01, 0xA4, 0x60, 0x01, 0x83, 0x48, 0x01, 0x41, 0x20,
    0x2D, 0x00, 0x00, 0x01, 0x04, 0x21, 0x01, 0x24, 0x21, 0x2A, 0x00, 0x00,
    0x01, 0x41, 0x30, 0x01, 0xA4, 0x58, 0x01, 0xA5, 0x70, 0x01, 0x85, 0x80,
    0x01, 0x64, 0x80, 0x01, 0x84, 0x88, 0x01, 0xE4, 0xA0, 0x01, 0xA4, 0xC1,
    0x01, 0x85, 0xB1, 0x01, 0xA5, 0x88, 0x01, 0x45, 0x78, 0x01, 0x65, 0x78,
    0x03, 0x44, 0x78, 0x07, 0x64, 0x78, 0x01, 0x44, 0x78, 0x01, 0x64, 0x78,
    0x01, 0x65, 0x80, 0x01, 0x64, 0x78, 0x01, 0x64, 0x80, 0x01, 0x24, 0xA9,
    0x01, 0xC4, 0x90, 0x01, 0x64, 0x78, 0x01, 0xC5, 0x70, 0x01, 0xA4, 0x58,
    0x01, 0x41, 0x28, 0x01, 0x00, 0x08, 0x03, 0x00, 0x00, 0x01, 0x20, 0x00,
    0x26, 0x00, 0x00, 0x01, 0x04, 0x21, 0x01, 0x24, 0x21, 0x28, 0x00, 0x00,
    0x01, 0x41, 0x18, 0x01, 0xA4, 0x50, 0x01, 0xA5, 0x70, 0x01, 0x85, 0x80,
    0x01, 0x64, 0x80, 0x01, 0xC4, 0x90, 0x01, 0xA4, 0xB9, 0x01, 0xA4, 0xEA,
    0x01, 0x84, 0xEA, 0x01, 0x64, 0xB9, 0x01, 0x64, 0x88, 0x01, 0x45, 0x80,
    0x01, 0x65, 0x80, 0x01, 0x65, 0x78, 0x01, 0x44, 0x78, 0x01, 0x45, 0x78,
    0x01, 0x65, 0x78, 0x01, 0x64, 0x78, 0x01, 0x65, 0x78, 0x02, 0x64, 0x78,
    0x01, 0x65, 0x78, 0x01, 0x64, 0x78, 0x01, 0x65, 0x78, 0x01, 0x45, 0x80,
    0x03, 0x65, 0x80, 0x01, 0x44, 0x80, 0x01, 0x64, 0xB9, 0x01, 0x64, 0xEA,
    0x01, 0x83, 0xB9, 0x01, 0x83, 0x88, 0x01, 0x45, 0x78, 0x01, 0x85, 0x78,
    0x01, 0x83, 0x50, 0x01, 0x20, 0x10, 0x29, 0x00, 0x00, 0x01, 0x04, 0x21,
    0x01, 0x24, 0x21, 0x27, 0x00, 0x00, 0x01, 0x62, 0x28, 0x01, 0xA5, 0x68,
    0x01, 0x85, 0x78, 0x01, 0x65, 0x78, 0x01, 0xA3, 0x88, 0x01, 0xC3, 0xB9,
    0x01, 0x83, 0xEA, 0x01, 0x23, 0xFB, 0x01, 0xA4, 0xEA, 0x01, 0x44, 0xB1,
    0x01, 0x44, 0x80, 0x05, 0x65, 0x80, 0x01, 0x65, 0x78, 0x01, 0x44, 0x78,
    0x04, 0x24, 0x70, 0x02, 0x44, 0x70, 0x01, 0x44, 0x78, 0x02, 0x45, 0x78,
    0x03, 0x65, 0x80, 0x01, 0x43, 0x88, 0x01, 0xE3, 0xD1, 0x01, 0x03, 0xFB,
    0x01, 0x43, 0xE2, 0x01, 0xE3, 0x98, 0x01, 0x24, 0x78, 0x01, 0x65, 0x78,
    0x01, 0xC4, 0x60, 0x01, 0x41, 0x20, 0x28, 0x00, 0x00, 0x01, 0x04, 0x21,
    0x01, 0x24, 0x21, 0x26, 0x00, 0x00, 0x01, 0x82, 0x30, 0x01, 0xA5, 0x68,
    0x01, 0x65, 0x70, 0x01, 0x44, 0x70, 0x01, 0x24, 0x99, 0x01, 0x43, 0xDA,
    0x01, 0xC2, 0xFA, 0x01, 0xE2, 0xFA, 0x01, 0x63, 0xE2, 0x01, 0xA3, 0x90,
    0x01, 0x24, 0x78, 0x03, 0x65, 0x80, 0x02, 0x45, 0x80, 0x01, 0x24, 0x78,
    0x01, 0x43, 0x80, 0x01, 0x03, 0x99, 0x01, 0x62, 0xA9, 0x01, 0x82, 0xA9,
    0x02, 0xC2, 0xB1, 0x01, 0xC3, 0xB1, 0x01, 0x43, 0xA1, 0x02, 0xC3, 0x90,
    0x01, 0x84, 0x80, 0x01, 0x44, 0x80, 0x01, 0x44, 0x78, 0x01, 0x45, 0x80,
    0x01, 0x65, 0x80, 0x01, 0x63, 0x88, 0x01, 0x03, 0xDA, 0x01, 0xE2, 0xFA,
    0x01, 0xA3, 0xF2, 0x01, 0x43, 0xA9, 0x01, 0x43, 0x78, 0x01, 0x44, 0x70,
    0x01, 0xC5, 0x60, 0x01, 0x61, 0x28, 0x04, 0x00, 0x00, 0x01, 0x20, 0x00,
    0x22, 0x00, 0x00, 0x01, 0x04, 0x21, 0x01, 0x24, 0x21, 0x25, 0x00, 0x00,
    0x01, 0x83, 0x38, 0x01, 0xA5, 0x70, 0x01, 0x65, 0x70, 0x01, 0x64, 0x78,
    0x01, 0x83, 0xB1, 0x01, 0x82, 0xF2, 0x02, 0xA1, 0xFA, 0x01, 0x43, 0xE2,
    0x01, 0x83, 0x88, 0x01, 0x45, 0x78, 0x03, 0x65, 0x80, 0x01, 0xA4, 0x88,
    0x01, 0x04, 0xA1, 0x01, 0x04, 0xB2, 0x01, 0x64, 0xD3, 0x01, 0x64, 0xCB,
    0x01, 0x83, 0xEC, 0x01, 0x62, 0xFD, 0x01, 0x41, 0xFD, 0x01, 0x01, 0xFD,
    0x01, 0x81, 0xFC, 0x01, 0xC1, 0xFB, 0x01, 0x02, 0xF3, 0x01, 0xE3, 0xF2,
    0x01, 0xE3, 0xEA, 0x01, 0x63, 0xDA, 0x01, 0x04, 0xC2, 0x01, 0x24, 0xA1,
    0x01, 0xA3, 0x88, 0x01, 0x44, 0x78, 0x01, 0x25, 0x78, 0x01, 0x83, 0x90,
    0x01, 0x63, 0xE2, 0x01, 0xC1, 0xFA, 0x01, 0xC2, 0xFA, 0x01, 0x23, 0xD2,
    0x01, 0xA3, 0x88, 0x01, 0x24, 0x70, 0x01, 0xE5, 0x68, 0x01, 0x62, 0x28,
    0x26, 0x00, 0x00, 0x01, 0x04, 0x21, 0x01, 0x24, 0x21, 0x21, 0x00, 0x00,
    0x02, 0x20, 0x00, 0x01, 0x00, 0x00, 0x01, 0x62, 0x40, 0x01, 0xA5, 0x78,
    0x01, 0x65, 0x78, 0x01, 0x64, 0x80, 0x01, 0xC3, 0xC9, 0x01, 0xA2, 0xFA,
    0x01, 0x80, 0xFA, 0x01, 0x60, 0xFA, 0x01, 0xA2, 0xF2, 0x01, 0xE2, 0x98,
    0x01, 0x24, 0x70, 0x01, 0x65, 0x78, 0x01, 0x45, 0x78, 0x01, 0x64, 0x80,
    0x01, 0xE3, 0xA0, 0x01, 0xC3, 0xDA, 0x01, 0x23, 0xFC, 0x01, 0x23, 0xFD,
    0x01, 0x42, 0xFE, 0x01, 0x62, 0xFE, 0x01, 0x61, 0xFE, 0x01, 0x82, 0xFE,
    0x01, 0xE9, 0xFE, 0x01, 0x0E, 0xFF, 0x01, 0x24, 0xF6, 0x01, 0xA1, 0xFD,
    0x01, 0xE1, 0xFC, 0x01, 0xC1, 0xFB, 0x01, 0x21, 0xFB, 0x01, 0x22, 0xFB,
    0x01, 0x23, 0xFB, 0x01, 0x03, 0xF3, 0x01, 0xC3, 0xEA, 0x01, 0xC3, 0xB9,
    0x01, 0x83, 0x80, 0x01, 0x24, 0x70, 0x01, 0x03, 0xA1, 0x01, 0xA2, 0xF2,
    0x01, 0x80, 0xFA, 0x01, 0xA1, 0xFA, 0x01, 0x62, 0xE2, 0x01, 0xC3, 0x88,
    0x01, 0x24, 0x70, 0x01, 0xA5, 0x68, 0x01, 0x41, 0x20, 0x25, 0x00, 0x00,
    0x01, 0x04, 0x21, 0x01, 0x24, 0x21, 0x21, 0x00, 0x00, 0x01, 0x20, 0x00,
    0x01, 0x00, 0x00, 0x01, 0x41, 0x28, 0x01, 0xA5, 0x78, 0x01, 0x65, 0x80,
    0x01, 0x64, 0x80, 0x01, 0x04, 0xD2, 0x01, 0xC2, 0xFA, 0x01, 0x81, 0xFA,
    0x01, 0x80, 0xFA, 0x01, 0xA1, 0xFA, 0x01, 0xC3, 0xC9, 0x01, 0x44, 0x78,
    0x01, 0x45, 0x78, 0x01, 0x24, 0x70, 0x01, 0x63, 0x80, 0x01, 0x03, 0xBA,
    0x01, 0xC2, 0xE3, 0x01, 0x61, 0xFC, 0x01, 0x40, 0xFC, 0x01, 0x00, 0xFD,
    0x01, 0x01, 0xFE, 0x01, 0x20, 0xFE, 0x01, 0xA8, 0xF6, 0x01, 0x74, 0xFF,
    0x01, 0xDB, 0xFF, 0x01, 0xFF, 0xFF, 0x01, 0x96, 0xFF, 0x01, 0x85, 0xF6,
    0x01, 0x41, 0xFE, 0x01, 0xC2, 0xFD, 0x01, 0xA1, 0xFC, 0x01, 0xA1, 0xF3,
    0x02, 0x01, 0xFB, 0x01, 0x21, 0xFB, 0x01, 0x22, 0xFB, 0x01, 0x63, 0xD2,
    0x01, 0xA3, 0x88, 0x01, 0x23, 0x78, 0x01, 0x03, 0xD2, 0x01, 0xA1, 0xFA,
    0x01, 0x60, 0xFA, 0x01, 0xA1, 0xFA, 0x01, 0x63, 0xE2, 0x01, 0xA3, 0x88,
    0x01, 0x25, 0x78, 0x01, 0xA5, 0x68, 0x01, 0x62, 0x28, 0x01, 0x00, 0x00,
    0x02, 0x20, 0x00, 0x21, 0x00, 0x00, 0x01, 0x04, 0x21, 0x01, 0x24, 0x21,
    0x20, 0x00, 0x00, 0x01, 0x20, 0x00, 0x01, 0x00, 0x00, 0x01, 0x20, 0x18,
    0x01, 0xA4, 0x68, 0x01, 0x85, 0x88, 0x01, 0x84, 0x88, 0x01, 0x84, 0xB9,
    0x01, 0xC3, 0xFA, 0x03, 0xA1, 0xFA, 0x01, 0xA2, 0xF2, 0x01, 0xC4, 0x98,
    0x01, 0x04, 0x70, 0x01, 0xA3, 0x80, 0x01, 0xE2, 0xA1, 0x01, 0x04, 0xD4,
    0x01, 0x67, 0xFE, 0x01, 0x48, 0xFF, 0x01, 0x86, 0xFE, 0x01, 0x80, 0xF4,
    0x01, 0xA0, 0xFC, 0x01, 0x01, 0xFE, 0x01, 0x86, 0xF6, 0x01, 0xD8, 0xFF,
    0x04, 0xFF, 0xFF, 0x01, 0x95, 0xFF, 0x01, 0x84, 0xF6, 0x01, 0x60, 0xFE,
    0x01, 0x61, 0xFE, 0x01, 0xE1, 0xFD, 0x01, 0x61, 0xF4, 0x01, 0x00, 0xF3,
    0x02, 0xE0, 0xFA, 0x01, 0x01, 0xFB, 0x01, 0x83, 0xDA, 0x01, 0x83, 0x80,
    0x01, 0x03, 0xA1, 0x01, 0xA2, 0xFA, 0x01, 0x80, 0xFA, 0x01, 0x81, 0xFA,
    0x01, 0xC2, 0xFA, 0x01, 0x23, 0xDA, 0x01, 0x83, 0x88, 0x01, 0x65, 0x78,
    0x01, 0xE5, 0x68, 0x01, 0x41, 0x18, 0x23, 0x00, 0x00, 0x02, 0x24, 0x21,
    0x22, 0x00, 0x00, 0x01, 0x83, 0x40, 0x01, 0xA5, 0x80, 0x01, 0x65, 0x80,
    0x01, 0x04, 0xA1, 0x01, 0xE4, 0xFA, 0x02, 0xC2, 0xFA, 0x01, 0xA2, 0xFA,
    0x01, 0xC1, 0xFA, 0x01, 0x62, 0xE2, 0x01, 0x81, 0x90, 0x01, 0x22, 0xAA,
    0x01, 0x05, 0xE5, 0x01, 0xC8, 0xFE, 0x01, 0xAB, 0xFF, 0x01, 0xAC, 0xFF,
    0x01, 0x8D, 0xFF, 0x01, 0xAC, 0xFF, 0x01, 0xA4, 0xF5, 0x01, 0x40, 0xF4,
    0x01, 0xE1, 0xFD, 0x01, 0x4E, 0xFF, 0x01, 0xFE, 0xFF, 0x05, 0xFF, 0xFF,
    0x01, 0x94, 0xFF, 0x01, 0x83, 0xF6, 0x02, 0x60, 0xFE, 0x01, 0x40, 0xFE,
    0x01, 0xC1, 0xF4, 0x01, 0x00, 0xF3, 0x01, 0xC0, 0xFA, 0x01, 0xE0, 0xFA,
    0x01, 0x01, 0xFB, 0x01, 0x43, 0xD2, 0x01, 0x02, 0x99, 0x01, 0x62, 0xEA,
    0x02, 0xA1, 0xFA, 0x01, 0x81, 0xFA, 0x01, 0xC2, 0xFA, 0x01, 0x03, 0xD2,
    0x01, 0x64, 0x80, 0x01, 0x65, 0x78, 0x01, 0xC4, 0x50, 0x01, 0x00, 0x08,
    0x01, 0x00, 0x00, 0x01, 0x20, 0x00, 0x20, 0x00, 0x00, 0x02, 0x24, 0x21,
    0x21, 0x00, 0x00, 0x01, 0x20, 0x10, 0x01, 0xA4, 0x60, 0x01, 0x65, 0x80,
    0x01, 0x84, 0x88, 0x01, 0xE3, 0xC9, 0x01, 0xE2, 0xFA, 0x01, 0xC1, 0xFA,
    0x01, 0xC2, 0xFA, 0x01, 0xE1, 0xF2, 0x01, 0x62, 0xFC, 0x01, 0xA2, 0xEC,
    0x01, 0xE6, 0xE4, 0x01, 0x0C, 0xFF, 0x01, 0xAE, 0xFF, 0x01, 0xAF, 0xFF,
    0x03, 0x8F, 0xFF, 0x01, 0xAF, 0xFF, 0x01, 0xA9, 0xFE, 0x01, 0xA0, 0xEC,
    0x01, 0x25, 0xFE, 0x01, 0xD6, 0xFF, 0x06, 0xFF, 0xFF, 0x01, 0xFE, 0xFF,
    0x01, 0x50, 0xFF, 0x01, 0x81, 0xFE, 0x01, 0x80, 0xFE, 0x01, 0x60, 0xFE,
    0x01, 0x40, 0xFE, 0x01, 0x21, 0xFD, 0x01, 0x80, 0xF3, 0x01, 0xE0, 0xFA,
    0x01, 0xE1, 0xFA, 0x01, 0x02, 0xFB, 0x01, 0xA3, 0xE2, 0x01, 0x81, 0xF2,
    0x01, 0xA1, 0xFA, 0x01, 0x01, 0xFB, 0x01, 0x21, 0xFB, 0x01, 0xA1, 0xFA,
    0x01, 0xA3, 0xF2, 0x01, 0x04, 0x99, 0x01, 0x45, 0x78, 0x01, 0xA5, 0x70,
    0x01, 0x82, 0x30, 0x22, 0x00, 0x00, 0x02, 0x24, 0x21, 0x21, 0x00, 0x00,
    0x01, 0x62, 0x30, 0x01, 0xA5, 0x70, 0x01, 0x45, 0x80, 0x01, 0xE4, 0xA0,
    0x01, 0xA3, 0xFA, 0x02, 0xA1, 0xFA, 0x01, 0xC1, 0xFA, 0x01, 0xA2, 0xFC,
    0x01, 0x63, 0xFE, 0x01, 0x2D, 0xFF, 0x01, 0xF8, 0xFF, 0x01, 0xFB, 0xFF,
    0x01, 0xD8, 0xFF, 0x01, 0xB3, 0xFF, 0x01, 0x6E, 0xFF, 0x01, 0x6B, 0xFF,
    0x01, 0x69, 0xFF, 0x02, 0x8D, 0xFF, 0x01, 0xA3, 0xF6, 0x01, 0x2D, 0xF7,
    0x01, 0xFC, 0xFF, 0x07, 0xFF, 0xFF, 0x01, 0xFC, 0xFF, 0x01, 0x2A, 0xFF,
    0x04, 0x80, 0xFE, 0x01, 0x01, 0xFE, 0x01, 0x80, 0xF4, 0x01, 0x00, 0xF3,
    0x01, 0xE1, 0xFA, 0x01, 0x01, 0xFB, 0x01, 0xE1, 0xFA, 0x02, 0xA1, 0xFA,
    0x01, 0x22, 0xFC, 0x01, 0x61, 0xF3, 0x01, 0x61, 0xFA, 0x01, 0x03, 0xD2,
    0x01, 0x64, 0x80, 0x01, 0x45, 0x70, 0x01, 0xC4, 0x58, 0x01, 0x20, 0x08,
    0x21, 0x00, 0x00, 0x02, 0x24, 0x21, 0x21, 0x00, 0x00, 0x01, 0xA4, 0x58,
    0x01, 0x86, 0x78, 0x01, 0x45, 0x78, 0x01, 0x64, 0xB9, 0x01, 0x81, 0xFA,
    0x01, 0x80, 0xFA, 0x01, 0x61, 0xFA, 0x01, 0x61, 0xF3, 0x01, 0x02, 0xFE,
    0x01, 0x2C, 0xFF, 0x01, 0xFB, 0xFF, 0x01, 0xFF, 0xFF, 0x01, 0xFE, 0xFF,
    0x01, 0xD6, 0xFF, 0x01, 0x29, 0xF6, 0x01, 0x63, 0xF5, 0x01, 0xC2, 0xFE,
    0x01, 0xE1, 0xFE, 0x01, 0x04, 0xFF, 0x01, 0x49, 0xFF, 0x01, 0x07, 0xF7,
    0x01, 0xD7, 0xFF, 0x06, 0xFF, 0xFF, 0x02, 0xDF, 0xFF, 0x01, 0xFF, 0xFF,
    0x01, 0xB6, 0xFF, 0x01, 0xC3, 0xF6, 0x04, 0xA0, 0xFE, 0x01, 0x80, 0xFE,
    0x01, 0x21, 0xFD, 0x01, 0x60, 0xF3, 0x03, 0x01, 0xFB, 0x01, 0x61, 0xFA,
    0x01, 0xA1, 0xF3, 0x01, 0x83, 0xFD, 0x01, 0xC0, 0xF2, 0x01, 0x23, 0xF2,
    0x01, 0x04, 0xA1, 0x01, 0x25, 0x70, 0x01, 0x85, 0x60, 0x01, 0x62, 0x28,
    0x21, 0x00, 0x00, 0x01, 0x04, 0x21, 0x01, 0x24, 0x21, 0x20, 0x00, 0x00,
    0x01, 0x20, 0x08, 0x01, 0xA5, 0x60, 0x01, 0x66, 0x80, 0x01, 0x45, 0x80,
    0x01, 0xA3, 0xC9, 0x01, 0x81, 0xFA, 0x01, 0x60, 0xFA, 0x01, 0x40, 0xFA,
    0x01, 0x40, 0xF4, 0x01, 0xA5, 0xFE, 0x01, 0xD7, 0xFF, 0x01, 0xFE, 0xFF,
    0x01, 0xFD, 0xFF, 0x01, 0xB4, 0xFF, 0x01, 0x06, 0xF6, 0x01, 0x20, 0xF4,
    0x01, 0x40, 0xF4, 0x01, 0x81, 0xFE, 0x01, 0x01, 0xFF, 0x01, 0xE0, 0xFE,
    0x01, 0xE1, 0xFE, 0x01, 0x4E, 0xFF, 0x01, 0xFD, 0xFF, 0x09, 0xFF, 0xFF,
    0x01, 0xFD, 0xFF, 0x01, 0x0A, 0xF7, 0x04, 0xC0, 0xFE, 0x01, 0xA0, 0xFE,
    0x01, 0xC0, 0xFE, 0x01, 0xA1, 0xFD, 0x01, 0x80, 0xF3, 0x01, 0x01, 0xFB,
    0x01, 0x21, 0xFB, 0x01, 0xA1, 0xFA, 0x01, 0x41, 0xF3, 0x01, 0x82, 0xFE,
    0x01, 0xA1, 0xF4, 0x01, 0x21, 0xF2, 0x01, 0x84, 0xC1, 0x01, 0x44, 0x78,
    0x01, 0x65, 0x70, 0x01, 0xA4, 0x48, 0x21, 0x00, 0x00, 0x01, 0x04, 0x21,
    0x01, 0x24, 0x21, 0x20, 0x00, 0x00, 0x01, 0x21, 0x10, 0x01, 0xA5, 0x68,
    0x01, 0x46, 0x80, 0x01, 0x44, 0x80, 0x01, 0xC3, 0xD1, 0x01, 0x81, 0xFA,
    0x01, 0x40, 0xFA, 0x01, 0x80, 0xF2, 0x01, 0x01, 0xF5, 0x01, 0x09, 0xFF,
    0x01, 0xFB, 0xFF, 0x01, 0xFC, 0xFF, 0x01, 0x91, 0xFF, 0x01, 0x45, 0xFE,
    0x01, 0x60, 0xF4, 0x01, 0x01, 0xFC, 0x01, 0x21, 0xFC, 0x01, 0x21, 0xFE,
    0x01, 0x01, 0xFF, 0x01, 0xE0, 0xFE, 0x01, 0x04, 0xFF, 0x01, 0xB6, 0xFF,
    0x05, 0xFF, 0xFF, 0x01, 0xFD, 0xFF, 0x01, 0xD9, 0xFF, 0x01, 0x93, 0xFF,
    0x01, 0xD9, 0xFF, 0x02, 0xFF, 0xFF, 0x01, 0x93, 0xFF, 0x01, 0xC1, 0xFE,
    0x01, 0xE0, 0xFE, 0x01, 0xC0, 0xFE, 0x01, 0xE0, 0xFE, 0x02, 0xC0, 0xFE,
    0x01, 0xE0, 0xFE, 0x01, 0xA1, 0xFD, 0x01, 0x60, 0xF3, 0x01, 0x01, 0xFB,
    0x01, 0xE1, 0xFA, 0x01, 0x61, 0xF3, 0x01, 0x61, 0xFE, 0x01, 0x81, 0xFE,
    0x01, 0x01, 0xEB, 0x01, 0xC3, 0xE1, 0x01, 0xA4, 0x88, 0x01, 0x45, 0x70,
    0x01, 0xA4, 0x60, 0x01, 0x41, 0x10, 0x20, 0x00, 0x00, 0x01, 0x04, 0x21,
    0x01, 0x24, 0x21, 0x1E, 0x00, 0x00, 0x01, 0x20, 0x00, 0x01, 0x00, 0x00,
    0x01, 0x41, 0x20, 0x01, 0xA5, 0x78, 0x01, 0x45, 0x88, 0x01, 0x64, 0x88,
    0x01, 0xE3, 0xD9, 0x01, 0x81, 0xFA, 0x01, 0x20, 0xFA, 0x01, 0xE0, 0xF2,
    0x01, 0xC0, 0xFD, 0x01, 0x09, 0xF7, 0x01, 0xF8, 0xFF, 0x01, 0x8F, 0xFF,
    0x01, 0x83, 0xFE, 0x01, 0xC0, 0xF4, 0x01, 0x00, 0xFC, 0x01, 0x01, 0xFC,
    0x01, 0xE0, 0xFB, 0x01, 0x61, 0xFD, 0x01, 0x01, 0xFF, 0x01, 0xE0, 0xFE,
    0x01, 0x08, 0xFF, 0x01, 0xFC, 0xFF, 0x03, 0xFF, 0xFF, 0x01, 0xFE, 0xFF,
    0x01, 0xD8, 0xFF, 0x01, 0x4C, 0xF7, 0x01, 0x05, 0xFF, 0x01, 0xE1, 0xFE,
    0x01, 0x4D, 0xF7, 0x01, 0xFD, 0xFF, 0x01, 0xFF, 0xFF, 0x01, 0xD8, 0xFF,
    0x01, 0xE4, 0xFE, 0x05, 0xE0, 0xFE, 0x01, 0xC0, 0xFE, 0x01, 0xE0, 0xFE,
    0x01, 0xA1, 0xFD, 0x01, 0xA0, 0xF3, 0x01, 0xE0, 0xFA, 0x01, 0x80, 0xF3,
    0x01, 0x41, 0xFE, 0x01, 0x00, 0xFF, 0x01, 0xC1, 0xF4, 0x01, 0xE2, 0xE9,
    0x01, 0x04, 0xB1, 0x01, 0x45, 0x78, 0x01, 0x85, 0x68, 0x01, 0x41, 0x28,
    0x20, 0x00, 0x00, 0x02, 0x24, 0x21, 0x1C, 0x00, 0x00, 0x03, 0x20, 0x00,
    0x01, 0x00, 0x00, 0x01, 0x41, 0x20, 0x01, 0xA5, 0x78, 0x01, 0x46, 0x88,
    0x01, 0x44, 0x88, 0x01, 0xE3, 0xD9, 0x01, 0x81, 0xFA, 0x01, 0x20, 0xFA,
    0x01, 0x80, 0xF3, 0x01, 0x40, 0xFE, 0x01, 0xC3, 0xFE, 0x01, 0xC8, 0xFE,
    0x01, 0xE2, 0xFD, 0x01, 0xC0, 0xFC, 0x02, 0xE0, 0xFB, 0x01, 0x00, 0xFC,
    0x01, 0xE0, 0xFB, 0x01, 0x60, 0xF4, 0x01, 0xA2, 0xFE, 0x01, 0x00, 0xFF,
    0x01, 0x2A, 0xFF, 0x01, 0xFD, 0xFF, 0x02, 0xFF, 0xFF, 0x01, 0xFD, 0xFF,
    0x01, 0x4E, 0xF7, 0x01, 0xE4, 0xFE, 0x03, 0xE0, 0xFE, 0x01, 0x28, 0xFF,
    0x01, 0xFC, 0xFF, 0x01, 0xFF, 0xFF, 0x01, 0xDA, 0xFF, 0x01, 0x07, 0xFF,
    0x08, 0xE0, 0xFE, 0x01, 0x41, 0xFE, 0x01, 0xA0, 0xF4, 0x01, 0xE0, 0xEB,
    0x01, 0x61, 0xFE, 0x01, 0x00, 0xFF, 0x01, 0x42, 0xFE, 0x01, 0xC1, 0xEA,
    0x01, 0x44, 0xC9, 0x01, 0x45, 0x80, 0x01, 0x65, 0x78, 0x01, 0x42, 0x40,
    0x20, 0x00, 0x00, 0x02, 0x24, 0x21, 0x1C, 0x00, 0x00, 0x03, 0x20, 0x00,
    0x01, 0x00, 0x00, 0x01, 0x20, 0x10, 0x01, 0xC4, 0x68, 0x01, 0x46, 0x88,
    0x01, 0x45, 0x90, 0x01, 0xC3, 0xD9, 0x01, 0x81, 0xFA, 0x01, 0x40, 0xF2,
    0x01, 0x21, 0xF4, 0x01, 0x81, 0xFE, 0x01, 0x00, 0xFE, 0x01, 0x60, 0xF4,
    0x06, 0x00, 0xFC, 0x01, 0xE0, 0xFB, 0x01, 0xA1, 0xFD, 0x01, 0x00, 0xFF,
    0x01, 0x29, 0xF7, 0x01, 0xFD, 0xFF, 0x02, 0xFF, 0xFF, 0x01, 0xD7, 0xFF,
    0x01, 0xE3, 0xFE, 0x01, 0xE0, 0xFE, 0x03, 0x00, 0xFF, 0x01, 0x05, 0xFF,
    0x01, 0xDA, 0xFF, 0x01, 0xFF, 0xFF, 0x01, 0xFB, 0xFF, 0x01, 0x08, 0xF7,
    0x06, 0xE0, 0xFE, 0x01, 0x00, 0xFF, 0x01, 0xE0, 0xFE, 0x01, 0x00, 0xFF,
    0x01, 0xE1, 0xFE, 0x01, 0x61, 0xFE, 0x01, 0xC0, 0xFE, 0x01, 0xE0, 0xFE,
    0x01, 0xE1, 0xFE, 0x01, 0xE2, 0xEB, 0x01, 0x43, 0xD9, 0x01, 0x85, 0x90,
    0x01, 0x45, 0x78, 0x01, 0xC4, 0x58, 0x01, 0x00, 0x08, 0x1F, 0x00, 0x00,
    0x02, 0x24, 0x21, 0x1E, 0x00, 0x00, 0x01, 0x20, 0x00, 0x01, 0x00, 0x00,
    0x01, 0x00, 0x08, 0x01, 0xA4, 0x58, 0x01, 0x66, 0x88, 0x01, 0x25, 0x88,
    0x01, 0x84, 0xD1, 0x01, 0x82, 0xFA, 0x01, 0x40, 0xF2, 0x01, 0x81, 0xF4,
    0x01, 0xA1, 0xFE, 0x01, 0x60, 0xF4, 0x01, 0xE0, 0xFA, 0x04, 0x20, 0xFB,
    0x01, 0x60, 0xFB, 0x01, 0xA0, 0xFB, 0x01, 0xC0, 0xFB, 0x01, 0x60, 0xF4,
    0x01, 0x80, 0xFE, 0x01, 0x27, 0xFF, 0x01, 0xFB, 0xFF, 0x02, 0xFF, 0xFF,
    0x01, 0x70, 0xFF, 0x01, 0xE1, 0xFE, 0x01, 0x00, 0xFF, 0x03, 0xE0, 0xFE,
    0x01, 0x05, 0xFF, 0x01, 0xDA, 0xFF, 0x01, 0xFF, 0xFF, 0x01, 0xFB, 0xFF,
    0x01, 0x07, 0xF7, 0x03, 0xE0, 0xFE, 0x05, 0x00, 0xFF, 0x02, 0xE0, 0xFE,
    0x01, 0x00, 0xFF, 0x02, 0xE0, 0xFE, 0x01, 0x21, 0xFF, 0x01, 0x82, 0xF4,
    0x01, 0xA3, 0xE1, 0x01, 0xA4, 0x98, 0x01, 0x45, 0x80, 0x01, 0xA5, 0x60,
    0x01, 0x20, 0x10, 0x1D, 0x00, 0x00, 0x01, 0x20, 0x00, 0x01, 0x00, 0x00,
    0x02, 0x24, 0x21, 0x21, 0x00, 0x00, 0x01, 0x82, 0x38, 0x01, 0x86, 0x78,
    0x01, 0x26, 0x88, 0x01, 0x04, 0xB1, 0x01, 0x62, 0xFA, 0x01, 0x61, 0xF2,
    0x01, 0xC1, 0xF4, 0x01, 0x82, 0xFE, 0x01, 0xA0, 0xF3, 0x01, 0x61, 0xFA,
    0x01, 0x81, 0xFA, 0x02, 0x61, 0xFA, 0x01, 0x40, 0xFA, 0x01, 0x20, 0xFA,
    0x01, 0x60, 0xF2, 0x01, 0x40, 0xFB, 0x01, 0xC0, 0xF3, 0x01, 0x80, 0xFD,
    0x01, 0x26, 0xFF, 0x01, 0xD9, 0xFF, 0x01, 0xFF, 0xFF, 0x01, 0xDA, 0xFF,
    0x01, 0x08, 0xFF, 0x05, 0xE0, 0xFE, 0x01, 0x05, 0xFF, 0x01, 0xDA, 0xFF,
    0x01, 0xFF, 0xFF, 0x01, 0xB7, 0xFF, 0x01, 0xE4, 0xFE, 0x02, 0xE0, 0xFE,
    0x01, 0x00, 0xFF, 0x01, 0xE0, 0xFE, 0x02, 0x81, 0xFE, 0x01, 0xE0, 0xFE,
    0x01, 0x20, 0xFF, 0x01, 0x00, 0xFF, 0x04, 0xE0, 0xFE, 0x01, 0x41, 0xFF,
    0x01, 0xC2, 0xF4, 0x01, 0xC3, 0xE1, 0x01, 0xC4, 0x98, 0x01, 0x45, 0x80,
    0x01, 0x84, 0x58, 0x20, 0x00, 0x00, 0x02, 0x24, 0x21, 0x21, 0x00, 0x00,
    0x01, 0x41, 0x18, 0x01, 0xA5, 0x68, 0x01, 0x46, 0x80, 0x01, 0x84, 0x98,
    0x01, 0x43, 0xEA, 0x01, 0x61, 0xFA, 0x01, 0xC1, 0xF4, 0x01, 0x62, 0xFE,
    0x01, 0xA1, 0xFB, 0x01, 0xA3, 0xFA, 0x01, 0x64, 0xEA, 0x01, 0x04, 0xE2,
    0x01, 0x03, 0xE2, 0x01, 0x42, 0xF2, 0x01, 0x61, 0xFA, 0x01, 0x00, 0xFA,
    0x01, 0x60, 0xF2, 0x01, 0x60, 0xFB, 0x01, 0xA0, 0xF4, 0x01, 0xC4, 0xFE,
    0x01, 0xB6, 0xFF, 0x01, 0xFF, 0xFF, 0x01, 0x92, 0xFF, 0x01, 0xC1, 0xF6,
    0x02, 0xC0, 0xFE, 0x03, 0xE0, 0xFE, 0x01, 0xE4, 0xFE, 0x01, 0xD9, 0xFF,
    0x01, 0xFF, 0xFF, 0x01, 0x93, 0xFF, 0x01, 0xC1, 0xFE, 0x01, 0xE0, 0xFE,
    0x01, 0xE1, 0xFE, 0x01, 0x01, 0xFE, 0x01, 0xC0, 0xF4, 0x02, 0x60, 0xF4,
    0x01, 0xC0, 0xF4, 0x01, 0xC1, 0xFD, 0x01, 0xC1, 0xFE, 0x03, 0x00, 0xFF,
    0x01, 0xE0, 0xFE, 0x01, 0x41, 0xFF, 0x01, 0x02, 0xF5, 0x01, 0xE3, 0xE1,
    0x01, 0xC4, 0x98, 0x01, 0x65, 0x80, 0x01, 0x83, 0x50, 0x20, 0x00, 0x00,
    0x02, 0x24, 0x21, 0x22, 0x00, 0x00, 0x01, 0xC3, 0x40, 0x01, 0x86, 0x78,
    0x01, 0x45, 0x88, 0x01, 0x84, 0xC9, 0x01, 0x62, 0xFA, 0x01, 0x81, 0xF4,
    0x01, 0x42, 0xFE, 0x01, 0x62, 0xEB, 0x01, 0x84, 0xA9, 0x01, 0x04, 0x71,
    0x01, 0xE5, 0x70, 0x01, 0xC4, 0x78, 0x01, 0x04, 0x99, 0x01, 0xA3, 0xC9,
    0x01, 0x22, 0xF2, 0x01, 0x00, 0xF2, 0x01, 0xE0, 0xFA, 0x01, 0x20, 0xF4,
    0x01, 0x62, 0xFE, 0x01, 0x92, 0xFF, 0x01, 0xFA, 0xFF, 0x01, 0x08, 0xFF,
    0x01, 0xE0, 0xFE, 0x02, 0xC0, 0xFE, 0x03, 0xE0, 0xFE, 0x01, 0xE3, 0xFE,
    0x01, 0xD9, 0xFF, 0x01, 0xFF, 0xFF, 0x01, 0x4D, 0xF7, 0x01, 0xC0, 0xFE,
    0x01, 0x00, 0xFF, 0x01, 0x01, 0xFE, 0x01, 0x20, 0xF4, 0x01, 0xE0, 0xFB,
    0x02, 0x00, 0xFC, 0x02, 0xE0, 0xFB, 0x01, 0xA0, 0xF4, 0x01, 0x41, 0xFE,
    0x01, 0x21, 0xFF, 0x01, 0x00, 0xFF, 0x01, 0xE0, 0xFE, 0x01, 0x41, 0xFF,
    0x01, 0x02, 0xF5, 0x01, 0xE3, 0xE1, 0x01, 0xC4, 0x98, 0x01, 0x65, 0x80,
    0x01, 0x63, 0x50, 0x20, 0x00, 0x00, 0x02, 0x24, 0x21, 0x22, 0x00, 0x00,
    0x01, 0x41, 0x18, 0x01, 0xA5, 0x70, 0x01, 0x46, 0x88, 0x01, 0xA4, 0xA0,
    0x01, 0x43, 0xF2, 0x01, 0xC1, 0xF3, 0x01, 0xC4, 0xFD, 0x01, 0x83, 0xBA,
    0x01, 0x82, 0x38, 0x02, 0x00, 0x08, 0x01, 0x20, 0x10, 0x01, 0x63, 0x48,
    0x01, 0x85, 0x80, 0x01, 0x23, 0xB9, 0x01, 0x22, 0xF2, 0x01, 0x40, 0xF2,
    0x01, 0x60, 0xF3, 0x01, 0x21, 0xFE, 0x01, 0x6B, 0xFF, 0x01, 0x4D, 0xFF,
    0x01, 0xC0, 0xFE, 0x01, 0xE0, 0xFE, 0x04, 0xC0, 0xFE, 0x01, 0xE0, 0xFE,
    0x01, 0xE2, 0xFE, 0x01, 0xB4, 0xFF, 0x01, 0xB7, 0xFF, 0x01, 0xE5, 0xFE,
    0x01, 0xC0, 0xFE, 0x01, 0xE1, 0xFE, 0x01, 0x20, 0xF5, 0x01, 0xE0, 0xFB,
    0x03, 0x00, 0xFC, 0x02, 0x20, 0xFC, 0x01, 0xC1, 0xFB, 0x01, 0xC1, 0xF3,
    0x01, 0x22, 0xFE, 0x01, 0x20, 0xFF, 0x01, 0xE0, 0xFE, 0x01, 0x41, 0xFF,
    0x01, 0xC2, 0xF4, 0x01, 0xE3, 0xE9, 0x01, 0xC5, 0x98, 0x01, 0x65, 0x80,
    0x01, 0xC4, 0x60, 0x01, 0x00, 0x08, 0x1F, 0x00, 0x00, 0x02, 0x24, 0x21,
    0x23, 0x00, 0x00, 0x01, 0x82, 0x38, 0x01, 0xA6, 0x80, 0x01, 0x45, 0x88,
    0x01, 0x63, 0xC9, 0x01, 0xE1, 0xFA, 0x01, 0xE3, 0xFB, 0x01, 0xC3, 0x89,
    0x02, 0x00, 0x00, 0x01, 0x20, 0x00, 0x02, 0x00, 0x00, 0x01, 0x64, 0x50,
    0x01, 0x65, 0x80, 0x01, 0x83, 0xC9, 0x01, 0x41, 0xF2, 0x01, 0x40, 0xEB,
    0x01, 0x41, 0xFE, 0x01, 0xE1, 0xFE, 0x01, 0xC1, 0xFE, 0x07, 0xC0, 0xFE,
    0x01, 0xC1, 0xFE, 0x01, 0x90, 0xFF, 0x01, 0x4C, 0xFF, 0x01, 0xA0, 0xFE,
    0x01, 0xC0, 0xFE, 0x01, 0x81, 0xFE, 0x01, 0xA0, 0xF4, 0x01, 0xE0, 0xFB,
    0x01, 0x00, 0xFC, 0x02, 0x20, 0xFC, 0x01, 0xE1, 0xFB, 0x01, 0x41, 0xFB,
    0x01, 0x62, 0xF2, 0x01, 0xC1, 0xE9, 0x01, 0x02, 0xEC, 0x01, 0x02, 0xFF,
    0x01, 0xE0, 0xFE, 0x01, 0x22, 0xFF, 0x01, 0x62, 0xF4, 0x01, 0xC3, 0xE1,
    0x01, 0xA5, 0x98, 0x01, 0x65, 0x80, 0x01, 0x83, 0x50, 0x20, 0x00, 0x00,
    0x02, 0x24, 0x21, 0x21, 0x00, 0x00, 0x01, 0x20, 0x00, 0x01, 0x00, 0x00,
    0x01, 0x00, 0x08, 0x01, 0xA4, 0x58, 0x01, 0x65, 0x80, 0x01, 0x84, 0x98,
    0x01, 0x03, 0xE2, 0x01, 0xA3, 0xFA, 0x01, 0x83, 0x81, 0x01, 0x00, 0x00,
    0x01, 0x20, 0x00, 0x03, 0x00, 0x00, 0x01, 0x62, 0x30, 0x01, 0x66, 0x78,
    0x01, 0x43, 0xB1, 0x01, 0x61, 0xF2, 0x01, 0xA0, 0xEB, 0x01, 0x81, 0xFE,
    0x01, 0xE0, 0xFE, 0x08, 0xC0, 0xFE, 0x01, 0xC1, 0xFE, 0x01, 0x27, 0xFF,
    0x01, 0xC2, 0xFE, 0x01, 0xA0, 0xFE, 0x01, 0xC0, 0xFE, 0x01, 0x01, 0xFE,
    0x01, 0x20, 0xF4, 0x01, 0x00, 0xFC, 0x01, 0x20, 0xFC, 0x01, 0xA1, 0xFB,
    0x01, 0x01, 0xFB, 0x01, 0x62, 0xF2, 0x01, 0xE2, 0xF1, 0x01, 0xC3, 0xF1,
    0x01, 0xA3, 0xF1, 0x01, 0x62, 0xEA, 0x01, 0x42, 0xFE, 0x01, 0x20, 0xFF,
    0x01, 0x02, 0xFF, 0x01, 0x02, 0xF4, 0x01, 0xC3, 0xE1, 0x01, 0x85, 0x90,
    0x01, 0xA6, 0x80, 0x01, 0x62, 0x38, 0x01, 0x00, 0x00, 0x01, 0x20, 0x00,
    0x1E, 0x00, 0x00, 0x02, 0x24, 0x21, 0x21, 0x00, 0x00, 0x02, 0x20, 0x00,
    0x01, 0x00, 0x00, 0x01, 0x20, 0x10, 0x01, 0xA4, 0x60, 0x01, 0x86, 0x88,
    0x01, 0xC4, 0xB0, 0x01, 0x64, 0xFA, 0x01, 0x24, 0xBA, 0x01, 0x61, 0x20,
    0x01, 0x00, 0x00, 0x01, 0x20, 0x00, 0x02, 0x00, 0x00, 0x01, 0x41, 0x18,
    0x01, 0x45, 0x70, 0x01, 0x64, 0xB9, 0x01, 0xC1, 0xF2, 0x01, 0x80, 0xFC,
    0x01, 0xC0, 0xFE, 0x07, 0xE0, 0xFE, 0x03, 0xC0, 0xFE, 0x01, 0xA0, 0xFE,
    0x03, 0xC0, 0xFE, 0x01, 0x40, 0xF5, 0x01, 0xE0, 0xFB, 0x01, 0xC1, 0xFB,
    0x01, 0xE1, 0xFA, 0x01, 0x21, 0xF2, 0x01, 0xE2, 0xF1, 0x01, 0xC2, 0xF9,
    0x01, 0xC3, 0xF9, 0x01, 0xE3, 0xF9, 0x01, 0xC3, 0xF9, 0x01, 0xE2, 0xE9,
    0x01, 0xA2, 0xF5, 0x01, 0x41, 0xFF, 0x01, 0x82, 0xFE, 0x01, 0x02, 0xEB,
    0x01, 0x64, 0xC9, 0x01, 0x85, 0x90, 0x01, 0xA5, 0x70, 0x01, 0x41, 0x28,
    0x01, 0x00, 0x00, 0x02, 0x20, 0x00, 0x1D, 0x00, 0x00, 0x02, 0x24, 0x21,
    0x22, 0x00, 0x00, 0x02, 0x20, 0x00, 0x01, 0x00, 0x00, 0x01, 0x20, 0x18,
    0x01, 0xA5, 0x68, 0x01, 0x65, 0x98, 0x01, 0x83, 0xD9, 0x01, 0xA4, 0xEA,
    0x01, 0x03, 0x59, 0x01, 0x00, 0x00, 0x01, 0x20, 0x00, 0x02, 0x00, 0x00,
    0x01, 0x00, 0x08, 0x01, 0x65, 0x68, 0x01, 0xC4, 0xA0, 0x01, 0x02, 0xEB,
    0x01, 0x60, 0xFD, 0x07, 0xE0, 0xFE, 0x07, 0xC0, 0xFE, 0x01, 0x61, 0xFE,
    0x01, 0x80, 0xF4, 0x01, 0xA1, 0xFB, 0x01, 0x61, 0xF2, 0x01, 0xE1, 0xF1,
    0x02, 0xE2, 0xF9, 0x02, 0xC2, 0xF9, 0x01, 0xC2, 0xF1, 0x01, 0xC2, 0xF9,
    0x01, 0x22, 0xEA, 0x01, 0xE2, 0xFD, 0x01, 0x41, 0xFF, 0x01, 0x82, 0xF5,
    0x01, 0x62, 0xEA, 0x01, 0x05, 0xB1, 0x01, 0x66, 0x80, 0x01, 0xA4, 0x58,
    0x01, 0x00, 0x08, 0x01, 0x00, 0x00, 0x02, 0x20, 0x00, 0x1D, 0x00, 0x00,
    0x02, 0x24, 0x21, 0x23, 0x00, 0x00, 0x02, 0x20, 0x00, 0x01, 0x00, 0x00,
    0x01, 0x62, 0x30, 0x01, 0xA5, 0x80, 0x01, 0x45, 0xC9, 0x01, 0x64, 0xF2,
    0x01, 0xC5, 0xA1, 0x01, 0x41, 0x18, 0x01, 0x00, 0x00, 0x01, 0x20, 0x00,
    0x01, 0x00, 0x00, 0x01, 0x41, 0x20, 0x01, 0x65, 0x78, 0x01, 0xE4, 0xA0,
    0x01, 0xA2, 0xEB, 0x01, 0xE1, 0xFD, 0x01, 0x00, 0xFF, 0x04, 0xE0, 0xFE,
    0x09, 0xC0, 0xFE, 0x01, 0x80, 0xFD, 0x01, 0xE0, 0xFB, 0x01, 0x61, 0xF2,
    0x01, 0xC1, 0xF1, 0x01, 0xE1, 0xF9, 0x02, 0xE2, 0xF9, 0x02, 0xC3, 0xF1,
    0x01, 0xC2, 0xF1, 0x01, 0xA2, 0xF1, 0x01, 0x61, 0xEA, 0x01, 0x42, 0xFE,
    0x01, 0x21, 0xFF, 0x01, 0x41, 0xF4, 0x01, 0xC3, 0xD9, 0x01, 0xA5, 0x98,
    0x01, 0xA6, 0x78, 0x01, 0x82, 0x30, 0x01, 0x00, 0x00, 0x02, 0x20, 0x00,
    0x1E, 0x00, 0x00, 0x01, 0x04, 0x21, 0x01, 0x24, 0x21, 0x23, 0x00, 0x00,
    0x03, 0x20, 0x00, 0x01, 0x00, 0x00, 0x01, 0xA4, 0x50, 0x01, 0x05, 0xA9,
    0x01, 0x43, 0xF2, 0x01, 0x65, 0xD2, 0x01, 0xA2, 0x38, 0x01, 0x00, 0x00,
    0x01, 0x20, 0x00, 0x01, 0x00, 0x00, 0x01, 0x83, 0x48, 0x01, 0xA6, 0x90,
    0x01, 0x43, 0xA9, 0x01, 0x22, 0xF4, 0x01, 0x61, 0xFE, 0x01, 0x00, 0xFF,
    0x04, 0xE0, 0xFE, 0x08, 0xC0, 0xFE, 0x01, 0x61, 0xFE, 0x01, 0x80, 0xF4,
    0x01, 0xE1, 0xFA, 0x01, 0xC1, 0xF1, 0x01, 0xE1, 0xF9, 0x01, 0xC2, 0xF1,
    0x01, 0x63, 0xD9, 0x01, 0xE3, 0xB8, 0x01, 0x04, 0xA9, 0x01, 0x23, 0xB9,
    0x01, 0xC3, 0xF1, 0x01, 0x82, 0xF1, 0x01, 0xC1, 0xEA, 0x01, 0xA2, 0xFE,
    0x01, 0x62, 0xFE, 0x01, 0x22, 0xEB, 0x01, 0x44, 0xB9, 0x01, 0x85, 0x80,
    0x01, 0xC4, 0x58, 0x01, 0x00, 0x10, 0x01, 0x00, 0x00, 0x01, 0x20, 0x00,
    0x1F, 0x00, 0x00, 0x02, 0x24, 0x21, 0x24, 0x00, 0x00, 0x02, 0x20, 0x00,
    0x01, 0x00, 0x00, 0x01, 0x42, 0x28, 0x01, 0x05, 0xA1, 0x01, 0x84, 0xF2,
    0x01, 0xA4, 0xE2, 0x01, 0x24, 0x51, 0x02, 0x00, 0x00, 0x01, 0x00, 0x10,
    0x01, 0xA5, 0x68, 0x01, 0x85, 0x90, 0x01, 0x83, 0xD2, 0x01, 0xE1, 0xFC,
    0x01, 0xC1, 0xFE, 0x09, 0xE0, 0xFE, 0x03, 0xC0, 0xFE, 0x01, 0x81, 0xFE,
    0x01, 0xE0, 0xF4, 0x01, 0x61, 0xFB, 0x01, 0x01, 0xF2, 0x01, 0xE2, 0xF9,
    0x01, 0xC3, 0xF1, 0x01, 0x04, 0xC1, 0x01, 0x64, 0x88, 0x01, 0x84, 0x60,
    0x01, 0xC4, 0x70, 0x01, 0x44, 0xC9, 0x01, 0xC3, 0xF9, 0x01, 0x81, 0xF1,
    0x01, 0x41, 0xEB, 0x01, 0xC2, 0xFE, 0x01, 0xE1, 0xF4, 0x01, 0x23, 0xD2,
    0x01, 0x84, 0x90, 0x01, 0x85, 0x68, 0x01, 0x62, 0x28, 0x22, 0x00, 0x00,
    0x01, 0x04, 0x21, 0x01, 0x24, 0x21, 0x25, 0x00, 0x00, 0x01, 0x20, 0x00,
    0x01, 0x00, 0x00, 0x01, 0x41, 0x20, 0x01, 0x04, 0x99, 0x01, 0x63, 0xF2,
    0x01, 0xE4, 0xF2, 0x01, 0x23, 0x59, 0x02, 0x00, 0x00, 0x01, 0x82, 0x38,
    0x01, 0xA6, 0x88, 0x01, 0x43, 0xA9, 0x01, 0xE2, 0xF3, 0x01, 0x81, 0xFD,
    0x01, 0xE1, 0xFE, 0x02, 0xE0, 0xFE, 0x01, 0x00, 0xFF, 0x06, 0xE0, 0xFE,
    0x03, 0xC0, 0xFE, 0x01, 0x20, 0xFD, 0x01, 0x81, 0xFB, 0x01, 0x61, 0xF2,
    0x01, 0x02, 0xFA, 0x01, 0xE3, 0xF1, 0x01, 0xE4, 0xB8, 0x01, 0x85, 0x88,
    0x01, 0xC4, 0x50, 0x01, 0x62, 0x28, 0x01, 0x25, 0xA1, 0x01, 0xA3, 0xF1,
    0x01, 0xC1, 0xF9, 0x01, 0xA1, 0xF1, 0x01, 0x21, 0xF4, 0x01, 0x22, 0xFE,
    0x01, 0xE2, 0xDA, 0x01, 0xC4, 0xA0, 0x01, 0x65, 0x70, 0x01, 0xA4, 0x50,
    0x01, 0x00, 0x08, 0x22, 0x00, 0x00, 0x01, 0x04, 0x21, 0x01, 0x24, 0x21,
    0x27, 0x00, 0x00, 0x01, 0x41, 0x18, 0x01, 0x24, 0x99, 0x01, 0xA3, 0xFA,
    0x01, 0xA4, 0xE2, 0x01, 0xA2, 0x40, 0x01, 0x00, 0x00, 0x01, 0x20, 0x10,
    0x01, 0xC4, 0x70, 0x01, 0x44, 0xB1, 0x01, 0x43, 0xEB, 0x01, 0xA0, 0xFC,
    0x01, 0x41, 0xFE, 0x01, 0x00, 0xFF, 0x0A, 0xE0, 0xFE, 0x01, 0xC0, 0xFE,
    0x01, 0x81, 0xFD, 0x01, 0xA0, 0xFB, 0x01, 0x81, 0xFA, 0x01, 0x21, 0xFA,
    0x01, 0x03, 0xF2, 0x01, 0x05, 0xC1, 0x01, 0x85, 0x90, 0x01, 0xC4, 0x58,
    0x01, 0x20, 0x10, 0x01, 0xE4, 0x58, 0x01, 0x64, 0xC9, 0x01, 0xE2, 0xF9,
    0x01, 0xC1, 0xF9, 0x01, 0x00, 0xF2, 0x01, 0x02, 0xFD, 0x01, 0x42, 0xEC,
    0x01, 0x23, 0xB1, 0x01, 0x45, 0x78, 0x01, 0xC5, 0x60, 0x01, 0x41, 0x18,
    0x23, 0x00, 0x00, 0x02, 0x24, 0x21, 0x27, 0x00, 0x00, 0x01, 0x41, 0x20,
    0x01, 0xA4, 0xB1, 0x01, 0xE4, 0xFA, 0x01, 0x25, 0xB2, 0x01, 0x41, 0x18,
    0x01, 0x00, 0x00, 0x01, 0x62, 0x38, 0x01, 0x85, 0xB1, 0x01, 0xC3, 0xF2,
    0x01, 0x01, 0xFC, 0x01, 0xE0, 0xFC, 0x01, 0x81, 0xFE, 0x01, 0x00, 0xFF,
    0x06, 0xE0, 0xFE, 0x02, 0x00, 0xFF, 0x01, 0xE1, 0xFE, 0x01, 0x81, 0xFE,
    0x01, 0x61, 0xFD, 0x01, 0xA0, 0xFB, 0x01, 0x81, 0xFA, 0x01, 0x41, 0xFA,
    0x01, 0x23, 0xFA, 0x01, 0x44, 0xD1, 0x01, 0xA6, 0xA0, 0x01, 0xC4, 0x68,
    0x01, 0x00, 0x08, 0x01, 0x82, 0x28, 0x01, 0x46, 0x99, 0x01, 0xE3, 0xE9,
    0x01, 0x01, 0xFA, 0x01, 0xE0, 0xF1, 0x01, 0x20, 0xF3, 0x01, 0x62, 0xFC,
    0x01, 0xE3, 0xC1, 0x01, 0x64, 0x88, 0x01, 0xC5, 0x68, 0x01, 0x61, 0x28,
    0x24, 0x00, 0x00, 0x01, 0x04, 0x21, 0x01, 0x24, 0x21, 0x27, 0x00, 0x00,
    0x01, 0xE3, 0x58, 0x01, 0x66, 0xDA, 0x01, 0x25, 0xCA, 0x01, 0xA2, 0x40,
    0x01, 0x00, 0x00, 0x01, 0x20, 0x18, 0x01, 0x65, 0x91, 0x01, 0x64, 0xEA,
    0x01, 0x81, 0xFB, 0x01, 0x61, 0xFC, 0x01, 0x20, 0xF5, 0x01, 0xC1, 0xFE,
    0x01, 0x00, 0xFF, 0x01, 0xE0, 0xFE, 0x02, 0x00, 0xFF, 0x02, 0xE0, 0xFE,
    0x01, 0xE1, 0xFE, 0x01, 0x41, 0xFE, 0x01, 0x61, 0xFD, 0x01, 0x61, 0xF4,
    0x01, 0x80, 0xF3, 0x01, 0xE1, 0xFA, 0x01, 0x81, 0xFA, 0x01, 0x62, 0xFA,
    0x01, 0x82, 0xFA, 0x01, 0xA4, 0xE1, 0x01, 0xC6, 0xB0, 0x01, 0xE5, 0x88,
    0x01, 0x61, 0x28, 0x01, 0x00, 0x08, 0x01, 0x05, 0x71, 0x01, 0x84, 0xD1,
    0x01, 0x22, 0xFA, 0x01, 0x00, 0xF2, 0x01, 0x80, 0xFA, 0x01, 0xA2, 0xFB,
    0x01, 0x03, 0xCA, 0x01, 0x64, 0x88, 0x01, 0xC5, 0x60, 0x01, 0x41, 0x18,
    0x25, 0x00, 0x00, 0x02, 0x24, 0x21, 0x26, 0x00, 0x00, 0x01, 0xC2, 0x30,
    0x01, 0x28, 0xB2, 0x01, 0xC6, 0xA1, 0x01, 0xA2, 0x38, 0x02, 0x00, 0x00,
    0x01, 0xE4, 0x58, 0x01, 0xE5, 0xD1, 0x01, 0x01, 0xFB, 0x01, 0x41, 0xFC,
    0x01, 0x60, 0xFC, 0x01, 0x61, 0xFD, 0x01, 0xE1, 0xFE, 0x04, 0xE0, 0xFE,
    0x01, 0x00, 0xFF, 0x01, 0xA1, 0xFE, 0x01, 0xA1, 0xF4, 0x01, 0xE1, 0xF2,
    0x01, 0x41, 0xF2, 0x01, 0x21, 0xFA, 0x01, 0x41, 0xFA, 0x01, 0x62, 0xFA,
    0x02, 0x82, 0xFA, 0x01, 0x43, 0xFA, 0x01, 0xE4, 0xC8, 0x01, 0xE6, 0x98,
    0x01, 0xA3, 0x48, 0x01, 0x00, 0x00, 0x01, 0xA3, 0x40, 0x01, 0x65, 0xB1,
    0x01, 0x23, 0xFA, 0x01, 0x40, 0xFA, 0x01, 0xA0, 0xFA, 0x01, 0x21, 0xFB,
    0x01, 0x03, 0xD2, 0x01, 0x84, 0x88, 0x01, 0xE5, 0x68, 0x01, 0x61, 0x20,
    0x26, 0x00, 0x00, 0x01, 0x24, 0x21, 0x01, 0x44, 0x21, 0x25, 0x00, 0x00,
    0x01, 0xA2, 0x28, 0x01, 0xA6, 0x71, 0x01, 0x24, 0x61, 0x01, 0x21, 0x18,
    0x02, 0x00, 0x00, 0x01, 0x82, 0x30, 0x01, 0x45, 0xA9, 0x01, 0x42, 0xEA,
    0x01, 0xE1, 0xFB, 0x01, 0x60, 0xFC, 0x01, 0x40, 0xFC, 0x01, 0xA1, 0xFD,
    0x01, 0x01, 0xFF, 0x03, 0xE0, 0xFE, 0x01, 0x00, 0xFF, 0x01, 0xA1, 0xFE,
    0x01, 0xE1, 0xEB, 0x01, 0x21, 0xF2, 0x01, 0x22, 0xFA, 0x02, 0x62, 0xFA,
    0x03, 0x82, 0xFA, 0x01, 0xA2, 0xFA, 0x01, 0x03, 0xF2, 0x01, 0xC5, 0xB0,
    0x01, 0xE4, 0x70, 0x01, 0x20, 0x10, 0x01, 0x21, 0x18, 0x01, 0x05, 0x89,
    0x01, 0x04, 0xEA, 0x01, 0x81, 0xFA, 0x01, 0xC1, 0xFA, 0x01, 0x02, 0xFB,
    0x01, 0xC3, 0xD1, 0x01, 0x84, 0x90, 0x01, 0xC4, 0x68, 0x01, 0x61, 0x20,
    0x27, 0x00, 0x00, 0x01, 0x24, 0x21, 0x01, 0x44, 0x21, 0x23, 0x00, 0x00,
    0x01, 0x61, 0x28, 0x01, 0x03, 0x59, 0x01, 0x24, 0x51, 0x01, 0x41, 0x18,
    0x03, 0x00, 0x00, 0x01, 0x41, 0x20, 0x01, 0x45, 0x99, 0x01, 0xC3, 0xD9,
    0x01, 0x41, 0xFB, 0x01, 0x40, 0xFC, 0x02, 0x20, 0xFC, 0x01, 0xC1, 0xFD,
    0x01, 0x00, 0xFF, 0x03, 0xE0, 0xFE, 0x01, 0xA2, 0xFE, 0x01, 0x01, 0xF4,
    0x01, 0x21, 0xF2, 0x03, 0x62, 0xFA, 0x01, 0x82, 0xFA, 0x02, 0x81, 0xFA,
    0x01, 0xA1, 0xFA, 0x01, 0xC2, 0xFA, 0x01, 0xA3, 0xE1, 0x01, 0xC5, 0x98,
    0x01, 0x82, 0x38, 0x01, 0x00, 0x00, 0x01, 0xC4, 0x58, 0x01, 0xC5, 0xC9,
    0x01, 0x82, 0xFA, 0x01, 0xC1, 0xFA, 0x01, 0x02, 0xFB, 0x01, 0xE4, 0xD1,
    0x01, 0xA5, 0x98, 0x01, 0xA4, 0x68, 0x01, 0x20, 0x18, 0x28, 0x00, 0x00,
    0x01, 0x24, 0x21, 0x01, 0x44, 0x21, 0x22, 0x00, 0x00, 0x01, 0x44, 0x61,
    0x01, 0x07, 0xBA, 0x01, 0x45, 0x71, 0x04, 0x00, 0x00, 0x01, 0x62, 0x20,
    0x01, 0x05, 0x81, 0x01, 0xA4, 0xD1, 0x01, 0x81, 0xF2, 0x01, 0x01, 0xFC,
    0x01, 0x20, 0xFC, 0x01, 0xE0, 0xFB, 0x01, 0x60, 0xF4, 0x01, 0x61, 0xFE,
    0x01, 0x00, 0xFF, 0x02, 0xE0, 0xFE, 0x01, 0xE1, 0xFE, 0x01, 0x61, 0xF4,
    0x01, 0x41, 0xF2, 0x01, 0x62, 0xFA, 0x03, 0x82, 0xFA, 0x02, 0xA2, 0xFA,
    0x02, 0xC2, 0xFA, 0x01, 0xC3, 0xFA, 0x01, 0x84, 0xC9, 0x01, 0xE5, 0x70,
    0x01, 0x20, 0x10, 0x01, 0x20, 0x18, 0x01, 0x45, 0x89, 0x01, 0x64, 0xF2,
    0x01, 0xC2, 0xFA, 0x01, 0x02, 0xFB, 0x01, 0x64, 0xEA, 0x01, 0xC5, 0xA0,
    0x01, 0xC4, 0x68, 0x01, 0x20, 0x18, 0x29, 0x00, 0x00, 0x01, 0x24, 0x21,
    0x01, 0x44, 0x21, 0x21, 0x00, 0x00, 0x01, 0x81, 0x28, 0x01, 0x46, 0xCA,
    0x01, 0x46, 0xD2, 0x01, 0x40, 0x20, 0x03, 0x00, 0x00, 0x01, 0x00, 0x08,
    0x01, 0x05, 0x71, 0x01, 0x85, 0xD1, 0x01, 0xC2, 0xE9, 0x01, 0x01, 0xF3,
    0x01, 0x40, 0xFC, 0x01, 0x00, 0xFC, 0x01, 0xE0, 0xF3, 0x01, 0x81, 0xF5,
    0x01, 0xE1, 0xFE, 0x02, 0xE0, 0xFE, 0x01, 0x00, 0xFF, 0x01, 0x62, 0xFD,
    0x01, 0x61, 0xEA, 0x01, 0x62, 0xFA, 0x02, 0x82, 0xFA, 0x02, 0xA2, 0xFA,
    0x01, 0x63, 0xF2, 0x02, 0x04, 0xE2, 0x01, 0x63, 0xEA, 0x01, 0xA4, 0xFA,
    0x01, 0x45, 0xB1, 0x01, 0xA3, 0x50, 0x01, 0x00, 0x00, 0x01, 0x41, 0x30,
    0x01, 0xA6, 0xA9, 0x01, 0xA3, 0xFA, 0x01, 0x02, 0xFB, 0x01, 0xC4, 0xFA,
    0x01, 0x45, 0xB9, 0x01, 0xC5, 0x70, 0x01, 0x41, 0x20, 0x01, 0x00, 0x00,
    0x01, 0x20, 0x00, 0x26, 0x00, 0x00, 0x01, 0x20, 0x00, 0x01, 0x00, 0x00,
    0x01, 0x24, 0x21, 0x01, 0x44, 0x21, 0x21, 0x00, 0x00, 0x01, 0x81, 0x28,
    0x01, 0x25, 0xCA, 0x01, 0x05, 0xC2, 0x01, 0x61, 0x28, 0x03, 0x00, 0x00,
    0x01, 0x82, 0x30, 0x01, 0x46, 0xB1, 0x01, 0xA3, 0xF1, 0x01, 0x21, 0xF2,
    0x01, 0xE1, 0xFB, 0x01, 0x20, 0xFC, 0x01, 0xC0, 0xFB, 0x01, 0x01, 0xF5,
    0x01, 0xE2, 0xFE, 0x01, 0xE1, 0xFE, 0x02, 0xE0, 0xFE, 0x01, 0x81, 0xFE,
    0x01, 0x61, 0xEB, 0x01, 0x21, 0xF2, 0x01, 0x62, 0xFA, 0x01, 0x82, 0xFA,
    0x01, 0xA3, 0xFA, 0x01, 0x44, 0xEA, 0x01, 0x44, 0xC9, 0x01, 0x05, 0xB1,
    0x01, 0x05, 0x91, 0x01, 0xA4, 0x78, 0x01, 0x44, 0xB1, 0x01, 0x24, 0xF2,
    0x01, 0x46, 0xA9, 0x01, 0x83, 0x40, 0x01, 0x00, 0x00, 0x01, 0x41, 0x30,
    0x01, 0xA5, 0xA9, 0x01, 0xC3, 0xFA, 0x01, 0x02, 0xFB, 0x01, 0x84, 0xD1,
    0x01, 0xC6, 0x88, 0x01, 0x82, 0x30, 0x01, 0x00, 0x00, 0x04, 0x20, 0x00,
    0x26, 0x00, 0x00, 0x01, 0x24, 0x21, 0x01, 0x44, 0x21, 0x01, 0x00, 0x00,
    0x01, 0x20, 0x00, 0x1F, 0x00, 0x00, 0x01, 0x00, 0x08, 0x01, 0x85, 0xA1,
    0x01, 0x06, 0xCA, 0x01, 0xE2, 0x38, 0x02, 0x00, 0x00, 0x01, 0x00, 0x08,
    0x01, 0x05, 0x61, 0x01, 0xA5, 0xD1, 0x01, 0xC1, 0xF1, 0x01, 0x21, 0xF3,
    0x01, 0x40, 0xFC, 0x01, 0x00, 0xF4, 0x01, 0xE1, 0xF4, 0x01, 0xC1, 0xFE,
    0x01, 0x01, 0xFF, 0x01, 0xE1, 0xFE, 0x01, 0xE0, 0xFE, 0x01, 0x01, 0xFF,
    0x01, 0x42, 0xF5, 0x01, 0x41, 0xF2, 0x01, 0x41, 0xFA, 0x01, 0x62, 0xFA,
    0x01, 0x63, 0xF2, 0x01, 0x64, 0xD1, 0x01, 0xA5, 0xA8, 0x01, 0xA5, 0x80,
    0x01, 0xC4, 0x58, 0x01, 0x82, 0x28, 0x01, 0x82, 0x48, 0x01, 0xA5, 0xC9,
    0x01, 0x04, 0xF2, 0x01, 0x05, 0x91, 0x01, 0x21, 0x20, 0x01, 0x00, 0x00,
    0x01, 0x21, 0x20, 0x01, 0x44, 0x89, 0x01, 0xC3, 0xF2, 0x01, 0x43, 0xFB,
    0x01, 0x44, 0xB1, 0x01, 0xA3, 0x50, 0x01, 0x20, 0x08, 0x04, 0x20, 0x00,
    0x27, 0x00, 0x00, 0x02, 0x24, 0x21, 0x22, 0x00, 0x00, 0x01, 0xC3, 0x50,
    0x01, 0x45, 0x81, 0x01, 0x41, 0x18, 0x02, 0x00, 0x00, 0x01, 0x21, 0x10,
    0x01, 0x26, 0x89, 0x01, 0xA4, 0xE1, 0x01, 0x41, 0xF2, 0x01, 0x01, 0xFC,
    0x01, 0x80, 0xF4, 0x01, 0x61, 0xF5, 0x01, 0xC2, 0xFE, 0x01, 0x21, 0xFF,
    0x01, 0x00, 0xFF, 0x01, 0xE1, 0xFE, 0x01, 0xE0, 0xFE, 0x01, 0xC1, 0xFE,
    0x01, 0xA1, 0xEB, 0x01, 0x01, 0xF2, 0x01, 0x41, 0xFA, 0x01, 0x43, 0xF2,
    0x01, 0x24, 0xC1, 0x01, 0x65, 0x98, 0x01, 0xC5, 0x70, 0x01, 0x61, 0x28,
    0x01, 0x00, 0x00, 0x01, 0x00, 0x08, 0x01, 0x05, 0x79, 0x01, 0x04, 0xEA,
    0x01, 0xE3, 0xE1, 0x01, 0x05, 0x81, 0x01, 0x20, 0x10, 0x01, 0x00, 0x00,
    0x01, 0x00, 0x10, 0x01, 0xE4, 0x80, 0x01, 0xA3, 0xF2, 0x01, 0x43, 0xFB,
    0x01, 0x85, 0xA1, 0x01, 0x21, 0x20, 0x01, 0x20, 0x00, 0x01, 0x40, 0x00,
    0x02, 0x20, 0x00, 0x28, 0x00, 0x00, 0x02, 0x24, 0x21, 0x23, 0x00, 0x00,
    0x01, 0x20, 0x08, 0x03, 0x00, 0x00, 0x01, 0x41, 0x20, 0x01, 0x46, 0xA9,
    0x01, 0x83, 0xF1, 0x01, 0xE1, 0xF2, 0x01, 0x41, 0xFD, 0x01, 0x42, 0xFE,
    0x01, 0xE2, 0xFE, 0x04, 0x01, 0xFF, 0x01, 0x00, 0xFF, 0x01, 0x42, 0xFE,
    0x01, 0xA1, 0xEA, 0x01, 0xE1, 0xF9, 0x01, 0x42, 0xFA, 0x01, 0x64, 0xC9,
    0x01, 0x85, 0x90, 0x01, 0xC4, 0x68, 0x01, 0x41, 0x18, 0x02, 0x00, 0x00,
    0x01, 0x21, 0x20, 0x01, 0x84, 0xA1, 0x01, 0xE3, 0xFA, 0x01, 0xC3, 0xC9,
    0x01, 0x83, 0x48, 0x03, 0x00, 0x00, 0x01, 0xC3, 0x70, 0x01, 0x84, 0xF2,
    0x01, 0xA3, 0xF2, 0x01, 0xC3, 0x78, 0x01, 0x00, 0x10, 0x04, 0x20, 0x00,
    0x28, 0x00, 0x00, 0x02, 0x24, 0x21, 0x27, 0x00, 0x00, 0x01, 0x42, 0x30,
    0x01, 0x66, 0xB9, 0x01, 0x03, 0xFA, 0x01, 0xA1, 0xF3, 0x01, 0x62, 0xFE,
    0x01, 0xE2, 0xFE, 0x01, 0xC1, 0xFE, 0x01, 0x01, 0xFF, 0x02, 0x21, 0xFF,
    0x02, 0x01, 0xFF, 0x01, 0xA2, 0xF5, 0x01, 0x41, 0xEA, 0x01, 0x01, 0xFA,
    0x01, 0xC3, 0xE9, 0x01, 0xA4, 0xA0, 0x01, 0xC5, 0x70, 0x01, 0x61, 0x20,
    0x01, 0x00, 0x00, 0x01, 0x20, 0x00, 0x01, 0x00, 0x00, 0x01, 0x00, 0x20,
    0x01, 0xC4, 0xB1, 0x01, 0xC5, 0xEA, 0x01, 0x03, 0x79, 0x01, 0x00, 0x10,
    0x01, 0x00, 0x00, 0x01, 0x20, 0x00, 0x01, 0x00, 0x00, 0x01, 0x41, 0x38,
    0x01, 0xC4, 0xC9, 0x01, 0x44, 0xEA, 0x01, 0xE4, 0x78, 0x01, 0x21, 0x18,
    0x01, 0x00, 0x00, 0x02, 0x20, 0x00, 0x27, 0x00, 0x00, 0x01, 0x20, 0x00,
    0x01, 0x00, 0x00, 0x01, 0x24, 0x21, 0x01, 0x44, 0x21, 0x24, 0x00, 0x00,
    0x02, 0x20, 0x00, 0x01, 0x00, 0x00, 0x01, 0x62, 0x38, 0x01, 0x86, 0xC1,
    0x01, 0x03, 0xFA, 0x01, 0x42, 0xF4, 0x01, 0xC2, 0xFE, 0x01, 0xC1, 0xFE,
    0x01, 0xE1, 0xFE, 0x01, 0x01, 0xFF, 0x02, 0x21, 0xFF, 0x02, 0x01, 0xFF,
    0x01, 0x82, 0xF5, 0x01, 0x21, 0xEA, 0x01, 0x02, 0xFA, 0x01, 0x04, 0xC1,
    0x01, 0xA5, 0x78, 0x01, 0xA3, 0x38, 0x02, 0x00, 0x00, 0x02, 0x20, 0x00,
    0x01, 0x41, 0x18, 0x01, 0x66, 0x91, 0x01, 0x45, 0x91, 0x01, 0x20, 0x20,
    0x01, 0x00, 0x00, 0x02, 0x20, 0x00, 0x01, 0x00, 0x00, 0x01, 0x00, 0x08,
    0x01, 0xE4, 0x70, 0x01, 0x46, 0xA9, 0x01, 0xE5, 0x68, 0x01, 0x20, 0x18,
    0x01, 0x00, 0x00, 0x01, 0x20, 0x00, 0x06, 0x00, 0x00, 0x02, 0x20, 0x00,
    0x22, 0x00, 0x00, 0x01, 0x24, 0x21, 0x01, 0x44, 0x21, 0x23, 0x00, 0x00,
    0x03, 0x20, 0x00, 0x01, 0x00, 0x00, 0x01, 0xE4, 0x58, 0x01, 0xA7, 0xD1,
    0x01, 0x03, 0xF2, 0x01, 0x02, 0xF5, 0x01, 0xE2, 0xFE, 0x01, 0xC1, 0xFE,
    0x01, 0xE1, 0xFE, 0x01, 0x01, 0xFF, 0x03, 0x21, 0xFF, 0x01, 0x00, 0xFF,
    0x01, 0xA2, 0xF5, 0x01, 0x41, 0xEA, 0x01, 0xC4, 0xE9, 0x01, 0x84, 0x98,
    0x01, 0xC4, 0x58, 0x01, 0x20, 0x08, 0x01, 0x00, 0x00, 0x03, 0x20, 0x00,
    0x01, 0x00, 0x00, 0x01, 0x82, 0x38, 0x01, 0x62, 0x30, 0x01, 0x00, 0x00,
    0x04, 0x20, 0x00, 0x01, 0x00, 0x00, 0x01, 0x21, 0x18, 0x02, 0xE5, 0x68,
    0x01, 0x21, 0x18, 0x2C, 0x00, 0x00, 0x01, 0x04, 0x21, 0x01, 0x44, 0x21,
    0x23, 0x00, 0x00, 0x02, 0x20, 0x00, 0x02, 0x00, 0x00, 0x01, 0xC4, 0x58,
    0x01, 0x87, 0xD1, 0x01, 0x03, 0xF2, 0x01, 0x02, 0xF5, 0x01, 0xE2, 0xFE,
    0x01, 0xC1, 0xFE, 0x01, 0xE1, 0xFE, 0x01, 0x01, 0xFF, 0x01, 0x21, 0xFF,
    0x01, 0x41, 0xFF, 0x01, 0x21, 0xFF, 0x01, 0x20, 0xFF, 0x01, 0xE2, 0xF5,
    0x01, 0x81, 0xEA, 0x01, 0x44, 0xD1, 0x01, 0x65, 0x80, 0x01, 0x82, 0x38,
    0x03, 0x00, 0x00, 0x0A, 0x20, 0x00, 0x02, 0x00, 0x00, 0x01, 0x41, 0x18,
    0x01, 0xA3, 0x38, 0x01, 0x41, 0x18, 0x06, 0x00, 0x00, 0x01, 0x20, 0x00,
    0x25, 0x00, 0x00, 0x01, 0x04, 0x21, 0x01, 0x44, 0x21, 0x24, 0x00, 0x00,
    0x02, 0x20, 0x00, 0x01, 0x00, 0x00, 0x01, 0xA3, 0x50, 0x01, 0x67, 0xC9,
    0x01, 0xC3, 0xF1, 0x01, 0xE2, 0xF4, 0x01, 0xE2, 0xFE, 0x02, 0xC1, 0xFE,
    0x01, 0x21, 0xFF, 0x01, 0x41, 0xFF, 0x03, 0x21, 0xFF, 0x01, 0x42, 0xFE,
    0x01, 0xC2, 0xF2, 0x01, 0x24, 0xC9, 0x01, 0x85, 0x78, 0x01, 0x41, 0x20,
    0x01, 0x00, 0x00, 0x01, 0x20, 0x00, 0x01, 0x00, 0x00, 0x0A, 0x20, 0x00,
    0x09, 0x00, 0x00, 0x01, 0x00, 0x08, 0x01, 0x20, 0x10, 0x26, 0x00, 0x00,
    0x01, 0x04, 0x21, 0x01, 0x44, 0x21, 0x24, 0x00, 0x00, 0x02, 0x20, 0x00,
    0x01, 0x00, 0x00, 0x01, 0x83, 0x48, 0x01, 0x26, 0xC9, 0x01, 0x43, 0xF1,
    0x01, 0xA2, 0xEB, 0x01, 0xC2, 0xFE, 0x02, 0xC1, 0xFE, 0x01, 0x02, 0xF6,
    0x01, 0x42, 0xFE, 0x01, 0x22, 0xFF, 0x01, 0x42, 0xFF, 0x01, 0x21, 0xFF,
    0x01, 0xA2, 0xFE, 0x01, 0x42, 0xF3, 0x01, 0x24, 0xC9, 0x01, 0xA5, 0x78,
    0x01, 0x41, 0x28, 0x01, 0x00, 0x00, 0x05, 0x20, 0x00, 0x05, 0x00, 0x00,
    0x05, 0x20, 0x00, 0x05, 0x00, 0x00, 0x01, 0x20, 0x10, 0x01, 0xE5, 0x91,
    0x01, 0x45, 0xBA, 0x01, 0xE2, 0x58, 0x25, 0x00, 0x00, 0x01, 0x04, 0x21,
    0x01, 0x44, 0x21, 0x24, 0x00, 0x00, 0x02, 0x20, 0x00, 0x01, 0x00, 0x00,
    0x01, 0x62, 0x30, 0x01, 0x46, 0xB9, 0x01, 0x45, 0xF1, 0x01, 0x02, 0xEA,
    0x01, 0xC3, 0xFD, 0x01, 0xE1, 0xFE, 0x01, 0xC2, 0xFE, 0x01, 0xE1, 0xEB,
    0x01, 0xA1, 0xEA, 0x01, 0x01, 0xF4, 0x01, 0x82, 0xF5, 0x01, 0xC2, 0xFE,
    0x01, 0x02, 0xFF, 0x01, 0x02, 0xF4, 0x01, 0x44, 0xD1, 0x01, 0xC5, 0x78,
    0x01, 0x41, 0x20, 0x01, 0x00, 0x00, 0x04, 0x20, 0x00, 0x09, 0x00, 0x00,
    0x02, 0x20, 0x00, 0x05, 0x00, 0x00, 0x01, 0x20, 0x10, 0x01, 0xC4, 0xA1,
    0x01, 0x23, 0xFB, 0x01, 0xA4, 0xE2, 0x01, 0x03, 0x59, 0x24, 0x00, 0x00,
    0x02, 0x24, 0x21, 0x27, 0x00, 0x00, 0x01, 0x61, 0x18, 0x01, 0x26, 0xA1,
    0x01, 0x45, 0xF1, 0x01, 0x23, 0xE9, 0x01, 0xC2, 0xEB, 0x01, 0xC2, 0xFE,
    0x01, 0x82, 0xFE, 0x01, 0x41, 0xF3, 0x01, 0xE2, 0xF9, 0x01, 0x02, 0xFA,
    0x01, 0x41, 0xF2, 0x01, 0xA1, 0xEB, 0x01, 0x63, 0xFE, 0x01, 0x23, 0xF5,
    0x01, 0x83, 0xD9, 0x01, 0x06, 0x99, 0x01, 0x82, 0x38, 0x16, 0x00, 0x00,
    0x01, 0x43, 0x79, 0x01, 0xE3, 0xF2, 0x01, 0x02, 0xFB, 0x01, 0x44, 0xC2,
    0x01, 0x41, 0x20, 0x23, 0x00, 0x00, 0x02, 0x24, 0x21, 0x28, 0x00, 0x00,
    0x01, 0xC4, 0x68, 0x01, 0x66, 0xE1, 0x01, 0x24, 0xF1, 0x01, 0xE2, 0xE9,
    0x01, 0xC2, 0xFD, 0x01, 0x22, 0xFE, 0x01, 0x61, 0xEA, 0x01, 0x23, 0xE9,
    0x01, 0x44, 0xE9, 0x01, 0x83, 0xF1, 0x01, 0x22, 0xF2, 0x01, 0xC1, 0xF3,
    0x01, 0x23, 0xFD, 0x01, 0x02, 0xDA, 0x01, 0xC5, 0xA8, 0x01, 0xE4, 0x50,
    0x0E, 0x00, 0x00, 0x02, 0x20, 0x00, 0x06, 0x00, 0x00, 0x01, 0xC2, 0x50,
    0x01, 0x63, 0xDA, 0x01, 0x01, 0xFB, 0x01, 0xA3, 0xE2, 0x01, 0x82, 0x38,
    0x23, 0x00, 0x00, 0x01, 0x04, 0x21, 0x01, 0x24, 0x21, 0x28, 0x00, 0x00,
    0x01, 0xA3, 0x40, 0x01, 0x66, 0xD1, 0x01, 0x25, 0xF1, 0x01, 0x23, 0xE9,
    0x01, 0x02, 0xF4, 0x01, 0xC2, 0xFD, 0x01, 0x42, 0xEA, 0x01, 0xC4, 0xE8,
    0x01, 0xE5, 0xE8, 0x01, 0xE4, 0xE8, 0x01, 0x43, 0xE9, 0x01, 0x42, 0xF2,
    0x01, 0xE1, 0xFB, 0x01, 0x42, 0xF3, 0x01, 0xE3, 0xB8, 0x01, 0x26, 0x81,
    0x01, 0x82, 0x20, 0x15, 0x00, 0x00, 0x01, 0x00, 0x10, 0x01, 0xA3, 0xA1,
    0x01, 0x02, 0xFB, 0x01, 0x83, 0xE2, 0x01, 0x82, 0x30, 0x23, 0x00, 0x00,
    0x01, 0x04, 0x21, 0x01, 0x24, 0x21, 0x28, 0x00, 0x00, 0x01, 0x61, 0x20,
    0x01, 0x67, 0xB1, 0x01, 0x05, 0xE9, 0x01, 0xE4, 0xE8, 0x01, 0xE2, 0xE1,
    0x01, 0xE3, 0xFC, 0x01, 0x02, 0xF3, 0x01, 0xE4, 0xE8, 0x01, 0x05, 0xE9,
    0x02, 0xE4, 0xE8, 0x01, 0x23, 0xE9, 0x01, 0x81, 0xF2, 0x01, 0xE2, 0xFB,
    0x01, 0x22, 0xE2, 0x01, 0xE4, 0xA0, 0x01, 0x04, 0x51, 0x14, 0x00, 0x00,
    0x01, 0x20, 0x00, 0x01, 0x00, 0x00, 0x01, 0x81, 0x38, 0x01, 0x84, 0xDA,
    0x01, 0x83, 0xE2, 0x01, 0x81, 0x30, 0x21, 0x00, 0x00, 0x01, 0x20, 0x00,
    0x01, 0x00, 0x00, 0x01, 0x03, 0x19, 0x01, 0x44, 0x21, 0x29, 0x00, 0x00,
    0x01, 0xC4, 0x60, 0x01, 0x26, 0xD9, 0x01, 0x05, 0xE9, 0x01, 0x04, 0xE1,
    0x01, 0x03, 0xF3, 0x01, 0xC4, 0xFB, 0x01, 0x03, 0xE9, 0x01, 0xE5, 0xE8,
    0x02, 0xE4, 0xE8, 0x01, 0xC4, 0xE8, 0x01, 0x22, 0xE9, 0x01, 0xC1, 0xFA,
    0x01, 0x82, 0xFB, 0x01, 0x83, 0xD1, 0x01, 0xE4, 0x88, 0x01, 0x82, 0x30,
    0x06, 0x00, 0x00, 0x01, 0x62, 0x28, 0x01, 0xA3, 0x40, 0x01, 0x20, 0x18,
    0x0A, 0x00, 0x00, 0x01, 0x20, 0x00, 0x01, 0x00, 0x00, 0x01, 0x00, 0x08,
    0x01, 0x43, 0x81, 0x01, 0x45, 0xD2, 0x01, 0x81, 0x30, 0x23, 0x00, 0x00,
    0x01, 0x03, 0x19, 0x01, 0x44, 0x21, 0x29, 0x00, 0x00, 0x01, 0x41, 0x20,
    0x01, 0x06, 0x99, 0x01, 0x05, 0xE1, 0x01, 0x05, 0xE9, 0x01, 0x24, 0xE1,
    0x01, 0xA4, 0xF2, 0x01, 0x84, 0xE9, 0x01, 0xC5, 0xE8, 0x01, 0xE5, 0xE8,
    0x01, 0xC5, 0xE0, 0x01, 0xE4, 0xE8, 0x01, 0xC3, 0xE8, 0x01, 0x22, 0xE9,
    0x01, 0xA2, 0xF2, 0x01, 0x03, 0xFB, 0x01, 0x63, 0xC9, 0x01, 0x05, 0x89,
    0x01, 0x82, 0x28, 0x05, 0x00, 0x00, 0x01, 0x83, 0x40, 0x01, 0x06, 0x91,
    0x01, 0x06, 0x99, 0x01, 0x82, 0x50, 0x01, 0x00, 0x10, 0x09, 0x00, 0x00,
    0x01, 0x20, 0x00, 0x01, 0x00, 0x00, 0x01, 0x41, 0x28, 0x01, 0x24, 0x61,
    0x01, 0x20, 0x10, 0x23, 0x00, 0x00, 0x01, 0x03, 0x19, 0x01, 0x44, 0x21,
    0x2A, 0x00, 0x00, 0x01, 0xA3, 0x48, 0x01, 0x06, 0xB9, 0x02, 0x05, 0xE9,
    0x01, 0xE4, 0xE0, 0x02, 0x05, 0xE9, 0x01, 0x85, 0xB8, 0x01, 0x65, 0xA0,
    0x01, 0xC6, 0xC8, 0x01, 0xE5, 0xE0, 0x01, 0xC4, 0xE8, 0x01, 0xE2, 0xE8,
    0x01, 0xC2, 0xF1, 0x01, 0xE3, 0xF1, 0x01, 0x24, 0xD1, 0x01, 0x26, 0x91,
    0x01, 0xA3, 0x38, 0x05, 0x00, 0x00, 0x01, 0x62, 0x48, 0x01, 0xA5, 0xA0,
    0x01, 0x06, 0xC1, 0x01, 0xE5, 0x90, 0x01, 0x41, 0x30, 0x0A, 0x00, 0x00,
    0x01, 0x20, 0x00, 0x01, 0x20, 0x08, 0x24, 0x00, 0x00, 0x01, 0x03, 0x19,
    0x01, 0x44, 0x21, 0x28, 0x00, 0x00, 0x01, 0x20, 0x00, 0x01, 0x00, 0x00,
    0x01, 0x00, 0x08, 0x01, 0xE4, 0x70, 0x01, 0x26, 0xD1, 0x03, 0xE5, 0xE8,
    0x01, 0xE5, 0xE0, 0x01, 0xC5, 0x98, 0x01, 0x84, 0x48, 0x01, 0x84, 0x68,
    0x01, 0xA5, 0xA0, 0x01, 0xC5, 0xC8, 0x01, 0xE5, 0xE0, 0x01, 0xC3, 0xE8,
    0x01, 0xE2, 0xE8, 0x01, 0x03, 0xE9, 0x01, 0x04, 0xE1, 0x01, 0x05, 0xB1,
    0x01, 0xA4, 0x68, 0x01, 0x41, 0x28, 0x01, 0x00, 0x08, 0x01, 0x20, 0x10,
    0x01, 0x41, 0x20, 0x01, 0x83, 0x58, 0x01, 0x85, 0xA0, 0x01, 0xE5, 0xD8,
    0x01, 0x26, 0xE1, 0x01, 0x46, 0xA1, 0x01, 0x62, 0x30, 0x01, 0x00, 0x00,
    0x02, 0x20, 0x00, 0x2C, 0x00, 0x00, 0x01, 0x03, 0x21, 0x01, 0x44, 0x21,
    0x29, 0x00, 0x00, 0x01, 0x20, 0x00, 0x01, 0x00, 0x00, 0x01, 0x41, 0x18,
    0x01, 0x26, 0x89, 0x01, 0xE6, 0xC8, 0x01, 0xE5, 0xE8, 0x01, 0xE4, 0xE0,
    0x01, 0xE5, 0xE0, 0x01, 0x26, 0xA9, 0x01, 0xC3, 0x38, 0x01, 0x00, 0x08,
    0x01, 0x83, 0x38, 0x01, 0x84, 0x60, 0x01, 0xA5, 0x90, 0x01, 0xC5, 0xC0,
    0x01, 0xE5, 0xE0, 0x01, 0xE4, 0xE8, 0x01, 0xE3, 0xE8, 0x01, 0xE4, 0xE0,
    0x01, 0xE5, 0xD0, 0x01, 0x05, 0xB1, 0x01, 0xA4, 0x80, 0x01, 0xC5, 0x88,
    0x01, 0xE5, 0xA0, 0x01, 0xE6, 0xC0, 0x01, 0xE6, 0xD8, 0x02, 0x05, 0xE9,
    0x01, 0x25, 0xD9, 0x01, 0x05, 0x89, 0x01, 0x20, 0x18, 0x2E, 0x00, 0x00,
    0x01, 0x03, 0x21, 0x01, 0x45, 0x29, 0x2A, 0x00, 0x00, 0x01, 0x20, 0x00,
    0x01, 0x00, 0x00, 0x01, 0x20, 0x10, 0x01, 0xE5, 0x70, 0x01, 0x06, 0xB9,
    0x01, 0xE5, 0xD8, 0x01, 0xE5, 0xE0, 0x01, 0x06, 0xC9, 0x01, 0xE5, 0x68,
    0x02, 0x00, 0x00, 0x01, 0x41, 0x10, 0x01, 0x82, 0x30, 0x01, 0xC5, 0x60,
    0x01, 0xC5, 0x90, 0x01, 0xC5, 0xC0, 0x01, 0xE5, 0xE0, 0x02, 0xC3, 0xE8,
    0x01, 0xE4, 0xE0, 0x01, 0xE5, 0xE0, 0x01, 0xC5, 0xE0, 0x01, 0xE5, 0xE0,
    0x02, 0xE5, 0xE8, 0x03, 0x05, 0xE9, 0x01, 0x25, 0xB9, 0x01, 0x83, 0x48,
    0x2E, 0x00, 0x00, 0x01, 0x04, 0x21, 0x01, 0x45, 0x29, 0x2D, 0x00, 0x00,
    0x01, 0x00, 0x08, 0x01, 0xA3, 0x48, 0x01, 0x47, 0xA9, 0x01, 0xE6, 0xD0,
    0x01, 0xE6, 0xD8, 0x01, 0x06, 0xA9, 0x01, 0x82, 0x38, 0x03, 0x00, 0x00,
    0x01, 0x20, 0x08, 0x01, 0x62, 0x28, 0x01, 0xC4, 0x58, 0x01, 0xC5, 0x98,
    0x01, 0xE5, 0xD0, 0x01, 0xE4, 0xE0, 0x01, 0xC4, 0xE0, 0x01, 0xE4, 0xE8,
    0x01, 0xE4, 0xE0, 0x01, 0xC4, 0xE0, 0x02, 0xE5, 0xE8, 0x02, 0x05, 0xE9,
    0x01, 0xE5, 0xE8, 0x01, 0x06, 0xD9, 0x01, 0xE4, 0x80, 0x01, 0x00, 0x10,
    0x2D, 0x00, 0x00, 0x01, 0x04, 0x21, 0x01, 0x44, 0x21, 0x2F, 0x00, 0x00,
    0x01, 0x62, 0x30, 0x01, 0x06, 0x79, 0x01, 0x06, 0xB1, 0x01, 0x07, 0xD1,
    0x01, 0x26, 0x99, 0x01, 0x61, 0x20, 0x04, 0x00, 0x00, 0x01, 0x20, 0x08,
    0x01, 0x42, 0x28, 0x01, 0xC5, 0x80, 0x01, 0xE6, 0xC8, 0x01, 0xE5, 0xE0,
    0x03, 0x24, 0xE9, 0x01, 0xE4, 0xE0, 0x01, 0xE5, 0xE0, 0x03, 0xE5, 0xE8,
    0x01, 0xE5, 0xE0, 0x01, 0x25, 0x99, 0x01, 0x61, 0x20, 0x2D, 0x00, 0x00,
    0x01, 0x04, 0x21, 0x01, 0x44, 0x21, 0x30, 0x00, 0x00, 0x01, 0x41, 0x18,
    0x01, 0xA2, 0x38, 0x01, 0x84, 0x68, 0x01, 0xE7, 0x98, 0x01, 0xE6, 0x80,
    0x01, 0x21, 0x20, 0x05, 0x00, 0x00, 0x01, 0x21, 0x18, 0x01, 0xC5, 0x78,
    0x01, 0xE6, 0xD0, 0x01, 0xE5, 0xE0, 0x01, 0x04, 0xE9, 0x01, 0x44, 0xE9,
    0x01, 0x84, 0xE9, 0x01, 0x04, 0xE1, 0x01, 0xE4, 0xE0, 0x01, 0x44, 0xE1,
    0x01, 0xE4, 0xE0, 0x01, 0xE5, 0xE0, 0x01, 0x05, 0xA1, 0x01, 0x62, 0x30,
    0x2D, 0x00, 0x00, 0x01, 0x04, 0x21, 0x01, 0x45, 0x21, 0x33, 0x00, 0x00,
    0x01, 0x42, 0x28, 0x01, 0xC6, 0x70, 0x01, 0x07, 0x79, 0x01, 0x62, 0x28,
    0x05, 0x00, 0x00, 0x01, 0x62, 0x28, 0x01, 0xE6, 0x98, 0x01, 0xE6, 0xD8,
    0x01, 0xE5, 0xE8, 0x01, 0x03, 0xE1, 0x01, 0x84, 0xF3, 0x01, 0xC3, 0xEB,
    0x01, 0xA1, 0xDA, 0x01, 0x84, 0xF4, 0x01, 0xE3, 0xE1, 0x01, 0xE5, 0xD8,
    0x01, 0x26, 0xA9, 0x01, 0x82, 0x40, 0x2D, 0x00, 0x00, 0x01, 0x04, 0x19,
    0x01, 0x45, 0x29, 0x34, 0x00, 0x00, 0x01, 0x20, 0x10, 0x01, 0x63, 0x38,
    0x01, 0x62, 0x20, 0x06, 0x00, 0x00, 0x01, 0x83, 0x50, 0x01, 0xE6, 0xB8,
    0x01, 0xE5, 0xE0, 0x01, 0xC4, 0xE0, 0x01, 0xE3, 0xEA, 0x01, 0x03, 0xFE,
    0x02, 0x42, 0xFE, 0x01, 0xE2, 0xEA, 0x01, 0xE5, 0xD8, 0x01, 0x47, 0xB1,
    0x01, 0xA3, 0x50, 0x2D, 0x00, 0x00, 0x01, 0x04, 0x21, 0x01, 0x44, 0x21,
    0x3D, 0x00, 0x00, 0x01, 0x41, 0x20, 0x01, 0xE5, 0x90, 0x01, 0xE6, 0xD8,
    0x01, 0xC5, 0xE0, 0x01, 0x42, 0xE1, 0x01, 0xE2, 0xFC, 0x01, 0x61, 0xFE,
    0x01, 0x41, 0xFE, 0x01, 0x62, 0xEB, 0x01, 0x05, 0xD9, 0x01, 0x26, 0xB9,
    0x01, 0x83, 0x58, 0x2D, 0x00, 0x00, 0x01, 0x04, 0x21, 0x01, 0x45, 0x21,
    0x3E, 0x00, 0x00, 0x01, 0xC4, 0x58, 0x01, 0xE6, 0xC8, 0x01, 0xE5, 0xE0,
    0x01, 0xC3, 0xD8, 0x01, 0xC2, 0xF3, 0x01, 0x61, 0xFE, 0x01, 0x42, 0xFE,
    0x01, 0x82, 0xF3, 0x01, 0x04, 0xD9, 0x01, 0x26, 0xB9, 0x01, 0x83, 0x50,
    0x2D, 0x00, 0x00, 0x01, 0x04, 0x21, 0x01, 0x45, 0x21, 0x3E, 0x00, 0x00,
    0x01, 0x82, 0x40, 0x01, 0x06, 0xB1, 0x01, 0xE6, 0xE0, 0x01, 0xA4, 0xD8,
    0x01, 0x02, 0xEB, 0x01, 0x42, 0xFE, 0x01, 0x22, 0xFE, 0x01, 0x02, 0xEB,
    0x01, 0xE4, 0xE0, 0x01, 0x46, 0xB9, 0x01, 0xA3, 0x48, 0x2D, 0x00, 0x00,
    0x01, 0x04, 0x21, 0x01, 0x45, 0x21, 0x3E, 0x00, 0x00, 0x01, 0x41, 0x28,
    0x01, 0xE5, 0x98, 0x01, 0x06, 0xE1, 0x01, 0xC4, 0xE0, 0x01, 0xC3, 0xE2,
    0x01, 0x43, 0xFE, 0x01, 0x42, 0xFD, 0x01, 0x22, 0xEA, 0x01, 0xE5, 0xD8,
    0x01, 0x05, 0x99, 0x01, 0x61, 0x28, 0x2D, 0x00, 0x00, 0x01, 0x24, 0x21,
    0x01, 0x45, 0x21, 0x3E, 0x00, 0x00, 0x01, 0x62, 0x38, 0x01, 0xE6, 0xA0,
    0x01, 0xE5, 0xE0, 0x01, 0xA4, 0xE0, 0x01, 0x63, 0xE2, 0x01, 0x63, 0xFD,
    0x01, 0x82, 0xF3, 0x01, 0x23, 0xE1, 0x01, 0xE5, 0xC8, 0x01, 0xE4, 0x78,
    0x01, 0x20, 0x10, 0x2D, 0x00, 0x00, 0x01, 0x03, 0x19, 0x01, 0x45, 0x29,
    0x3E, 0x00, 0x00, 0x01, 0x62, 0x38, 0x01, 0xE6, 0xA0, 0x01, 0xE5, 0xE0,
    0x01, 0xC5, 0xE0, 0x01, 0x24, 0xEA, 0x01, 0x24, 0xFC, 0x01, 0x03, 0xEA,
    0x01, 0xC4, 0xE0, 0x01, 0x05, 0xB9, 0x01, 0xA3, 0x50, 0x2E, 0x00, 0x00,
    0x01, 0x03, 0x19, 0x01, 0x45, 0x29, 0x3E, 0x00, 0x00, 0x01, 0x62, 0x38,
    0x01, 0xC6, 0xA0, 0x02, 0xC5, 0xE0, 0x01, 0x24, 0xE1, 0x01, 0x84, 0xE1,
    0x01, 0xE4, 0xE0, 0x01, 0xC5, 0xD8, 0x01, 0x05, 0x91, 0x01, 0x41, 0x20,
    0x2E, 0x00, 0x00, 0x01, 0x03, 0x21, 0x01, 0x44, 0x21, 0x3C, 0x00, 0x00,
    0x01, 0x20, 0x00, 0x01, 0x00, 0x00, 0x01, 0x62, 0x38, 0x01, 0xC6, 0xA0,
    0x03, 0xC5, 0xE0, 0x01, 0xA4, 0xE0, 0x01, 0xC5, 0xE0, 0x01, 0xE5, 0xB8,
    0x01, 0x83, 0x48, 0x2F, 0x00, 0x00, 0x01, 0x04, 0x21, 0x01, 0x44, 0x21,
    0x3C, 0x00, 0x00, 0x01, 0x20, 0x00, 0x01, 0x00, 0x00, 0x01, 0x62, 0x38,
    0x01, 0x06, 0xA9, 0x03, 0xC5, 0xE0, 0x01, 0xE5, 0xE0, 0x01, 0x06, 0xC9,
    0x01, 0xC4, 0x70, 0x01, 0x00, 0x08, 0x2F, 0x00, 0x00, 0x01, 0x04, 0x21,
    0x01, 0x44, 0x21, 0x3E, 0x00, 0x00, 0x01, 0x83, 0x48, 0x01, 0xE6, 0xB8,
    0x01, 0xE5, 0xE0, 0x02, 0xC5, 0xE0, 0x01, 0xE6, 0xD0, 0x01, 0xC4, 0x78,
    0x01, 0x21, 0x18, 0x30, 0x00, 0x00, 0x01, 0x24, 0x21, 0x01, 0x44, 0x21,
    0x3E, 0x00, 0x00, 0x01, 0xA4, 0x58, 0x01, 0xE6, 0xC8, 0x02, 0xE5, 0xE0,
    0x01, 0x06, 0xD1, 0x01, 0x05, 0x81, 0x01, 0x41, 0x18, 0x31, 0x00, 0x00,
    0x01, 0x24, 0x21, 0x01, 0x44, 0x21, 0x3D, 0x00, 0x00, 0x01, 0x20, 0x10,
    0x01, 0xE5, 0x80, 0x01, 0xE6, 0xD0, 0x01, 0xC5, 0xE0, 0x01, 0xE6, 0xC8,
    0x01, 0xE4, 0x78, 0x01, 0x61, 0x20, 0x32, 0x00, 0x00, 0x01, 0x24, 0x21,
    0x01, 0x45, 0x29, 0x39, 0x00, 0x00, 0x01, 0x00, 0x08, 0x01, 0xA3, 0x40,
    0x01, 0x62, 0x28, 0x01, 0x00, 0x00, 0x01, 0x41, 0x20, 0x01, 0xC5, 0x98,
    0x01, 0x06, 0xE1, 0x01, 0xE5, 0xD0, 0x01, 0xE5, 0x80, 0x01, 0x41, 0x18,
    0x33, 0x00, 0x00, 0x01, 0x24, 0x21, 0x01, 0x45, 0x29, 0x38, 0x00, 0x00,
    0x01, 0x21, 0x20, 0x01, 0xC5, 0x80, 0x01, 0x07, 0x99, 0x01, 0x62, 0x38,
    0x01, 0x00, 0x00, 0x01, 0x82, 0x38, 0x01, 0x07, 0xB9, 0x01, 0x06, 0xD1,
    0x01, 0xC4, 0x80, 0x01, 0x41, 0x20, 0x34, 0x00, 0x00, 0x01, 0x24, 0x21,
    0x01, 0x45, 0x21, 0x37, 0x00, 0x00, 0x01, 0x62, 0x30, 0x01, 0xE6, 0x98,
    0x01, 0xC6, 0xC8, 0x01, 0xE5, 0x90, 0x01, 0x20, 0x10, 0x01, 0x00, 0x00,
    0x01, 0xC4, 0x60, 0x01, 0x27, 0xB1, 0x01, 0x83, 0x70, 0x01, 0x00, 0x10,
    0x35, 0x00, 0x00, 0x01, 0x24, 0x21, 0x01, 0x44, 0x21, 0x33, 0x00, 0x00,
    0x02, 0x20, 0x00, 0x01, 0x00, 0x00, 0x01, 0x62, 0x30, 0x01, 0x06, 0x99,
    0x01, 0xC6, 0xC0, 0x01, 0xC6, 0xB8, 0x01, 0x82, 0x58, 0x02, 0x00, 0x08,
    0x01, 0xE4, 0x60, 0x01, 0xA3, 0x50, 0x01, 0x00, 0x08, 0x36, 0x00, 0x00,
    0x01, 0x24, 0x21, 0x01, 0x44, 0x21, 0x35, 0x00, 0x00, 0x01, 0x00, 0x08,
    0x01, 0xC5, 0x70, 0x01, 0xC6, 0xB8, 0x01, 0xA5, 0xC8, 0x01, 0xC5, 0xB0,
    0x01, 0x62, 0x38, 0x01, 0x00, 0x00, 0x01, 0x00, 0x08, 0x01, 0x20, 0x08,
    0x38, 0x00, 0x00, 0x01, 0x24, 0x21, 0x01, 0x44, 0x21, 0x35, 0x00, 0x00,
    0x01, 0x20, 0x18, 0x01, 0xC5, 0x88, 0x02, 0xA5, 0xC0, 0x01, 0xC5, 0x88,
    0x01, 0x20, 0x20, 0x01, 0x00, 0x00, 0x01, 0x20, 0x00, 0x01, 0x00, 0x00,
    0x01, 0x20, 0x00, 0x37, 0x00, 0x00, 0x01, 0x24, 0x21, 0x01, 0x45, 0x29,
    0x33, 0x00, 0x00, 0x01, 0x20, 0x00, 0x01, 0x00, 0x00, 0x01, 0x82, 0x38,
    0x01, 0x06, 0x99, 0x01, 0xA5, 0xC0, 0x01, 0xC5, 0xB8, 0x01, 0xA3, 0x58,
    0x01, 0x00, 0x08, 0x01, 0x00, 0x00, 0x01, 0x20, 0x00, 0x37, 0x00, 0x00,
    0x01, 0x20, 0x00, 0x01, 0x00, 0x00, 0x01, 0x24, 0x21, 0x01, 0x45, 0x29,
    0x35, 0x00, 0x00, 0x01, 0x42, 0x30, 0x01, 0xE5, 0x90, 0x01, 0xA5, 0xB8,
    0x01, 0xC5, 0xB0, 0x01, 0xE4, 0x58, 0x3C, 0x00, 0x00, 0x01, 0x24, 0x21,
    0x01, 0x45, 0x29, 0x35, 0x00, 0x00, 0x01, 0x41, 0x18, 0x01, 0xC5, 0x78,
    0x01, 0xA6, 0xB0, 0x01, 0xA5, 0xA0, 0x01, 0x61, 0x38, 0x3C, 0x00, 0x00,
    0x01, 0x24, 0x21, 0x01, 0x45, 0x29, 0x36, 0x00, 0x00, 0x01, 0xA3, 0x48,
    0x01, 0xC6, 0xA0, 0x01, 0xC5, 0xA8, 0x01, 0x62, 0x40, 0x3C, 0x00, 0x00,
    0x01, 0x24, 0x21, 0x01, 0x45, 0x29, 0x36, 0x00, 0x00, 0x01, 0x00, 0x08,
    0x01, 0xA4, 0x60, 0x01, 0xC6, 0xA0, 0x01, 0x62, 0x48, 0x35, 0x00, 0x00,
    0x01, 0x20, 0x00, 0x06, 0x00, 0x00, 0x01, 0x24, 0x21, 0x01, 0x45, 0x29,
    0x37, 0x00, 0x00, 0x01, 0x00, 0x10, 0x01, 0xC4, 0x60, 0x01, 0xE4, 0x58,
    0x01, 0x20, 0x08, 0x39, 0x00, 0x00, 0x01, 0x20, 0x00, 0x01, 0x00, 0x00,
    0x01, 0x24, 0x21, 0x01, 0x45, 0x29, 0x38, 0x00, 0x00, 0x01, 0x21, 0x18,
    0x01, 0x41, 0x20, 0x3A, 0x00, 0x00, 0x01, 0x20, 0x00, 0x01, 0x00, 0x00,
    0x01, 0x24, 0x21, 0x01, 0x45, 0x29, 0x76, 0x00, 0x00, 0x01, 0x24, 0x21,
    0x01, 0x44, 0x21, 0x76, 0x00, 0x00, 0x02, 0x24, 0x21, 0x76, 0x00, 0x00,
    0x02, 0x24, 0x21, 0x76, 0x00, 0x00, 0x02, 0x24, 0x21, 0x76, 0x00, 0x00,
    0x02, 0x24, 0x21, 0x76, 0x00, 0x00, 0x02, 0x24, 0x21, 0x74, 0x00, 0x00,
    0x01, 0x20, 0x00, 0x01, 0x00, 0x00, 0x02, 0x24, 0x21, 0x74, 0x00, 0x00,
    0x01, 0x20, 0x00, 0x01, 0x00, 0x00, 0x02, 0x24, 0x21, 0x76, 0x00, 0x00,
    0x02, 0x24, 0x21, 0x01, 0x00, 0x00, 0x01, 0x20, 0x00, 0x05, 0x00, 0x00,
    0x01, 0x20, 0x00, 0x03, 0x00, 0x00, 0x01, 0x20, 0x00, 0x02, 0x00, 0x00,
    0x01, 0x20, 0x00, 0x0F, 0x00, 0x00, 0x01, 0x20, 0x00, 0x06, 0x00, 0x00,
    0x01, 0x20, 0x00, 0x0B, 0x00, 0x00, 0x01, 0x20, 0x00, 0x12, 0x00, 0x00,
    0x01, 0x20, 0x00, 0x0A, 0x00, 0x00, 0x01, 0x20, 0x00, 0x06, 0x00, 0x00,
    0x01, 0x20, 0x00, 0x17, 0x00, 0x00, 0x01, 0x20, 0x00, 0x04, 0x00, 0x00,
    0x02, 0x20, 0x00, 0x01, 0x00, 0x00, 0x01, 0x24, 0x21, 0x01, 0x04, 0x21,
    0x76, 0x00, 0x00, 0x01, 0x03, 0x19, 0x01, 0x28, 0x42, 0x01, 0x24, 0x21,
    0x01, 0x44, 0x21, 0x04, 0x24, 0x21, 0x02, 0x44, 0x21, 0x08, 0x24, 0x21,
    0x03, 0x44, 0x21, 0x01, 0x24, 0x21, 0x01, 0x44, 0x21, 0x60, 0x24, 0x21,
    0x01, 0x04, 0x21, 0x01, 0xE7, 0x39
};
const uint16_t sprite_frame_11_size = 9090;

const uint8_t* const sprite_data[] = {
    sprite_frame_00_rle,
    sprite_frame_01_rle,
    sprite_frame_03_rle,
    sprite_frame_05_rle,
    sprite_frame_07_rle,
    sprite_frame_09_rle,
    sprite_frame_11_rle,
};

const uint16_t sprite_sizes[] = {
    sprite_frame_00_size,
    sprite_frame_01_size,
    sprite_frame_03_size,
    sprite_frame_05_size,
    sprite_frame_07_size,
    sprite_frame_09_size,
    sprite_frame_11_size,
};

const bool sprite_upscale[] = {
    true,
    true,
    true,
    true,
    true,
    true,
    true,
};

const uint8_t NUM_SPRITES = 7;

