ISO-10303-21;
HEADER;
/* Generated by software containing ST-Developer
 * from STEP Tools, Inc. (www.steptools.com) 
 */
/* OPTION: using custom renumber hook */

FILE_DESCRIPTION(
/* description */ ('STEP AP242 Edition 2',
'CAx-IF Rec.Pracs.---Representation and Presentation of Product Manufa
cturing Information (PMI)---4.0---2014-10-13',
'CAx-IF Rec.Pracs.---3D Tessellated Geometry---0.4---2014-09-14','2;1',
'CAx-IF Rec.Pracs.---User Defined Attributes---1.5---2016-08-15'),
/* implementation_level */ '2;1');

FILE_NAME(
/* name */ '1.28- tft-eyes - frame v2',
/* time_stamp */ '2026-08-11T16:31:54Z',
/* author */ (''),
/* organization */ (''),
/* preprocessor_version */ 'ST-DEVELOPER v20',
/* originating_system */ 'ONSHAPE BY PTC INC, 1.219',
/* authorisation */ '  ');

FILE_SCHEMA (('AP242_MANAGED_MODEL_BASED_3D_ENGINEERING_MIM_LF { 1 0 10303 442 3 1 4 }'));
ENDSEC;

DATA;
#10=SHAPE_REPRESENTATION_RELATIONSHIP('','',#1665,#11);
#11=ADVANCED_BREP_SHAPE_REPRESENTATION('',(#1663),#3175);
#12=(
BOUNDED_SURFACE()
B_SPLINE_SURFACE(3,2,((#2903,#2904,#2905),(#2906,#2907,#2908),(#2909,#2910,
#2911),(#2912,#2913,#2914),(#2915,#2916,#2917),(#2918,#2919,#2920),(#2921,
#2922,#2923),(#2924,#2925,#2926),(#2927,#2928,#2929),(#2930,#2931,#2932),
(#2933,#2934,#2935),(#2936,#2937,#2938),(#2939,#2940,#2941),(#2942,#2943,
#2944),(#2945,#2946,#2947)),.UNSPECIFIED.,.F.,.F.,.F.)
B_SPLINE_SURFACE_WITH_KNOTS((4,1,1,1,1,1,1,1,1,1,1,1,4),(3,3),(0.0272684455751183,
0.033806705273046,0.0403449649709737,0.0436140948199376,0.0468832246689014,
0.0501523545178653,0.0534214843668291,0.056690614215793,0.0599597440647568,
0.0632288739137206,0.0664980037626845,0.0730362634606122,0.0795745231585399),
(0.,1.),.UNSPECIFIED.)
GEOMETRIC_REPRESENTATION_ITEM()
RATIONAL_B_SPLINE_SURFACE(((1.,0.707106781186548,1.),(1.,0.707106781186548,
1.),(1.,0.707106781186548,1.),(1.,0.707106781186548,1.),(1.,0.707106781186548,
1.),(1.,0.707106781186547,1.),(1.,0.707106781186547,1.),(1.,0.707106781186546,
1.),(1.,0.707106781186548,1.),(1.,0.707106781186548,1.),(1.,0.707106781186547,
1.),(1.,0.707106781186548,1.),(1.,0.707106781186547,1.),(1.,0.707106781186548,
1.),(1.,0.707106781186548,1.)))
REPRESENTATION_ITEM('')
SURFACE()
);
#13=(
BOUNDED_SURFACE()
B_SPLINE_SURFACE(3,2,((#2953,#2954,#2955),(#2956,#2957,#2958),(#2959,#2960,
#2961),(#2962,#2963,#2964),(#2965,#2966,#2967),(#2968,#2969,#2970),(#2971,
#2972,#2973),(#2974,#2975,#2976),(#2977,#2978,#2979),(#2980,#2981,#2982),
(#2983,#2984,#2985),(#2986,#2987,#2988),(#2989,#2990,#2991),(#2992,#2993,
#2994),(#2995,#2996,#2997),(#2998,#2999,#3000),(#3001,#3002,#3003)),
 .UNSPECIFIED.,.F.,.F.,.F.)
B_SPLINE_SURFACE_WITH_KNOTS((4,1,1,1,1,1,1,1,1,1,1,1,1,1,4),(3,3),(0.0181360886874619,
0.0246887338178437,0.0279650563830346,0.0312413789482255,0.0345177015134164,
0.0377940240786073,0.0410703466437982,0.0443466692089891,0.04762299177418,
0.0508993143393709,0.0541756369045618,0.0574519594697527,0.0607282820349436,
0.0640046046001345,0.0705572497305163),(0.,1.),.UNSPECIFIED.)
GEOMETRIC_REPRESENTATION_ITEM()
RATIONAL_B_SPLINE_SURFACE(((1.,0.707106781186547,1.),(1.,0.707106781186547,
1.),(1.,0.707106781186547,1.),(1.,0.707106781186547,1.),(1.,0.707106781186548,
1.),(1.,0.707106781186547,1.),(1.,0.707106781186549,1.),(1.,0.707106781186547,
1.),(1.,0.707106781186548,1.),(1.,0.707106781186548,1.),(1.,0.707106781186547,
1.),(1.,0.707106781186548,1.),(1.,0.707106781186548,1.),(1.,0.707106781186547,
1.),(1.,0.707106781186548,1.),(1.,0.707106781186548,1.),(1.,0.707106781186548,
1.)))
REPRESENTATION_ITEM('')
SURFACE()
);
#14=TOROIDAL_SURFACE('',#1713,0.0165,0.004);
#15=TOROIDAL_SURFACE('',#1718,0.0165,0.004);
#16=TOROIDAL_SURFACE('',#1738,0.0165,0.004);
#17=TOROIDAL_SURFACE('',#1741,0.0165,0.004);
#18=TOROIDAL_SURFACE('',#1786,0.0175,0.001);
#19=TOROIDAL_SURFACE('',#1787,0.0175,0.001);
#20=TOROIDAL_SURFACE('',#1788,0.0165,0.004);
#21=TOROIDAL_SURFACE('',#1790,0.0165,0.004);
#22=TOROIDAL_SURFACE('',#1850,0.0205,0.002);
#23=TOROIDAL_SURFACE('',#1851,0.0205,0.002);
#24=B_SPLINE_SURFACE_WITH_KNOTS('',3,1,((#2476,#2477),(#2478,#2479),(#2480,
#2481),(#2482,#2483),(#2484,#2485),(#2486,#2487),(#2488,#2489),(#2490,#2491),
(#2492,#2493),(#2494,#2495),(#2496,#2497)),.SURF_OF_LINEAR_EXTRUSION.,.F.,
 .F.,.F.,(4,1,1,1,1,1,1,1,4),(2,2),(-4.41967787168005E-10,0.124999999613284,
0.249999999668536,0.374999999723789,0.499999999779041,0.624999999834293,
0.749999999889545,0.874999999944797,1.00000000000005),(0.,1.),
 .UNSPECIFIED.);
#25=B_SPLINE_SURFACE_WITH_KNOTS('',3,1,((#2748,#2749),(#2750,#2751),(#2752,
#2753),(#2754,#2755),(#2756,#2757),(#2758,#2759),(#2760,#2761),(#2762,#2763),
(#2764,#2765),(#2766,#2767),(#2768,#2769)),.SURF_OF_LINEAR_EXTRUSION.,.F.,
 .F.,.F.,(4,1,1,1,1,1,1,1,4),(2,2),(-4.27768479710037E-10,0.124999999625705,
0.249999999679179,0.374999999732653,0.499999999786127,0.624999999839601,
0.749999999893074,0.874999999946548,1.00000000000002),(0.,1.),
 .UNSPECIFIED.);
#26=B_SPLINE_CURVE_WITH_KNOTS('',3,(#2383,#2384,#2385,#2386),
 .UNSPECIFIED.,.F.,.F.,(4,4),(0.0152960125834217,0.0169598839559058),
 .UNSPECIFIED.);
#27=B_SPLINE_CURVE_WITH_KNOTS('',3,(#2434,#2435,#2436,#2437),
 .UNSPECIFIED.,.F.,.F.,(4,4),(0.0156028566648064,0.017280950392788),
 .UNSPECIFIED.);
#28=B_SPLINE_CURVE_WITH_KNOTS('',3,(#2440,#2441,#2442,#2443),
 .UNSPECIFIED.,.F.,.F.,(4,4),(0.00988221353144514,0.0114580257708424),
 .UNSPECIFIED.);
#29=B_SPLINE_CURVE_WITH_KNOTS('',3,(#2445,#2446,#2447,#2448),
 .UNSPECIFIED.,.F.,.F.,(4,4),(1.39810129754097E-16,0.00215171694210801),
 .UNSPECIFIED.);
#30=B_SPLINE_CURVE_WITH_KNOTS('',3,(#2452,#2453,#2454,#2455),
 .UNSPECIFIED.,.F.,.F.,(4,4),(0.0098838867129225,0.0114601910921613),
 .UNSPECIFIED.);
#31=B_SPLINE_CURVE_WITH_KNOTS('',3,(#2459,#2460,#2461,#2462),
 .UNSPECIFIED.,.F.,.F.,(4,4),(0.,0.00215171694210797),.UNSPECIFIED.);
#32=B_SPLINE_CURVE_WITH_KNOTS('',3,(#2501,#2502,#2503,#2504,#2505,#2506,
#2507,#2508,#2509,#2510,#2511,#2512),.UNSPECIFIED.,.F.,.F.,(4,3,1,1,3,4),
(-20.,0.,0.382675363389485,0.617324636610513,1.,5.),.UNSPECIFIED.);
#33=B_SPLINE_CURVE_WITH_KNOTS('',3,(#2516,#2517,#2518,#2519,#2520,#2521,
#2522,#2523,#2524,#2525,#2526,#2527,#2528,#2529,#2530),.UNSPECIFIED.,.F.,
 .F.,(4,1,1,1,1,1,1,1,1,1,1,1,4),(0.,0.00640843684397771,0.0128168736879554,
0.0160210921099443,0.0192253105319331,0.022429528953922,0.0256337473759108,
0.0288379657978997,0.0320421842198886,0.0352464026418774,0.0384506210638663,
0.044859057907844,0.0512674947518217),.UNSPECIFIED.);
#34=B_SPLINE_CURVE_WITH_KNOTS('',3,(#2534,#2535,#2536,#2537,#2538,#2539,
#2540,#2541,#2542,#2543,#2544,#2545),.UNSPECIFIED.,.F.,.F.,(4,3,1,1,3,4),
(-20.,0.,0.382675363389485,0.617324636610513,1.,5.),.UNSPECIFIED.);
#35=B_SPLINE_CURVE_WITH_KNOTS('',3,(#2549,#2550,#2551,#2552,#2553,#2554,
#2555),.UNSPECIFIED.,.F.,.F.,(4,1,1,1,4),(0.00121506499819183,0.00311954190812712,
0.00502401881806241,0.0069284957279977,0.00883297263793299),
 .UNSPECIFIED.);
#36=B_SPLINE_CURVE_WITH_KNOTS('',3,(#2559,#2560,#2561,#2562),
 .UNSPECIFIED.,.F.,.F.,(4,4),(0.,0.00216204854701454),.UNSPECIFIED.);
#37=B_SPLINE_CURVE_WITH_KNOTS('',3,(#2564,#2565,#2566,#2567,#2568,#2569,
#2570,#2571,#2572,#2573,#2574,#2575),.UNSPECIFIED.,.F.,.F.,(4,3,1,1,3,4),
(-20.,0.,0.382675363389485,0.617324636610513,1.,5.),.UNSPECIFIED.);
#38=B_SPLINE_CURVE_WITH_KNOTS('',3,(#2577,#2578,#2579,#2580),
 .UNSPECIFIED.,.F.,.F.,(4,4),(0.,0.00216204854701449),.UNSPECIFIED.);
#39=B_SPLINE_CURVE_WITH_KNOTS('',3,(#2581,#2582,#2583,#2584,#2585,#2586,
#2587),.UNSPECIFIED.,.F.,.F.,(4,1,1,1,4),(0.,0.00192174966503216,0.00384349933006433,
0.00576524899509649,0.00768699866012866),.UNSPECIFIED.);
#40=B_SPLINE_CURVE_WITH_KNOTS('',3,(#2659,#2660,#2661,#2662,#2663,#2664),
 .UNSPECIFIED.,.F.,.F.,(4,1,1,4),(0.,0.00122792544847651,0.00245585089695302,
0.00491170179390605),.UNSPECIFIED.);
#41=B_SPLINE_CURVE_WITH_KNOTS('',3,(#2696,#2697,#2698,#2699),
 .UNSPECIFIED.,.F.,.F.,(4,4),(0.0152960125834217,0.0169598839559058),
 .UNSPECIFIED.);
#42=B_SPLINE_CURVE_WITH_KNOTS('',3,(#2770,#2771,#2772,#2773,#2774,#2775,
#2776,#2777,#2778,#2779,#2780),.UNSPECIFIED.,.F.,.F.,(4,1,1,1,1,1,1,1,4),
(8.05526462416911E-18,0.00106252495522384,0.00212504991044768,0.00265631238805959,
0.00318757486567151,0.00345320610447747,0.00371883734328343,0.00398446858208939,
0.00425009982089535),.UNSPECIFIED.);
#43=B_SPLINE_CURVE_WITH_KNOTS('',3,(#2781,#2782,#2783,#2784,#2785,#2786,
#2787,#2788,#2789,#2790,#2791,#2792,#2793,#2794,#2795,#2796,#2797),
 .UNSPECIFIED.,.F.,.F.,(4,1,1,1,1,1,1,1,1,1,1,1,1,1,4),(4.5102810375397E-17,
0.00637823924219223,0.00956735886328833,0.0127564784843844,0.0159455981054805,
0.0191347177265766,0.0223238373476727,0.0255129569687688,0.0287020765898649,
0.031891196210961,0.0350803158320571,0.0382694354531532,0.0414585550742493,
0.0446476746953454,0.0510259139375376),.UNSPECIFIED.);
#44=B_SPLINE_CURVE_WITH_KNOTS('',3,(#2801,#2802,#2803,#2804,#2805,#2806,
#2807,#2808,#2809,#2810,#2811),.UNSPECIFIED.,.F.,.F.,(4,1,1,1,1,1,1,1,4),
(0.,0.000268056551947198,0.000536113103894395,0.000804169655841593,0.00107222620778879,
0.00160833931168319,0.00214445241557758,0.00321667862336637,0.00428890483115516),
 .UNSPECIFIED.);
#45=B_SPLINE_CURVE_WITH_KNOTS('',3,(#2813,#2814,#2815,#2816,#2817,#2818),
 .UNSPECIFIED.,.F.,.F.,(4,1,1,4),(0.00395766701355886,0.00639727051581373,
0.00761707226694116,0.00883687401806859),.UNSPECIFIED.);
#46=B_SPLINE_CURVE_WITH_KNOTS('',3,(#2819,#2820,#2821,#2822,#2823,#2824,
#2825,#2826,#2827,#2828,#2829,#2830),.UNSPECIFIED.,.F.,.F.,(4,3,1,1,3,4),
(-20.,0.,0.371332554020931,0.628667445979069,1.,5.),.UNSPECIFIED.);
#47=B_SPLINE_CURVE_WITH_KNOTS('',3,(#2852,#2853,#2854,#2855,#2856,#2857,
#2858,#2859,#2860,#2861,#2862,#2863,#2864,#2865,#2866),.UNSPECIFIED.,.F.,
 .F.,(4,1,1,1,1,1,1,1,1,1,1,1,4),(0.,0.00644411187731504,0.0128882237546301,
0.0161102796932876,0.0193323356319451,0.0225543915706026,0.0257764475092602,
0.0289985034479177,0.0322205593865752,0.0354426153252327,0.0386646712638902,
0.0451087831412053,0.0515528950185203),.UNSPECIFIED.);
#48=B_SPLINE_CURVE_WITH_KNOTS('',3,(#2871,#2872,#2873,#2874,#2875,#2876,
#2877,#2878,#2879,#2880,#2881,#2882,#2883,#2884,#2885,#2886,#2887),
 .UNSPECIFIED.,.F.,.F.,(4,1,1,1,1,1,1,1,1,1,1,1,1,1,4),(0.,0.00647501668146188,
0.00971252502219282,0.0129500333629238,0.0161875417036547,0.0194250500443856,
0.0226625583851166,0.0259000667258475,0.0291375750665785,0.0323750834073094,
0.0356125917480404,0.0388501000887713,0.0420876084295022,0.0453251167702332,
0.051800133451695),.UNSPECIFIED.);
#49=B_SPLINE_CURVE_WITH_KNOTS('',3,(#2893,#2894,#2895,#2896,#2897),
 .UNSPECIFIED.,.F.,.F.,(4,1,4),(0.,0.000781258633106697,0.00156251726621339),
 .UNSPECIFIED.);
#50=B_SPLINE_CURVE_WITH_KNOTS('',3,(#2898,#2899,#2900,#2901,#2902),
 .UNSPECIFIED.,.F.,.F.,(4,1,4),(0.,0.00078125863310845,0.0015625172662169),
 .UNSPECIFIED.);
#51=B_SPLINE_CURVE_WITH_KNOTS('',3,(#2948,#2949,#2950,#2951,#2952),
 .UNSPECIFIED.,.F.,.F.,(4,1,4),(0.,0.000781258633107992,0.00156251726621598),
 .UNSPECIFIED.);
#52=B_SPLINE_CURVE_WITH_KNOTS('',3,(#3004,#3005,#3006,#3007,#3008),
 .UNSPECIFIED.,.F.,.F.,(4,1,4),(0.,0.000781258633106041,0.00156251726621208),
 .UNSPECIFIED.);
#53=B_SPLINE_CURVE_WITH_KNOTS('',3,(#3029,#3030,#3031,#3032),
 .UNSPECIFIED.,.F.,.F.,(4,4),(0.,0.0016010496845717),.UNSPECIFIED.);
#54=B_SPLINE_CURVE_WITH_KNOTS('',3,(#3035,#3036,#3037,#3038),
 .UNSPECIFIED.,.F.,.F.,(4,4),(0.0098822135314452,0.0114580257708425),
 .UNSPECIFIED.);
#55=B_SPLINE_CURVE_WITH_KNOTS('',3,(#3042,#3043,#3044,#3045),
 .UNSPECIFIED.,.F.,.F.,(4,4),(0.,0.00160104968457166),.UNSPECIFIED.);
#56=B_SPLINE_CURVE_WITH_KNOTS('',3,(#3053,#3054,#3055,#3056),
 .UNSPECIFIED.,.F.,.F.,(4,4),(0.,0.00160104968457166),.UNSPECIFIED.);
#57=B_SPLINE_CURVE_WITH_KNOTS('',3,(#3062,#3063,#3064,#3065),
 .UNSPECIFIED.,.F.,.F.,(4,4),(0.,0.00160104968457166),.UNSPECIFIED.);
#58=B_SPLINE_CURVE_WITH_KNOTS('',3,(#3066,#3067,#3068,#3069),
 .UNSPECIFIED.,.F.,.F.,(4,4),(0.00988388671292253,0.0114601910921613),
 .UNSPECIFIED.);
#59=B_SPLINE_CURVE_WITH_KNOTS('',3,(#3070,#3071,#3072,#3073),
 .UNSPECIFIED.,.F.,.F.,(4,4),(0.0156028566648064,0.017280950392788),
 .UNSPECIFIED.);
#60=CONICAL_SURFACE('',#1683,0.01875,0.785398163397449);
#61=CONICAL_SURFACE('',#1703,0.01875,0.785398163397449);
#62=CONICAL_SURFACE('',#1705,0.0205,0.78539816339745);
#63=CONICAL_SURFACE('',#1707,0.0205,0.78539816339745);
#64=CONICAL_SURFACE('',#1722,0.01875,0.785398163397449);
#65=CONICAL_SURFACE('',#1753,0.01875,0.785398163397449);
#66=CONICAL_SURFACE('',#1804,0.01875,0.785398163397449);
#67=CONICAL_SURFACE('',#1805,0.01875,0.785398163397449);
#68=CONICAL_SURFACE('',#1806,0.0205,0.78539816339745);
#69=CONICAL_SURFACE('',#1807,0.0205,0.78539816339745);
#70=CONICAL_SURFACE('',#1844,0.0185,0.785398163397448);
#71=CONICAL_SURFACE('',#1845,0.0185,0.785398163397448);
#72=CONICAL_SURFACE('',#1846,0.0185,0.785398163397449);
#73=CONICAL_SURFACE('',#1847,0.0185,0.78539816339745);
#74=CONICAL_SURFACE('',#1848,0.0185,0.785398163397449);
#75=CONICAL_SURFACE('',#1849,0.0185,0.785398163397448);
#76=PLANE('',#1680);
#77=PLANE('',#1689);
#78=PLANE('',#1720);
#79=PLANE('',#1750);
#80=PLANE('',#1776);
#81=PLANE('',#1780);
#82=PLANE('',#1784);
#83=PLANE('',#1785);
#84=PLANE('',#1795);
#85=PLANE('',#1797);
#86=PLANE('',#1798);
#87=PLANE('',#1799);
#88=PLANE('',#1801);
#89=PLANE('',#1802);
#90=PLANE('',#1808);
#91=PLANE('',#1809);
#92=PLANE('',#1810);
#93=PLANE('',#1812);
#94=PLANE('',#1814);
#95=PLANE('',#1816);
#96=PLANE('',#1818);
#97=PLANE('',#1819);
#98=PLANE('',#1820);
#99=PLANE('',#1822);
#100=PLANE('',#1824);
#101=PLANE('',#1826);
#102=PLANE('',#1828);
#103=PLANE('',#1829);
#104=PLANE('',#1831);
#105=PLANE('',#1832);
#106=PLANE('',#1834);
#107=PLANE('',#1836);
#108=PLANE('',#1837);
#109=PLANE('',#1839);
#110=PLANE('',#1840);
#111=PLANE('',#1842);
#112=LINE('',#2337,#220);
#113=LINE('',#2341,#221);
#114=LINE('',#2346,#222);
#115=LINE('',#2350,#223);
#116=LINE('',#2355,#224);
#117=LINE('',#2359,#225);
#118=LINE('',#2361,#226);
#119=LINE('',#2366,#227);
#120=LINE('',#2370,#228);
#121=LINE('',#2377,#229);
#122=LINE('',#2381,#230);
#123=LINE('',#2390,#231);
#124=LINE('',#2395,#232);
#125=LINE('',#2399,#233);
#126=LINE('',#2403,#234);
#127=LINE('',#2408,#235);
#128=LINE('',#2409,#236);
#129=LINE('',#2438,#237);
#130=LINE('',#2467,#238);
#131=LINE('',#2471,#239);
#132=LINE('',#2475,#240);
#133=LINE('',#2498,#241);
#134=LINE('',#2514,#242);
#135=LINE('',#2532,#243);
#136=LINE('',#2547,#244);
#137=LINE('',#2557,#245);
#138=LINE('',#2603,#246);
#139=LINE('',#2604,#247);
#140=LINE('',#2609,#248);
#141=LINE('',#2610,#249);
#142=LINE('',#2615,#250);
#143=LINE('',#2619,#251);
#144=LINE('',#2623,#252);
#145=LINE('',#2627,#253);
#146=LINE('',#2631,#254);
#147=LINE('',#2632,#255);
#148=LINE('',#2636,#256);
#149=LINE('',#2641,#257);
#150=LINE('',#2645,#258);
#151=LINE('',#2650,#259);
#152=LINE('',#2675,#260);
#153=LINE('',#2676,#261);
#154=LINE('',#2681,#262);
#155=LINE('',#2685,#263);
#156=LINE('',#2687,#264);
#157=LINE('',#2692,#265);
#158=LINE('',#2700,#266);
#159=LINE('',#2705,#267);
#160=LINE('',#2709,#268);
#161=LINE('',#2710,#269);
#162=LINE('',#2714,#270);
#163=LINE('',#2715,#271);
#164=LINE('',#2719,#272);
#165=LINE('',#2726,#273);
#166=LINE('',#2727,#274);
#167=LINE('',#2729,#275);
#168=LINE('',#2735,#276);
#169=LINE('',#2799,#277);
#170=LINE('',#2832,#278);
#171=LINE('',#2839,#279);
#172=LINE('',#2840,#280);
#173=LINE('',#2841,#281);
#174=LINE('',#2846,#282);
#175=LINE('',#3020,#283);
#176=LINE('',#3021,#284);
#177=LINE('',#3023,#285);
#178=LINE('',#3027,#286);
#179=LINE('',#3034,#287);
#180=LINE('',#3040,#288);
#181=LINE('',#3047,#289);
#182=LINE('',#3051,#290);
#183=LINE('',#3058,#291);
#184=LINE('',#3060,#292);
#185=LINE('',#3076,#293);
#186=LINE('',#3078,#294);
#187=LINE('',#3079,#295);
#188=LINE('',#3083,#296);
#189=LINE('',#3084,#297);
#190=LINE('',#3086,#298);
#191=LINE('',#3088,#299);
#192=LINE('',#3090,#300);
#193=LINE('',#3092,#301);
#194=LINE('',#3095,#302);
#195=LINE('',#3099,#303);
#196=LINE('',#3101,#304);
#197=LINE('',#3103,#305);
#198=LINE('',#3106,#306);
#199=LINE('',#3108,#307);
#200=LINE('',#3111,#308);
#201=LINE('',#3112,#309);
#202=LINE('',#3114,#310);
#203=LINE('',#3116,#311);
#204=LINE('',#3118,#312);
#205=LINE('',#3120,#313);
#206=LINE('',#3123,#314);
#207=LINE('',#3127,#315);
#208=LINE('',#3129,#316);
#209=LINE('',#3131,#317);
#210=LINE('',#3134,#318);
#211=LINE('',#3136,#319);
#212=LINE('',#3139,#320);
#213=LINE('',#3141,#321);
#214=LINE('',#3145,#322);
#215=LINE('',#3147,#323);
#216=LINE('',#3153,#324);
#217=LINE('',#3155,#325);
#218=LINE('',#3159,#326);
#219=LINE('',#3161,#327);
#220=VECTOR('',#1858,1.);
#221=VECTOR('',#1861,1.);
#222=VECTOR('',#1866,1.);
#223=VECTOR('',#1869,1.);
#224=VECTOR('',#1874,1.);
#225=VECTOR('',#1877,1.);
#226=VECTOR('',#1880,1.);
#227=VECTOR('',#1883,1.);
#228=VECTOR('',#1886,1.);
#229=VECTOR('',#1893,1.);
#230=VECTOR('',#1896,1.);
#231=VECTOR('',#1901,1.);
#232=VECTOR('',#1906,1.);
#233=VECTOR('',#1909,1.);
#234=VECTOR('',#1912,1.);
#235=VECTOR('',#1917,1.);
#236=VECTOR('',#1918,1.);
#237=VECTOR('',#1947,1.);
#238=VECTOR('',#1960,1.);
#239=VECTOR('',#1963,1.);
#240=VECTOR('',#1966,1.);
#241=VECTOR('',#1967,1.);
#242=VECTOR('',#1968,1.);
#243=VECTOR('',#1969,1.);
#244=VECTOR('',#1970,1.);
#245=VECTOR('',#1971,1.);
#246=VECTOR('',#1990,1.);
#247=VECTOR('',#1991,1.);
#248=VECTOR('',#1996,1.);
#249=VECTOR('',#1997,1.);
#250=VECTOR('',#2002,1.);
#251=VECTOR('',#2005,1.);
#252=VECTOR('',#2008,1.);
#253=VECTOR('',#2011,1.);
#254=VECTOR('',#2014,1.);
#255=VECTOR('',#2015,1.);
#256=VECTOR('',#2020,1.);
#257=VECTOR('',#2023,1.);
#258=VECTOR('',#2028,1.);
#259=VECTOR('',#2031,1.);
#260=VECTOR('',#2054,1.);
#261=VECTOR('',#2055,1.);
#262=VECTOR('',#2060,1.);
#263=VECTOR('',#2063,1.);
#264=VECTOR('',#2066,1.);
#265=VECTOR('',#2069,1.);
#266=VECTOR('',#2074,1.);
#267=VECTOR('',#2079,1.);
#268=VECTOR('',#2082,1.);
#269=VECTOR('',#2083,1.);
#270=VECTOR('',#2086,1.);
#271=VECTOR('',#2087,1.);
#272=VECTOR('',#2090,1.);
#273=VECTOR('',#2097,1.);
#274=VECTOR('',#2098,1.);
#275=VECTOR('',#2101,1.);
#276=VECTOR('',#2106,1.);
#277=VECTOR('',#2121,1.);
#278=VECTOR('',#2124,1.);
#279=VECTOR('',#2133,1.);
#280=VECTOR('',#2134,1.);
#281=VECTOR('',#2135,1.);
#282=VECTOR('',#2140,1.);
#283=VECTOR('',#2173,1.);
#284=VECTOR('',#2174,1.);
#285=VECTOR('',#2177,1.);
#286=VECTOR('',#2180,1.);
#287=VECTOR('',#2183,1.);
#288=VECTOR('',#2186,1.);
#289=VECTOR('',#2189,1.);
#290=VECTOR('',#2192,1.);
#291=VECTOR('',#2195,1.);
#292=VECTOR('',#2198,1.);
#293=VECTOR('',#2203,1.);
#294=VECTOR('',#2206,1.);
#295=VECTOR('',#2207,1.);
#296=VECTOR('',#2214,1.);
#297=VECTOR('',#2215,1.);
#298=VECTOR('',#2218,1.);
#299=VECTOR('',#2219,1.);
#300=VECTOR('',#2222,1.);
#301=VECTOR('',#2223,1.);
#302=VECTOR('',#2228,1.);
#303=VECTOR('',#2231,1.);
#304=VECTOR('',#2234,1.);
#305=VECTOR('',#2235,1.);
#306=VECTOR('',#2240,1.);
#307=VECTOR('',#2241,1.);
#308=VECTOR('',#2246,1.);
#309=VECTOR('',#2247,1.);
#310=VECTOR('',#2250,1.);
#311=VECTOR('',#2251,1.);
#312=VECTOR('',#2254,1.);
#313=VECTOR('',#2255,1.);
#314=VECTOR('',#2260,1.);
#315=VECTOR('',#2263,1.);
#316=VECTOR('',#2266,1.);
#317=VECTOR('',#2267,1.);
#318=VECTOR('',#2272,1.);
#319=VECTOR('',#2273,1.);
#320=VECTOR('',#2278,1.);
#321=VECTOR('',#2279,1.);
#322=VECTOR('',#2286,1.);
#323=VECTOR('',#2287,1.);
#324=VECTOR('',#2298,1.);
#325=VECTOR('',#2299,1.);
#326=VECTOR('',#2306,1.);
#327=VECTOR('',#2307,1.);
#328=ORIENTED_EDGE('',*,*,#812,.F.);
#329=ORIENTED_EDGE('',*,*,#813,.T.);
#330=ORIENTED_EDGE('',*,*,#814,.F.);
#331=ORIENTED_EDGE('',*,*,#815,.F.);
#332=ORIENTED_EDGE('',*,*,#816,.F.);
#333=ORIENTED_EDGE('',*,*,#817,.F.);
#334=ORIENTED_EDGE('',*,*,#818,.F.);
#335=ORIENTED_EDGE('',*,*,#819,.F.);
#336=ORIENTED_EDGE('',*,*,#820,.F.);
#337=ORIENTED_EDGE('',*,*,#821,.T.);
#338=ORIENTED_EDGE('',*,*,#822,.F.);
#339=ORIENTED_EDGE('',*,*,#823,.T.);
#340=ORIENTED_EDGE('',*,*,#824,.F.);
#341=ORIENTED_EDGE('',*,*,#825,.T.);
#342=ORIENTED_EDGE('',*,*,#826,.T.);
#343=ORIENTED_EDGE('',*,*,#827,.T.);
#344=ORIENTED_EDGE('',*,*,#828,.F.);
#345=ORIENTED_EDGE('',*,*,#829,.F.);
#346=ORIENTED_EDGE('',*,*,#830,.F.);
#347=ORIENTED_EDGE('',*,*,#831,.T.);
#348=ORIENTED_EDGE('',*,*,#832,.T.);
#349=ORIENTED_EDGE('',*,*,#833,.T.);
#350=ORIENTED_EDGE('',*,*,#832,.F.);
#351=ORIENTED_EDGE('',*,*,#834,.T.);
#352=ORIENTED_EDGE('',*,*,#835,.F.);
#353=ORIENTED_EDGE('',*,*,#836,.T.);
#354=ORIENTED_EDGE('',*,*,#837,.T.);
#355=ORIENTED_EDGE('',*,*,#838,.F.);
#356=ORIENTED_EDGE('',*,*,#839,.F.);
#357=ORIENTED_EDGE('',*,*,#840,.T.);
#358=ORIENTED_EDGE('',*,*,#841,.T.);
#359=ORIENTED_EDGE('',*,*,#842,.T.);
#360=ORIENTED_EDGE('',*,*,#843,.T.);
#361=ORIENTED_EDGE('',*,*,#844,.T.);
#362=ORIENTED_EDGE('',*,*,#822,.T.);
#363=ORIENTED_EDGE('',*,*,#845,.F.);
#364=ORIENTED_EDGE('',*,*,#846,.T.);
#365=ORIENTED_EDGE('',*,*,#847,.T.);
#366=ORIENTED_EDGE('',*,*,#848,.T.);
#367=ORIENTED_EDGE('',*,*,#849,.T.);
#368=ORIENTED_EDGE('',*,*,#850,.T.);
#369=ORIENTED_EDGE('',*,*,#851,.T.);
#370=ORIENTED_EDGE('',*,*,#852,.T.);
#371=ORIENTED_EDGE('',*,*,#853,.T.);
#372=ORIENTED_EDGE('',*,*,#854,.F.);
#373=ORIENTED_EDGE('',*,*,#855,.T.);
#374=ORIENTED_EDGE('',*,*,#843,.F.);
#375=ORIENTED_EDGE('',*,*,#856,.F.);
#376=ORIENTED_EDGE('',*,*,#857,.F.);
#377=ORIENTED_EDGE('',*,*,#837,.F.);
#378=ORIENTED_EDGE('',*,*,#858,.F.);
#379=ORIENTED_EDGE('',*,*,#859,.F.);
#380=ORIENTED_EDGE('',*,*,#860,.F.);
#381=ORIENTED_EDGE('',*,*,#861,.F.);
#382=ORIENTED_EDGE('',*,*,#862,.F.);
#383=ORIENTED_EDGE('',*,*,#825,.F.);
#384=ORIENTED_EDGE('',*,*,#863,.T.);
#385=ORIENTED_EDGE('',*,*,#864,.T.);
#386=ORIENTED_EDGE('',*,*,#865,.F.);
#387=ORIENTED_EDGE('',*,*,#866,.T.);
#388=ORIENTED_EDGE('',*,*,#867,.T.);
#389=ORIENTED_EDGE('',*,*,#868,.T.);
#390=ORIENTED_EDGE('',*,*,#869,.F.);
#391=ORIENTED_EDGE('',*,*,#870,.T.);
#392=ORIENTED_EDGE('',*,*,#871,.T.);
#393=ORIENTED_EDGE('',*,*,#872,.T.);
#394=ORIENTED_EDGE('',*,*,#873,.F.);
#395=ORIENTED_EDGE('',*,*,#874,.T.);
#396=ORIENTED_EDGE('',*,*,#875,.T.);
#397=ORIENTED_EDGE('',*,*,#876,.T.);
#398=ORIENTED_EDGE('',*,*,#877,.F.);
#399=ORIENTED_EDGE('',*,*,#878,.T.);
#400=ORIENTED_EDGE('',*,*,#879,.F.);
#401=ORIENTED_EDGE('',*,*,#880,.T.);
#402=ORIENTED_EDGE('',*,*,#868,.F.);
#403=ORIENTED_EDGE('',*,*,#881,.T.);
#404=ORIENTED_EDGE('',*,*,#882,.T.);
#405=ORIENTED_EDGE('',*,*,#883,.T.);
#406=ORIENTED_EDGE('',*,*,#884,.F.);
#407=ORIENTED_EDGE('',*,*,#885,.F.);
#408=ORIENTED_EDGE('',*,*,#867,.F.);
#409=ORIENTED_EDGE('',*,*,#886,.T.);
#410=ORIENTED_EDGE('',*,*,#881,.F.);
#411=ORIENTED_EDGE('',*,*,#887,.T.);
#412=ORIENTED_EDGE('',*,*,#888,.T.);
#413=ORIENTED_EDGE('',*,*,#814,.T.);
#414=ORIENTED_EDGE('',*,*,#889,.F.);
#415=ORIENTED_EDGE('',*,*,#890,.F.);
#416=ORIENTED_EDGE('',*,*,#891,.T.);
#417=ORIENTED_EDGE('',*,*,#887,.F.);
#418=ORIENTED_EDGE('',*,*,#892,.F.);
#419=ORIENTED_EDGE('',*,*,#893,.F.);
#420=ORIENTED_EDGE('',*,*,#894,.T.);
#421=ORIENTED_EDGE('',*,*,#895,.T.);
#422=ORIENTED_EDGE('',*,*,#896,.T.);
#423=ORIENTED_EDGE('',*,*,#897,.T.);
#424=ORIENTED_EDGE('',*,*,#898,.F.);
#425=ORIENTED_EDGE('',*,*,#899,.T.);
#426=ORIENTED_EDGE('',*,*,#900,.T.);
#427=ORIENTED_EDGE('',*,*,#901,.T.);
#428=ORIENTED_EDGE('',*,*,#902,.F.);
#429=ORIENTED_EDGE('',*,*,#835,.T.);
#430=ORIENTED_EDGE('',*,*,#903,.F.);
#431=ORIENTED_EDGE('',*,*,#904,.F.);
#432=ORIENTED_EDGE('',*,*,#905,.F.);
#433=ORIENTED_EDGE('',*,*,#906,.F.);
#434=ORIENTED_EDGE('',*,*,#907,.T.);
#435=ORIENTED_EDGE('',*,*,#908,.T.);
#436=ORIENTED_EDGE('',*,*,#909,.F.);
#437=ORIENTED_EDGE('',*,*,#910,.T.);
#438=ORIENTED_EDGE('',*,*,#911,.T.);
#439=ORIENTED_EDGE('',*,*,#912,.T.);
#440=ORIENTED_EDGE('',*,*,#873,.T.);
#441=ORIENTED_EDGE('',*,*,#913,.T.);
#442=ORIENTED_EDGE('',*,*,#914,.T.);
#443=ORIENTED_EDGE('',*,*,#915,.T.);
#444=ORIENTED_EDGE('',*,*,#916,.F.);
#445=ORIENTED_EDGE('',*,*,#841,.F.);
#446=ORIENTED_EDGE('',*,*,#917,.T.);
#447=ORIENTED_EDGE('',*,*,#918,.T.);
#448=ORIENTED_EDGE('',*,*,#919,.F.);
#449=ORIENTED_EDGE('',*,*,#908,.F.);
#450=ORIENTED_EDGE('',*,*,#920,.F.);
#451=ORIENTED_EDGE('',*,*,#921,.F.);
#452=ORIENTED_EDGE('',*,*,#830,.T.);
#453=ORIENTED_EDGE('',*,*,#922,.T.);
#454=ORIENTED_EDGE('',*,*,#923,.F.);
#455=ORIENTED_EDGE('',*,*,#924,.F.);
#456=ORIENTED_EDGE('',*,*,#925,.T.);
#457=ORIENTED_EDGE('',*,*,#926,.T.);
#458=ORIENTED_EDGE('',*,*,#927,.F.);
#459=ORIENTED_EDGE('',*,*,#928,.F.);
#460=ORIENTED_EDGE('',*,*,#929,.F.);
#461=ORIENTED_EDGE('',*,*,#930,.T.);
#462=ORIENTED_EDGE('',*,*,#931,.F.);
#463=ORIENTED_EDGE('',*,*,#930,.F.);
#464=ORIENTED_EDGE('',*,*,#932,.F.);
#465=ORIENTED_EDGE('',*,*,#895,.F.);
#466=ORIENTED_EDGE('',*,*,#933,.T.);
#467=ORIENTED_EDGE('',*,*,#934,.T.);
#468=ORIENTED_EDGE('',*,*,#935,.F.);
#469=ORIENTED_EDGE('',*,*,#936,.F.);
#470=ORIENTED_EDGE('',*,*,#854,.T.);
#471=ORIENTED_EDGE('',*,*,#937,.T.);
#472=ORIENTED_EDGE('',*,*,#938,.T.);
#473=ORIENTED_EDGE('',*,*,#939,.F.);
#474=ORIENTED_EDGE('',*,*,#890,.T.);
#475=ORIENTED_EDGE('',*,*,#940,.T.);
#476=ORIENTED_EDGE('',*,*,#941,.T.);
#477=ORIENTED_EDGE('',*,*,#942,.F.);
#478=ORIENTED_EDGE('',*,*,#943,.F.);
#479=ORIENTED_EDGE('',*,*,#944,.F.);
#480=ORIENTED_EDGE('',*,*,#945,.T.);
#481=ORIENTED_EDGE('',*,*,#885,.T.);
#482=ORIENTED_EDGE('',*,*,#946,.F.);
#483=ORIENTED_EDGE('',*,*,#947,.T.);
#484=ORIENTED_EDGE('',*,*,#948,.T.);
#485=ORIENTED_EDGE('',*,*,#877,.T.);
#486=ORIENTED_EDGE('',*,*,#949,.T.);
#487=ORIENTED_EDGE('',*,*,#950,.F.);
#488=ORIENTED_EDGE('',*,*,#951,.F.);
#489=ORIENTED_EDGE('',*,*,#952,.F.);
#490=ORIENTED_EDGE('',*,*,#953,.T.);
#491=ORIENTED_EDGE('',*,*,#954,.F.);
#492=ORIENTED_EDGE('',*,*,#955,.T.);
#493=ORIENTED_EDGE('',*,*,#916,.T.);
#494=ORIENTED_EDGE('',*,*,#956,.T.);
#495=ORIENTED_EDGE('',*,*,#909,.T.);
#496=ORIENTED_EDGE('',*,*,#957,.T.);
#497=ORIENTED_EDGE('',*,*,#958,.F.);
#498=ORIENTED_EDGE('',*,*,#959,.T.);
#499=ORIENTED_EDGE('',*,*,#960,.T.);
#500=ORIENTED_EDGE('',*,*,#826,.F.);
#501=ORIENTED_EDGE('',*,*,#862,.T.);
#502=ORIENTED_EDGE('',*,*,#961,.T.);
#503=ORIENTED_EDGE('',*,*,#858,.T.);
#504=ORIENTED_EDGE('',*,*,#842,.F.);
#505=ORIENTED_EDGE('',*,*,#962,.T.);
#506=ORIENTED_EDGE('',*,*,#963,.T.);
#507=ORIENTED_EDGE('',*,*,#958,.T.);
#508=ORIENTED_EDGE('',*,*,#964,.T.);
#509=ORIENTED_EDGE('',*,*,#871,.F.);
#510=ORIENTED_EDGE('',*,*,#965,.F.);
#511=ORIENTED_EDGE('',*,*,#853,.F.);
#512=ORIENTED_EDGE('',*,*,#966,.F.);
#513=ORIENTED_EDGE('',*,*,#859,.T.);
#514=ORIENTED_EDGE('',*,*,#961,.F.);
#515=ORIENTED_EDGE('',*,*,#861,.T.);
#516=ORIENTED_EDGE('',*,*,#967,.F.);
#517=ORIENTED_EDGE('',*,*,#935,.T.);
#518=ORIENTED_EDGE('',*,*,#968,.T.);
#519=ORIENTED_EDGE('',*,*,#969,.T.);
#520=ORIENTED_EDGE('',*,*,#879,.T.);
#521=ORIENTED_EDGE('',*,*,#970,.T.);
#522=ORIENTED_EDGE('',*,*,#971,.T.);
#523=ORIENTED_EDGE('',*,*,#893,.T.);
#524=ORIENTED_EDGE('',*,*,#849,.F.);
#525=ORIENTED_EDGE('',*,*,#847,.F.);
#526=ORIENTED_EDGE('',*,*,#851,.F.);
#527=ORIENTED_EDGE('',*,*,#972,.F.);
#528=ORIENTED_EDGE('',*,*,#973,.F.);
#529=ORIENTED_EDGE('',*,*,#852,.F.);
#530=ORIENTED_EDGE('',*,*,#850,.F.);
#531=ORIENTED_EDGE('',*,*,#848,.F.);
#532=ORIENTED_EDGE('',*,*,#846,.F.);
#533=ORIENTED_EDGE('',*,*,#974,.T.);
#534=ORIENTED_EDGE('',*,*,#975,.T.);
#535=ORIENTED_EDGE('',*,*,#976,.T.);
#536=ORIENTED_EDGE('',*,*,#977,.T.);
#537=ORIENTED_EDGE('',*,*,#952,.T.);
#538=ORIENTED_EDGE('',*,*,#954,.T.);
#539=ORIENTED_EDGE('',*,*,#955,.F.);
#540=ORIENTED_EDGE('',*,*,#904,.T.);
#541=ORIENTED_EDGE('',*,*,#953,.F.);
#542=ORIENTED_EDGE('',*,*,#943,.T.);
#543=ORIENTED_EDGE('',*,*,#978,.F.);
#544=ORIENTED_EDGE('',*,*,#913,.F.);
#545=ORIENTED_EDGE('',*,*,#979,.F.);
#546=ORIENTED_EDGE('',*,*,#977,.F.);
#547=ORIENTED_EDGE('',*,*,#979,.T.);
#548=ORIENTED_EDGE('',*,*,#872,.F.);
#549=ORIENTED_EDGE('',*,*,#980,.F.);
#550=ORIENTED_EDGE('',*,*,#974,.F.);
#551=ORIENTED_EDGE('',*,*,#978,.T.);
#552=ORIENTED_EDGE('',*,*,#976,.F.);
#553=ORIENTED_EDGE('',*,*,#981,.F.);
#554=ORIENTED_EDGE('',*,*,#957,.F.);
#555=ORIENTED_EDGE('',*,*,#980,.T.);
#556=ORIENTED_EDGE('',*,*,#964,.F.);
#557=ORIENTED_EDGE('',*,*,#981,.T.);
#558=ORIENTED_EDGE('',*,*,#975,.F.);
#559=ORIENTED_EDGE('',*,*,#982,.F.);
#560=ORIENTED_EDGE('',*,*,#949,.F.);
#561=ORIENTED_EDGE('',*,*,#876,.F.);
#562=ORIENTED_EDGE('',*,*,#960,.F.);
#563=ORIENTED_EDGE('',*,*,#983,.T.);
#564=ORIENTED_EDGE('',*,*,#984,.F.);
#565=ORIENTED_EDGE('',*,*,#827,.F.);
#566=ORIENTED_EDGE('',*,*,#985,.F.);
#567=ORIENTED_EDGE('',*,*,#986,.F.);
#568=ORIENTED_EDGE('',*,*,#928,.T.);
#569=ORIENTED_EDGE('',*,*,#987,.T.);
#570=ORIENTED_EDGE('',*,*,#988,.F.);
#571=ORIENTED_EDGE('',*,*,#989,.T.);
#572=ORIENTED_EDGE('',*,*,#990,.T.);
#573=ORIENTED_EDGE('',*,*,#925,.F.);
#574=ORIENTED_EDGE('',*,*,#947,.F.);
#575=ORIENTED_EDGE('',*,*,#991,.T.);
#576=ORIENTED_EDGE('',*,*,#992,.F.);
#577=ORIENTED_EDGE('',*,*,#987,.F.);
#578=ORIENTED_EDGE('',*,*,#927,.T.);
#579=ORIENTED_EDGE('',*,*,#931,.T.);
#580=ORIENTED_EDGE('',*,*,#894,.F.);
#581=ORIENTED_EDGE('',*,*,#971,.F.);
#582=ORIENTED_EDGE('',*,*,#993,.F.);
#583=ORIENTED_EDGE('',*,*,#994,.T.);
#584=ORIENTED_EDGE('',*,*,#995,.T.);
#585=ORIENTED_EDGE('',*,*,#838,.T.);
#586=ORIENTED_EDGE('',*,*,#857,.T.);
#587=ORIENTED_EDGE('',*,*,#966,.T.);
#588=ORIENTED_EDGE('',*,*,#903,.T.);
#589=ORIENTED_EDGE('',*,*,#834,.F.);
#590=ORIENTED_EDGE('',*,*,#831,.F.);
#591=ORIENTED_EDGE('',*,*,#921,.T.);
#592=ORIENTED_EDGE('',*,*,#996,.F.);
#593=ORIENTED_EDGE('',*,*,#997,.T.);
#594=ORIENTED_EDGE('',*,*,#998,.T.);
#595=ORIENTED_EDGE('',*,*,#818,.T.);
#596=ORIENTED_EDGE('',*,*,#824,.T.);
#597=ORIENTED_EDGE('',*,*,#999,.T.);
#598=ORIENTED_EDGE('',*,*,#1000,.F.);
#599=ORIENTED_EDGE('',*,*,#823,.F.);
#600=ORIENTED_EDGE('',*,*,#844,.F.);
#601=ORIENTED_EDGE('',*,*,#855,.F.);
#602=ORIENTED_EDGE('',*,*,#936,.T.);
#603=ORIENTED_EDGE('',*,*,#967,.T.);
#604=ORIENTED_EDGE('',*,*,#860,.T.);
#605=ORIENTED_EDGE('',*,*,#1001,.T.);
#606=ORIENTED_EDGE('',*,*,#1002,.T.);
#607=ORIENTED_EDGE('',*,*,#864,.F.);
#608=ORIENTED_EDGE('',*,*,#1003,.F.);
#609=ORIENTED_EDGE('',*,*,#968,.F.);
#610=ORIENTED_EDGE('',*,*,#934,.F.);
#611=ORIENTED_EDGE('',*,*,#1004,.T.);
#612=ORIENTED_EDGE('',*,*,#996,.T.);
#613=ORIENTED_EDGE('',*,*,#817,.T.);
#614=ORIENTED_EDGE('',*,*,#972,.T.);
#615=ORIENTED_EDGE('',*,*,#973,.T.);
#616=ORIENTED_EDGE('',*,*,#1004,.F.);
#617=ORIENTED_EDGE('',*,*,#933,.F.);
#618=ORIENTED_EDGE('',*,*,#1005,.T.);
#619=ORIENTED_EDGE('',*,*,#997,.F.);
#620=ORIENTED_EDGE('',*,*,#1006,.F.);
#621=ORIENTED_EDGE('',*,*,#899,.F.);
#622=ORIENTED_EDGE('',*,*,#1007,.T.);
#623=ORIENTED_EDGE('',*,*,#989,.F.);
#624=ORIENTED_EDGE('',*,*,#948,.F.);
#625=ORIENTED_EDGE('',*,*,#993,.T.);
#626=ORIENTED_EDGE('',*,*,#970,.F.);
#627=ORIENTED_EDGE('',*,*,#878,.F.);
#628=ORIENTED_EDGE('',*,*,#969,.F.);
#629=ORIENTED_EDGE('',*,*,#1003,.T.);
#630=ORIENTED_EDGE('',*,*,#863,.F.);
#631=ORIENTED_EDGE('',*,*,#880,.F.);
#632=ORIENTED_EDGE('',*,*,#1008,.F.);
#633=ORIENTED_EDGE('',*,*,#874,.F.);
#634=ORIENTED_EDGE('',*,*,#912,.F.);
#635=ORIENTED_EDGE('',*,*,#1009,.T.);
#636=ORIENTED_EDGE('',*,*,#897,.F.);
#637=ORIENTED_EDGE('',*,*,#1010,.F.);
#638=ORIENTED_EDGE('',*,*,#1011,.T.);
#639=ORIENTED_EDGE('',*,*,#950,.T.);
#640=ORIENTED_EDGE('',*,*,#982,.T.);
#641=ORIENTED_EDGE('',*,*,#875,.F.);
#642=ORIENTED_EDGE('',*,*,#1008,.T.);
#643=ORIENTED_EDGE('',*,*,#896,.F.);
#644=ORIENTED_EDGE('',*,*,#932,.T.);
#645=ORIENTED_EDGE('',*,*,#929,.T.);
#646=ORIENTED_EDGE('',*,*,#986,.T.);
#647=ORIENTED_EDGE('',*,*,#907,.F.);
#648=ORIENTED_EDGE('',*,*,#1012,.T.);
#649=ORIENTED_EDGE('',*,*,#1013,.F.);
#650=ORIENTED_EDGE('',*,*,#926,.F.);
#651=ORIENTED_EDGE('',*,*,#990,.F.);
#652=ORIENTED_EDGE('',*,*,#1007,.F.);
#653=ORIENTED_EDGE('',*,*,#898,.T.);
#654=ORIENTED_EDGE('',*,*,#1009,.F.);
#655=ORIENTED_EDGE('',*,*,#911,.F.);
#656=ORIENTED_EDGE('',*,*,#1014,.T.);
#657=ORIENTED_EDGE('',*,*,#917,.F.);
#658=ORIENTED_EDGE('',*,*,#1015,.F.);
#659=ORIENTED_EDGE('',*,*,#1016,.T.);
#660=ORIENTED_EDGE('',*,*,#1017,.T.);
#661=ORIENTED_EDGE('',*,*,#901,.F.);
#662=ORIENTED_EDGE('',*,*,#840,.F.);
#663=ORIENTED_EDGE('',*,*,#1018,.T.);
#664=ORIENTED_EDGE('',*,*,#1019,.F.);
#665=ORIENTED_EDGE('',*,*,#922,.F.);
#666=ORIENTED_EDGE('',*,*,#833,.F.);
#667=ORIENTED_EDGE('',*,*,#836,.F.);
#668=ORIENTED_EDGE('',*,*,#902,.T.);
#669=ORIENTED_EDGE('',*,*,#1017,.F.);
#670=ORIENTED_EDGE('',*,*,#1020,.T.);
#671=ORIENTED_EDGE('',*,*,#914,.F.);
#672=ORIENTED_EDGE('',*,*,#1021,.F.);
#673=ORIENTED_EDGE('',*,*,#1022,.T.);
#674=ORIENTED_EDGE('',*,*,#905,.T.);
#675=ORIENTED_EDGE('',*,*,#919,.T.);
#676=ORIENTED_EDGE('',*,*,#1023,.T.);
#677=ORIENTED_EDGE('',*,*,#1015,.T.);
#678=ORIENTED_EDGE('',*,*,#900,.F.);
#679=ORIENTED_EDGE('',*,*,#1006,.T.);
#680=ORIENTED_EDGE('',*,*,#988,.T.);
#681=ORIENTED_EDGE('',*,*,#924,.T.);
#682=ORIENTED_EDGE('',*,*,#1024,.F.);
#683=ORIENTED_EDGE('',*,*,#965,.T.);
#684=ORIENTED_EDGE('',*,*,#870,.F.);
#685=ORIENTED_EDGE('',*,*,#1025,.T.);
#686=ORIENTED_EDGE('',*,*,#941,.F.);
#687=ORIENTED_EDGE('',*,*,#866,.F.);
#688=ORIENTED_EDGE('',*,*,#1026,.T.);
#689=ORIENTED_EDGE('',*,*,#1027,.F.);
#690=ORIENTED_EDGE('',*,*,#819,.T.);
#691=ORIENTED_EDGE('',*,*,#998,.F.);
#692=ORIENTED_EDGE('',*,*,#1005,.F.);
#693=ORIENTED_EDGE('',*,*,#942,.T.);
#694=ORIENTED_EDGE('',*,*,#1025,.F.);
#695=ORIENTED_EDGE('',*,*,#869,.T.);
#696=ORIENTED_EDGE('',*,*,#886,.F.);
#697=ORIENTED_EDGE('',*,*,#1028,.F.);
#698=ORIENTED_EDGE('',*,*,#1029,.T.);
#699=ORIENTED_EDGE('',*,*,#946,.T.);
#700=ORIENTED_EDGE('',*,*,#884,.T.);
#701=ORIENTED_EDGE('',*,*,#1030,.T.);
#702=ORIENTED_EDGE('',*,*,#962,.F.);
#703=ORIENTED_EDGE('',*,*,#1024,.T.);
#704=ORIENTED_EDGE('',*,*,#940,.F.);
#705=ORIENTED_EDGE('',*,*,#892,.T.);
#706=ORIENTED_EDGE('',*,*,#889,.T.);
#707=ORIENTED_EDGE('',*,*,#813,.F.);
#708=ORIENTED_EDGE('',*,*,#1031,.F.);
#709=ORIENTED_EDGE('',*,*,#1032,.T.);
#710=ORIENTED_EDGE('',*,*,#1033,.T.);
#711=ORIENTED_EDGE('',*,*,#938,.F.);
#712=ORIENTED_EDGE('',*,*,#1034,.F.);
#713=ORIENTED_EDGE('',*,*,#1035,.T.);
#714=ORIENTED_EDGE('',*,*,#828,.T.);
#715=ORIENTED_EDGE('',*,*,#984,.T.);
#716=ORIENTED_EDGE('',*,*,#1036,.T.);
#717=ORIENTED_EDGE('',*,*,#1031,.T.);
#718=ORIENTED_EDGE('',*,*,#937,.F.);
#719=ORIENTED_EDGE('',*,*,#856,.T.);
#720=ORIENTED_EDGE('',*,*,#845,.T.);
#721=ORIENTED_EDGE('',*,*,#821,.F.);
#722=ORIENTED_EDGE('',*,*,#945,.F.);
#723=ORIENTED_EDGE('',*,*,#1037,.T.);
#724=ORIENTED_EDGE('',*,*,#1038,.F.);
#725=ORIENTED_EDGE('',*,*,#815,.T.);
#726=ORIENTED_EDGE('',*,*,#888,.F.);
#727=ORIENTED_EDGE('',*,*,#891,.F.);
#728=ORIENTED_EDGE('',*,*,#939,.T.);
#729=ORIENTED_EDGE('',*,*,#1033,.F.);
#730=ORIENTED_EDGE('',*,*,#1039,.T.);
#731=ORIENTED_EDGE('',*,*,#882,.F.);
#732=ORIENTED_EDGE('',*,*,#1000,.T.);
#733=ORIENTED_EDGE('',*,*,#1040,.T.);
#734=ORIENTED_EDGE('',*,*,#1041,.F.);
#735=ORIENTED_EDGE('',*,*,#1034,.T.);
#736=ORIENTED_EDGE('',*,*,#820,.T.);
#737=ORIENTED_EDGE('',*,*,#1041,.T.);
#738=ORIENTED_EDGE('',*,*,#1042,.T.);
#739=ORIENTED_EDGE('',*,*,#992,.T.);
#740=ORIENTED_EDGE('',*,*,#1043,.T.);
#741=ORIENTED_EDGE('',*,*,#1044,.F.);
#742=ORIENTED_EDGE('',*,*,#1010,.T.);
#743=ORIENTED_EDGE('',*,*,#985,.T.);
#744=ORIENTED_EDGE('',*,*,#1044,.T.);
#745=ORIENTED_EDGE('',*,*,#1045,.T.);
#746=ORIENTED_EDGE('',*,*,#1021,.T.);
#747=ORIENTED_EDGE('',*,*,#923,.T.);
#748=ORIENTED_EDGE('',*,*,#1013,.T.);
#749=ORIENTED_EDGE('',*,*,#1046,.T.);
#750=ORIENTED_EDGE('',*,*,#1047,.F.);
#751=ORIENTED_EDGE('',*,*,#1048,.T.);
#752=ORIENTED_EDGE('',*,*,#994,.F.);
#753=ORIENTED_EDGE('',*,*,#1047,.T.);
#754=ORIENTED_EDGE('',*,*,#920,.T.);
#755=ORIENTED_EDGE('',*,*,#1019,.T.);
#756=ORIENTED_EDGE('',*,*,#1049,.T.);
#757=ORIENTED_EDGE('',*,*,#1050,.F.);
#758=ORIENTED_EDGE('',*,*,#1051,.T.);
#759=ORIENTED_EDGE('',*,*,#1001,.F.);
#760=ORIENTED_EDGE('',*,*,#1050,.T.);
#761=ORIENTED_EDGE('',*,*,#816,.T.);
#762=ORIENTED_EDGE('',*,*,#1027,.T.);
#763=ORIENTED_EDGE('',*,*,#1052,.T.);
#764=ORIENTED_EDGE('',*,*,#1028,.T.);
#765=ORIENTED_EDGE('',*,*,#812,.T.);
#766=ORIENTED_EDGE('',*,*,#1038,.T.);
#767=ORIENTED_EDGE('',*,*,#1053,.T.);
#768=ORIENTED_EDGE('',*,*,#999,.F.);
#769=ORIENTED_EDGE('',*,*,#829,.T.);
#770=ORIENTED_EDGE('',*,*,#1035,.F.);
#771=ORIENTED_EDGE('',*,*,#1042,.F.);
#772=ORIENTED_EDGE('',*,*,#1040,.F.);
#773=ORIENTED_EDGE('',*,*,#1037,.F.);
#774=ORIENTED_EDGE('',*,*,#944,.T.);
#775=ORIENTED_EDGE('',*,*,#1029,.F.);
#776=ORIENTED_EDGE('',*,*,#1053,.F.);
#777=ORIENTED_EDGE('',*,*,#1026,.F.);
#778=ORIENTED_EDGE('',*,*,#865,.T.);
#779=ORIENTED_EDGE('',*,*,#1002,.F.);
#780=ORIENTED_EDGE('',*,*,#1051,.F.);
#781=ORIENTED_EDGE('',*,*,#1052,.F.);
#782=ORIENTED_EDGE('',*,*,#1018,.F.);
#783=ORIENTED_EDGE('',*,*,#839,.T.);
#784=ORIENTED_EDGE('',*,*,#995,.F.);
#785=ORIENTED_EDGE('',*,*,#1048,.F.);
#786=ORIENTED_EDGE('',*,*,#1049,.F.);
#787=ORIENTED_EDGE('',*,*,#991,.F.);
#788=ORIENTED_EDGE('',*,*,#951,.T.);
#789=ORIENTED_EDGE('',*,*,#1011,.F.);
#790=ORIENTED_EDGE('',*,*,#1045,.F.);
#791=ORIENTED_EDGE('',*,*,#1043,.F.);
#792=ORIENTED_EDGE('',*,*,#1012,.F.);
#793=ORIENTED_EDGE('',*,*,#906,.T.);
#794=ORIENTED_EDGE('',*,*,#1022,.F.);
#795=ORIENTED_EDGE('',*,*,#1046,.F.);
#796=ORIENTED_EDGE('',*,*,#956,.F.);
#797=ORIENTED_EDGE('',*,*,#915,.F.);
#798=ORIENTED_EDGE('',*,*,#1020,.F.);
#799=ORIENTED_EDGE('',*,*,#1016,.F.);
#800=ORIENTED_EDGE('',*,*,#1023,.F.);
#801=ORIENTED_EDGE('',*,*,#918,.F.);
#802=ORIENTED_EDGE('',*,*,#1014,.F.);
#803=ORIENTED_EDGE('',*,*,#910,.F.);
#804=ORIENTED_EDGE('',*,*,#1036,.F.);
#805=ORIENTED_EDGE('',*,*,#983,.F.);
#806=ORIENTED_EDGE('',*,*,#959,.F.);
#807=ORIENTED_EDGE('',*,*,#963,.F.);
#808=ORIENTED_EDGE('',*,*,#1030,.F.);
#809=ORIENTED_EDGE('',*,*,#883,.F.);
#810=ORIENTED_EDGE('',*,*,#1039,.F.);
#811=ORIENTED_EDGE('',*,*,#1032,.F.);
#812=EDGE_CURVE('',#1054,#1055,#1218,.F.);
#813=EDGE_CURVE('',#1054,#1056,#112,.F.);
#814=EDGE_CURVE('',#1057,#1056,#1219,.T.);
#815=EDGE_CURVE('',#1055,#1057,#113,.F.);
#816=EDGE_CURVE('',#1058,#1059,#1220,.F.);
#817=EDGE_CURVE('',#1060,#1058,#114,.T.);
#818=EDGE_CURVE('',#1061,#1060,#1221,.T.);
#819=EDGE_CURVE('',#1059,#1061,#115,.F.);
#820=EDGE_CURVE('',#1062,#1063,#1222,.F.);
#821=EDGE_CURVE('',#1062,#1064,#116,.F.);
#822=EDGE_CURVE('',#1065,#1064,#1223,.T.);
#823=EDGE_CURVE('',#1065,#1063,#117,.T.);
#824=EDGE_CURVE('',#1066,#1067,#118,.F.);
#825=EDGE_CURVE('',#1066,#1068,#1224,.T.);
#826=EDGE_CURVE('',#1068,#1069,#119,.F.);
#827=EDGE_CURVE('',#1069,#1070,#1225,.T.);
#828=EDGE_CURVE('',#1071,#1070,#120,.T.);
#829=EDGE_CURVE('',#1067,#1071,#1226,.T.);
#830=EDGE_CURVE('',#1072,#1073,#1227,.T.);
#831=EDGE_CURVE('',#1072,#1074,#121,.T.);
#832=EDGE_CURVE('',#1074,#1075,#1228,.F.);
#833=EDGE_CURVE('',#1075,#1073,#122,.T.);
#834=EDGE_CURVE('',#1074,#1076,#26,.T.);
#835=EDGE_CURVE('',#1077,#1076,#1229,.T.);
#836=EDGE_CURVE('',#1077,#1075,#123,.T.);
#837=EDGE_CURVE('',#1078,#1079,#1230,.T.);
#838=EDGE_CURVE('',#1080,#1079,#124,.T.);
#839=EDGE_CURVE('',#1081,#1080,#1231,.T.);
#840=EDGE_CURVE('',#1081,#1082,#125,.T.);
#841=EDGE_CURVE('',#1082,#1083,#1232,.T.);
#842=EDGE_CURVE('',#1083,#1078,#126,.T.);
#843=EDGE_CURVE('',#1084,#1085,#1233,.F.);
#844=EDGE_CURVE('',#1085,#1065,#127,.T.);
#845=EDGE_CURVE('',#1084,#1064,#128,.T.);
#846=EDGE_CURVE('',#1086,#1086,#1234,.T.);
#847=EDGE_CURVE('',#1087,#1087,#1235,.T.);
#848=EDGE_CURVE('',#1088,#1088,#1236,.T.);
#849=EDGE_CURVE('',#1089,#1089,#1237,.T.);
#850=EDGE_CURVE('',#1090,#1090,#1238,.T.);
#851=EDGE_CURVE('',#1091,#1091,#1239,.T.);
#852=EDGE_CURVE('',#1092,#1092,#1240,.T.);
#853=EDGE_CURVE('',#1093,#1093,#1241,.T.);
#854=EDGE_CURVE('',#1094,#1095,#1242,.T.);
#855=EDGE_CURVE('',#1094,#1085,#27,.T.);
#856=EDGE_CURVE('',#1095,#1084,#129,.T.);
#857=EDGE_CURVE('',#1079,#1096,#28,.T.);
#858=EDGE_CURVE('',#1097,#1078,#29,.T.);
#859=EDGE_CURVE('',#1096,#1097,#1243,.F.);
#860=EDGE_CURVE('',#1098,#1066,#30,.T.);
#861=EDGE_CURVE('',#1099,#1098,#1244,.F.);
#862=EDGE_CURVE('',#1068,#1099,#31,.T.);
#863=EDGE_CURVE('',#1100,#1101,#1245,.T.);
#864=EDGE_CURVE('',#1101,#1102,#130,.F.);
#865=EDGE_CURVE('',#1103,#1102,#1246,.T.);
#866=EDGE_CURVE('',#1103,#1104,#131,.T.);
#867=EDGE_CURVE('',#1104,#1105,#1247,.T.);
#868=EDGE_CURVE('',#1105,#1100,#132,.T.);
#869=EDGE_CURVE('',#1106,#1107,#133,.F.);
#870=EDGE_CURVE('',#1106,#1108,#32,.F.);
#871=EDGE_CURVE('',#1108,#1109,#134,.T.);
#872=EDGE_CURVE('',#1109,#1110,#33,.T.);
#873=EDGE_CURVE('',#1111,#1110,#135,.T.);
#874=EDGE_CURVE('',#1111,#1112,#34,.F.);
#875=EDGE_CURVE('',#1112,#1113,#136,.F.);
#876=EDGE_CURVE('',#1113,#1114,#35,.T.);
#877=EDGE_CURVE('',#1115,#1114,#137,.F.);
#878=EDGE_CURVE('',#1115,#1116,#36,.T.);
#879=EDGE_CURVE('',#1117,#1116,#37,.T.);
#880=EDGE_CURVE('',#1117,#1100,#38,.T.);
#881=EDGE_CURVE('',#1105,#1107,#39,.T.);
#882=EDGE_CURVE('',#1118,#1119,#1248,.F.);
#883=EDGE_CURVE('',#1119,#1120,#1249,.F.);
#884=EDGE_CURVE('',#1121,#1120,#1250,.F.);
#885=EDGE_CURVE('',#1118,#1121,#1251,.T.);
#886=EDGE_CURVE('',#1104,#1107,#1252,.F.);
#887=EDGE_CURVE('',#1122,#1123,#1253,.F.);
#888=EDGE_CURVE('',#1123,#1057,#138,.T.);
#889=EDGE_CURVE('',#1122,#1056,#139,.T.);
#890=EDGE_CURVE('',#1124,#1125,#1254,.T.);
#891=EDGE_CURVE('',#1124,#1123,#140,.T.);
#892=EDGE_CURVE('',#1125,#1122,#141,.T.);
#893=EDGE_CURVE('',#1126,#1127,#1255,.F.);
#894=EDGE_CURVE('',#1126,#1128,#142,.T.);
#895=EDGE_CURVE('',#1128,#1129,#1256,.T.);
#896=EDGE_CURVE('',#1129,#1130,#143,.F.);
#897=EDGE_CURVE('',#1130,#1131,#1257,.F.);
#898=EDGE_CURVE('',#1132,#1131,#144,.F.);
#899=EDGE_CURVE('',#1132,#1133,#1258,.T.);
#900=EDGE_CURVE('',#1133,#1134,#145,.F.);
#901=EDGE_CURVE('',#1134,#1135,#1259,.F.);
#902=EDGE_CURVE('',#1077,#1135,#146,.F.);
#903=EDGE_CURVE('',#1127,#1076,#147,.T.);
#904=EDGE_CURVE('',#1136,#1136,#1260,.T.);
#905=EDGE_CURVE('',#1137,#1138,#148,.T.);
#906=EDGE_CURVE('',#1139,#1137,#1261,.T.);
#907=EDGE_CURVE('',#1139,#1140,#149,.T.);
#908=EDGE_CURVE('',#1140,#1138,#1262,.T.);
#909=EDGE_CURVE('',#1141,#1142,#150,.T.);
#910=EDGE_CURVE('',#1141,#1143,#1263,.T.);
#911=EDGE_CURVE('',#1143,#1144,#151,.F.);
#912=EDGE_CURVE('',#1144,#1111,#1264,.T.);
#913=EDGE_CURVE('',#1110,#1142,#1265,.T.);
#914=EDGE_CURVE('',#1082,#1145,#1266,.F.);
#915=EDGE_CURVE('',#1145,#1146,#1267,.T.);
#916=EDGE_CURVE('',#1083,#1146,#40,.T.);
#917=EDGE_CURVE('',#1140,#1147,#1268,.F.);
#918=EDGE_CURVE('',#1147,#1148,#1269,.F.);
#919=EDGE_CURVE('',#1138,#1148,#1270,.F.);
#920=EDGE_CURVE('',#1149,#1150,#1271,.F.);
#921=EDGE_CURVE('',#1072,#1149,#152,.T.);
#922=EDGE_CURVE('',#1073,#1150,#153,.T.);
#923=EDGE_CURVE('',#1151,#1152,#1272,.F.);
#924=EDGE_CURVE('',#1153,#1151,#154,.T.);
#925=EDGE_CURVE('',#1153,#1154,#1273,.T.);
#926=EDGE_CURVE('',#1154,#1152,#155,.T.);
#927=EDGE_CURVE('',#1155,#1156,#156,.T.);
#928=EDGE_CURVE('',#1157,#1155,#1274,.T.);
#929=EDGE_CURVE('',#1158,#1157,#157,.T.);
#930=EDGE_CURVE('',#1158,#1156,#1275,.F.);
#931=EDGE_CURVE('',#1156,#1128,#41,.T.);
#932=EDGE_CURVE('',#1129,#1158,#158,.T.);
#933=EDGE_CURVE('',#1159,#1160,#1276,.T.);
#934=EDGE_CURVE('',#1160,#1161,#159,.F.);
#935=EDGE_CURVE('',#1162,#1161,#1277,.F.);
#936=EDGE_CURVE('',#1094,#1162,#160,.F.);
#937=EDGE_CURVE('',#1095,#1163,#161,.F.);
#938=EDGE_CURVE('',#1163,#1164,#1278,.F.);
#939=EDGE_CURVE('',#1124,#1164,#162,.F.);
#940=EDGE_CURVE('',#1125,#1165,#163,.F.);
#941=EDGE_CURVE('',#1165,#1166,#1279,.F.);
#942=EDGE_CURVE('',#1159,#1166,#164,.F.);
#943=EDGE_CURVE('',#1167,#1167,#1280,.T.);
#944=EDGE_CURVE('',#1168,#1169,#1281,.T.);
#945=EDGE_CURVE('',#1168,#1118,#165,.T.);
#946=EDGE_CURVE('',#1169,#1121,#166,.T.);
#947=EDGE_CURVE('',#1170,#1171,#167,.T.);
#948=EDGE_CURVE('',#1171,#1115,#1282,.T.);
#949=EDGE_CURVE('',#1114,#1172,#1283,.T.);
#950=EDGE_CURVE('',#1173,#1172,#168,.T.);
#951=EDGE_CURVE('',#1170,#1173,#1284,.T.);
#952=EDGE_CURVE('',#1174,#1174,#1285,.T.);
#953=EDGE_CURVE('',#1175,#1175,#1286,.T.);
#954=EDGE_CURVE('',#1176,#1176,#1287,.T.);
#955=EDGE_CURVE('',#1177,#1177,#1288,.T.);
#956=EDGE_CURVE('',#1146,#1141,#42,.T.);
#957=EDGE_CURVE('',#1142,#1178,#43,.T.);
#958=EDGE_CURVE('',#1179,#1178,#169,.T.);
#959=EDGE_CURVE('',#1179,#1180,#44,.T.);
#960=EDGE_CURVE('',#1180,#1069,#45,.T.);
#961=EDGE_CURVE('',#1099,#1097,#46,.T.);
#962=EDGE_CURVE('',#1181,#1182,#170,.T.);
#963=EDGE_CURVE('',#1182,#1179,#1289,.T.);
#964=EDGE_CURVE('',#1178,#1109,#1290,.T.);
#965=EDGE_CURVE('',#1181,#1108,#1291,.F.);
#966=EDGE_CURVE('',#1096,#1127,#171,.T.);
#967=EDGE_CURVE('',#1162,#1098,#172,.T.);
#968=EDGE_CURVE('',#1161,#1183,#173,.T.);
#969=EDGE_CURVE('',#1183,#1117,#1292,.F.);
#970=EDGE_CURVE('',#1116,#1184,#1293,.F.);
#971=EDGE_CURVE('',#1184,#1126,#174,.T.);
#972=EDGE_CURVE('',#1185,#1185,#1294,.T.);
#973=EDGE_CURVE('',#1186,#1186,#1295,.T.);
#974=EDGE_CURVE('',#1187,#1188,#47,.T.);
#975=EDGE_CURVE('',#1188,#1189,#1296,.F.);
#976=EDGE_CURVE('',#1189,#1190,#48,.T.);
#977=EDGE_CURVE('',#1190,#1187,#1297,.F.);
#978=EDGE_CURVE('',#1142,#1190,#49,.T.);
#979=EDGE_CURVE('',#1187,#1110,#50,.F.);
#980=EDGE_CURVE('',#1188,#1109,#51,.F.);
#981=EDGE_CURVE('',#1178,#1189,#52,.T.);
#982=EDGE_CURVE('',#1172,#1113,#1298,.F.);
#983=EDGE_CURVE('',#1180,#1191,#1299,.T.);
#984=EDGE_CURVE('',#1070,#1191,#1300,.F.);
#985=EDGE_CURVE('',#1192,#1193,#1301,.F.);
#986=EDGE_CURVE('',#1157,#1192,#175,.T.);
#987=EDGE_CURVE('',#1155,#1193,#176,.T.);
#988=EDGE_CURVE('',#1194,#1153,#177,.T.);
#989=EDGE_CURVE('',#1194,#1195,#1302,.F.);
#990=EDGE_CURVE('',#1195,#1154,#178,.T.);
#991=EDGE_CURVE('',#1170,#1196,#53,.T.);
#992=EDGE_CURVE('',#1193,#1196,#179,.T.);
#993=EDGE_CURVE('',#1171,#1184,#54,.T.);
#994=EDGE_CURVE('',#1149,#1197,#180,.T.);
#995=EDGE_CURVE('',#1197,#1080,#55,.T.);
#996=EDGE_CURVE('',#1198,#1060,#181,.T.);
#997=EDGE_CURVE('',#1198,#1199,#1303,.F.);
#998=EDGE_CURVE('',#1199,#1061,#182,.T.);
#999=EDGE_CURVE('',#1067,#1200,#56,.T.);
#1000=EDGE_CURVE('',#1063,#1200,#183,.T.);
#1001=EDGE_CURVE('',#1058,#1201,#184,.T.);
#1002=EDGE_CURVE('',#1201,#1102,#57,.T.);
#1003=EDGE_CURVE('',#1183,#1101,#58,.T.);
#1004=EDGE_CURVE('',#1160,#1198,#59,.T.);
#1005=EDGE_CURVE('',#1159,#1199,#185,.T.);
#1006=EDGE_CURVE('',#1133,#1194,#186,.T.);
#1007=EDGE_CURVE('',#1132,#1195,#187,.T.);
#1008=EDGE_CURVE('',#1112,#1130,#188,.T.);
#1009=EDGE_CURVE('',#1144,#1131,#189,.T.);
#1010=EDGE_CURVE('',#1202,#1192,#190,.T.);
#1011=EDGE_CURVE('',#1202,#1173,#191,.T.);
#1012=EDGE_CURVE('',#1139,#1203,#192,.F.);
#1013=EDGE_CURVE('',#1152,#1203,#193,.T.);
#1014=EDGE_CURVE('',#1143,#1147,#1304,.F.);
#1015=EDGE_CURVE('',#1204,#1134,#194,.T.);
#1016=EDGE_CURVE('',#1204,#1205,#1305,.F.);
#1017=EDGE_CURVE('',#1205,#1135,#195,.T.);
#1018=EDGE_CURVE('',#1081,#1206,#196,.F.);
#1019=EDGE_CURVE('',#1150,#1206,#197,.T.);
#1020=EDGE_CURVE('',#1205,#1145,#1306,.F.);
#1021=EDGE_CURVE('',#1207,#1151,#198,.T.);
#1022=EDGE_CURVE('',#1207,#1137,#199,.T.);
#1023=EDGE_CURVE('',#1148,#1204,#1307,.T.);
#1024=EDGE_CURVE('',#1181,#1165,#200,.T.);
#1025=EDGE_CURVE('',#1106,#1166,#201,.T.);
#1026=EDGE_CURVE('',#1103,#1208,#202,.F.);
#1027=EDGE_CURVE('',#1059,#1208,#203,.T.);
#1028=EDGE_CURVE('',#1209,#1054,#204,.T.);
#1029=EDGE_CURVE('',#1209,#1169,#205,.T.);
#1030=EDGE_CURVE('',#1120,#1182,#1308,.T.);
#1031=EDGE_CURVE('',#1210,#1163,#206,.T.);
#1032=EDGE_CURVE('',#1210,#1211,#1309,.F.);
#1033=EDGE_CURVE('',#1211,#1164,#207,.T.);
#1034=EDGE_CURVE('',#1212,#1062,#208,.T.);
#1035=EDGE_CURVE('',#1212,#1071,#209,.T.);
#1036=EDGE_CURVE('',#1191,#1210,#1310,.T.);
#1037=EDGE_CURVE('',#1168,#1213,#210,.F.);
#1038=EDGE_CURVE('',#1055,#1213,#211,.T.);
#1039=EDGE_CURVE('',#1211,#1119,#1311,.F.);
#1040=EDGE_CURVE('',#1200,#1214,#212,.T.);
#1041=EDGE_CURVE('',#1063,#1214,#213,.T.);
#1042=EDGE_CURVE('',#1214,#1212,#1312,.T.);
#1043=EDGE_CURVE('',#1196,#1215,#214,.T.);
#1044=EDGE_CURVE('',#1193,#1215,#215,.T.);
#1045=EDGE_CURVE('',#1215,#1202,#1313,.T.);
#1046=EDGE_CURVE('',#1203,#1207,#1314,.T.);
#1047=EDGE_CURVE('',#1216,#1149,#216,.T.);
#1048=EDGE_CURVE('',#1216,#1197,#217,.T.);
#1049=EDGE_CURVE('',#1206,#1216,#1315,.T.);
#1050=EDGE_CURVE('',#1217,#1058,#218,.T.);
#1051=EDGE_CURVE('',#1217,#1201,#219,.T.);
#1052=EDGE_CURVE('',#1208,#1217,#1316,.T.);
#1053=EDGE_CURVE('',#1213,#1209,#1317,.T.);
#1054=VERTEX_POINT('',#2335);
#1055=VERTEX_POINT('',#2336);
#1056=VERTEX_POINT('',#2338);
#1057=VERTEX_POINT('',#2340);
#1058=VERTEX_POINT('',#2344);
#1059=VERTEX_POINT('',#2345);
#1060=VERTEX_POINT('',#2347);
#1061=VERTEX_POINT('',#2349);
#1062=VERTEX_POINT('',#2353);
#1063=VERTEX_POINT('',#2354);
#1064=VERTEX_POINT('',#2356);
#1065=VERTEX_POINT('',#2358);
#1066=VERTEX_POINT('',#2362);
#1067=VERTEX_POINT('',#2363);
#1068=VERTEX_POINT('',#2365);
#1069=VERTEX_POINT('',#2367);
#1070=VERTEX_POINT('',#2369);
#1071=VERTEX_POINT('',#2371);
#1072=VERTEX_POINT('',#2375);
#1073=VERTEX_POINT('',#2376);
#1074=VERTEX_POINT('',#2378);
#1075=VERTEX_POINT('',#2380);
#1076=VERTEX_POINT('',#2387);
#1077=VERTEX_POINT('',#2389);
#1078=VERTEX_POINT('',#2393);
#1079=VERTEX_POINT('',#2394);
#1080=VERTEX_POINT('',#2396);
#1081=VERTEX_POINT('',#2398);
#1082=VERTEX_POINT('',#2400);
#1083=VERTEX_POINT('',#2402);
#1084=VERTEX_POINT('',#2406);
#1085=VERTEX_POINT('',#2407);
#1086=VERTEX_POINT('',#2412);
#1087=VERTEX_POINT('',#2414);
#1088=VERTEX_POINT('',#2417);
#1089=VERTEX_POINT('',#2419);
#1090=VERTEX_POINT('',#2422);
#1091=VERTEX_POINT('',#2424);
#1092=VERTEX_POINT('',#2427);
#1093=VERTEX_POINT('',#2429);
#1094=VERTEX_POINT('',#2432);
#1095=VERTEX_POINT('',#2433);
#1096=VERTEX_POINT('',#2444);
#1097=VERTEX_POINT('',#2449);
#1098=VERTEX_POINT('',#2456);
#1099=VERTEX_POINT('',#2458);
#1100=VERTEX_POINT('',#2465);
#1101=VERTEX_POINT('',#2466);
#1102=VERTEX_POINT('',#2468);
#1103=VERTEX_POINT('',#2470);
#1104=VERTEX_POINT('',#2472);
#1105=VERTEX_POINT('',#2474);
#1106=VERTEX_POINT('',#2499);
#1107=VERTEX_POINT('',#2500);
#1108=VERTEX_POINT('',#2513);
#1109=VERTEX_POINT('',#2515);
#1110=VERTEX_POINT('',#2531);
#1111=VERTEX_POINT('',#2533);
#1112=VERTEX_POINT('',#2546);
#1113=VERTEX_POINT('',#2548);
#1114=VERTEX_POINT('',#2556);
#1115=VERTEX_POINT('',#2558);
#1116=VERTEX_POINT('',#2563);
#1117=VERTEX_POINT('',#2576);
#1118=VERTEX_POINT('',#2590);
#1119=VERTEX_POINT('',#2591);
#1120=VERTEX_POINT('',#2593);
#1121=VERTEX_POINT('',#2595);
#1122=VERTEX_POINT('',#2601);
#1123=VERTEX_POINT('',#2602);
#1124=VERTEX_POINT('',#2607);
#1125=VERTEX_POINT('',#2608);
#1126=VERTEX_POINT('',#2613);
#1127=VERTEX_POINT('',#2614);
#1128=VERTEX_POINT('',#2616);
#1129=VERTEX_POINT('',#2618);
#1130=VERTEX_POINT('',#2620);
#1131=VERTEX_POINT('',#2622);
#1132=VERTEX_POINT('',#2624);
#1133=VERTEX_POINT('',#2626);
#1134=VERTEX_POINT('',#2628);
#1135=VERTEX_POINT('',#2630);
#1136=VERTEX_POINT('',#2634);
#1137=VERTEX_POINT('',#2637);
#1138=VERTEX_POINT('',#2638);
#1139=VERTEX_POINT('',#2640);
#1140=VERTEX_POINT('',#2642);
#1141=VERTEX_POINT('',#2646);
#1142=VERTEX_POINT('',#2647);
#1143=VERTEX_POINT('',#2649);
#1144=VERTEX_POINT('',#2651);
#1145=VERTEX_POINT('',#2656);
#1146=VERTEX_POINT('',#2658);
#1147=VERTEX_POINT('',#2667);
#1148=VERTEX_POINT('',#2669);
#1149=VERTEX_POINT('',#2673);
#1150=VERTEX_POINT('',#2674);
#1151=VERTEX_POINT('',#2679);
#1152=VERTEX_POINT('',#2680);
#1153=VERTEX_POINT('',#2682);
#1154=VERTEX_POINT('',#2684);
#1155=VERTEX_POINT('',#2688);
#1156=VERTEX_POINT('',#2689);
#1157=VERTEX_POINT('',#2691);
#1158=VERTEX_POINT('',#2693);
#1159=VERTEX_POINT('',#2703);
#1160=VERTEX_POINT('',#2704);
#1161=VERTEX_POINT('',#2706);
#1162=VERTEX_POINT('',#2708);
#1163=VERTEX_POINT('',#2711);
#1164=VERTEX_POINT('',#2713);
#1165=VERTEX_POINT('',#2716);
#1166=VERTEX_POINT('',#2718);
#1167=VERTEX_POINT('',#2721);
#1168=VERTEX_POINT('',#2724);
#1169=VERTEX_POINT('',#2725);
#1170=VERTEX_POINT('',#2730);
#1171=VERTEX_POINT('',#2731);
#1172=VERTEX_POINT('',#2734);
#1173=VERTEX_POINT('',#2736);
#1174=VERTEX_POINT('',#2740);
#1175=VERTEX_POINT('',#2742);
#1176=VERTEX_POINT('',#2745);
#1177=VERTEX_POINT('',#2747);
#1178=VERTEX_POINT('',#2798);
#1179=VERTEX_POINT('',#2800);
#1180=VERTEX_POINT('',#2812);
#1181=VERTEX_POINT('',#2833);
#1182=VERTEX_POINT('',#2834);
#1183=VERTEX_POINT('',#2842);
#1184=VERTEX_POINT('',#2845);
#1185=VERTEX_POINT('',#2848);
#1186=VERTEX_POINT('',#2851);
#1187=VERTEX_POINT('',#2867);
#1188=VERTEX_POINT('',#2868);
#1189=VERTEX_POINT('',#2870);
#1190=VERTEX_POINT('',#2888);
#1191=VERTEX_POINT('',#3014);
#1192=VERTEX_POINT('',#3018);
#1193=VERTEX_POINT('',#3019);
#1194=VERTEX_POINT('',#3024);
#1195=VERTEX_POINT('',#3026);
#1196=VERTEX_POINT('',#3033);
#1197=VERTEX_POINT('',#3041);
#1198=VERTEX_POINT('',#3048);
#1199=VERTEX_POINT('',#3050);
#1200=VERTEX_POINT('',#3057);
#1201=VERTEX_POINT('',#3061);
#1202=VERTEX_POINT('',#3087);
#1203=VERTEX_POINT('',#3091);
#1204=VERTEX_POINT('',#3096);
#1205=VERTEX_POINT('',#3098);
#1206=VERTEX_POINT('',#3102);
#1207=VERTEX_POINT('',#3107);
#1208=VERTEX_POINT('',#3115);
#1209=VERTEX_POINT('',#3119);
#1210=VERTEX_POINT('',#3124);
#1211=VERTEX_POINT('',#3126);
#1212=VERTEX_POINT('',#3130);
#1213=VERTEX_POINT('',#3135);
#1214=VERTEX_POINT('',#3140);
#1215=VERTEX_POINT('',#3146);
#1216=VERTEX_POINT('',#3154);
#1217=VERTEX_POINT('',#3160);
#1218=CIRCLE('',#1668,0.0195);
#1219=CIRCLE('',#1669,0.0195);
#1220=CIRCLE('',#1671,0.0195);
#1221=CIRCLE('',#1672,0.0195);
#1222=CIRCLE('',#1674,0.0195);
#1223=CIRCLE('',#1675,0.0195);
#1224=CIRCLE('',#1677,0.0205);
#1225=CIRCLE('',#1678,0.0205);
#1226=CIRCLE('',#1679,0.0205);
#1227=CIRCLE('',#1681,0.0195);
#1228=CIRCLE('',#1682,0.01875);
#1229=CIRCLE('',#1684,0.01775);
#1230=CIRCLE('',#1686,0.0205);
#1231=CIRCLE('',#1687,0.0205);
#1232=CIRCLE('',#1688,0.0205);
#1233=CIRCLE('',#1690,0.01875);
#1234=CIRCLE('',#1692,0.001);
#1235=CIRCLE('',#1693,0.001);
#1236=CIRCLE('',#1695,0.001);
#1237=CIRCLE('',#1696,0.001);
#1238=CIRCLE('',#1698,0.001);
#1239=CIRCLE('',#1699,0.001);
#1240=CIRCLE('',#1701,0.001);
#1241=CIRCLE('',#1702,0.001);
#1242=CIRCLE('',#1704,0.01775);
#1243=CIRCLE('',#1706,0.0215);
#1244=CIRCLE('',#1708,0.0215);
#1245=CIRCLE('',#1710,0.0205);
#1246=CIRCLE('',#1711,0.0205);
#1247=CIRCLE('',#1712,0.0205);
#1248=CIRCLE('',#1714,0.004);
#1249=CIRCLE('',#1715,0.0191666666666665);
#1250=CIRCLE('',#1716,0.004);
#1251=CIRCLE('',#1717,0.0205);
#1252=CIRCLE('',#1719,0.004);
#1253=CIRCLE('',#1721,0.01875);
#1254=CIRCLE('',#1723,0.01775);
#1255=CIRCLE('',#1725,0.01775);
#1256=CIRCLE('',#1726,0.01775);
#1257=CIRCLE('',#1727,0.01775);
#1258=CIRCLE('',#1728,0.01775);
#1259=CIRCLE('',#1729,0.01775);
#1260=CIRCLE('',#1730,0.01775);
#1261=CIRCLE('',#1732,0.0205);
#1262=CIRCLE('',#1733,0.0205);
#1263=CIRCLE('',#1735,0.0185);
#1264=CIRCLE('',#1736,0.0185);
#1265=CIRCLE('',#1737,0.0185);
#1266=CIRCLE('',#1739,0.004);
#1267=CIRCLE('',#1740,0.0191666666666666);
#1268=CIRCLE('',#1742,0.004);
#1269=CIRCLE('',#1743,0.0191666666666665);
#1270=CIRCLE('',#1744,0.004);
#1271=CIRCLE('',#1746,0.0195);
#1272=CIRCLE('',#1748,0.0195);
#1273=CIRCLE('',#1749,0.0195);
#1274=CIRCLE('',#1751,0.0195);
#1275=CIRCLE('',#1752,0.01875);
#1276=CIRCLE('',#1755,0.01775);
#1277=CIRCLE('',#1756,0.01775);
#1278=CIRCLE('',#1757,0.01775);
#1279=CIRCLE('',#1758,0.01775);
#1280=CIRCLE('',#1759,0.01775);
#1281=CIRCLE('',#1761,0.0205);
#1282=CIRCLE('',#1763,0.0205);
#1283=CIRCLE('',#1764,0.0205);
#1284=CIRCLE('',#1765,0.0205);
#1285=CIRCLE('',#1767,0.016);
#1286=CIRCLE('',#1768,0.016);
#1287=CIRCLE('',#1770,0.016);
#1288=CIRCLE('',#1771,0.016);
#1289=CIRCLE('',#1773,0.0185);
#1290=CIRCLE('',#1774,0.0185);
#1291=CIRCLE('',#1775,0.0185);
#1292=CIRCLE('',#1777,0.0215);
#1293=CIRCLE('',#1778,0.0215);
#1294=CIRCLE('',#1779,0.001);
#1295=CIRCLE('',#1781,0.001);
#1296=CIRCLE('',#1782,0.0175);
#1297=CIRCLE('',#1783,0.0175);
#1298=CIRCLE('',#1789,0.004);
#1299=CIRCLE('',#1791,0.0191666666666665);
#1300=CIRCLE('',#1792,0.004);
#1301=CIRCLE('',#1794,0.0195);
#1302=CIRCLE('',#1796,0.01875);
#1303=CIRCLE('',#1800,0.01875);
#1304=CIRCLE('',#1811,0.002);
#1305=CIRCLE('',#1813,0.0187521579919807);
#1306=CIRCLE('',#1815,0.002);
#1307=CIRCLE('',#1817,0.002);
#1308=CIRCLE('',#1821,0.002);
#1309=CIRCLE('',#1823,0.0187521579919807);
#1310=CIRCLE('',#1825,0.002);
#1311=CIRCLE('',#1827,0.002);
#1312=CIRCLE('',#1830,0.0185);
#1313=CIRCLE('',#1833,0.0185);
#1314=CIRCLE('',#1835,0.0185);
#1315=CIRCLE('',#1838,0.0185);
#1316=CIRCLE('',#1841,0.0185);
#1317=CIRCLE('',#1843,0.0185);
#1318=EDGE_LOOP('',(#328,#329,#330,#331));
#1319=EDGE_LOOP('',(#332,#333,#334,#335));
#1320=EDGE_LOOP('',(#336,#337,#338,#339));
#1321=EDGE_LOOP('',(#340,#341,#342,#343,#344,#345));
#1322=EDGE_LOOP('',(#346,#347,#348,#349));
#1323=EDGE_LOOP('',(#350,#351,#352,#353));
#1324=EDGE_LOOP('',(#354,#355,#356,#357,#358,#359));
#1325=EDGE_LOOP('',(#360,#361,#362,#363));
#1326=EDGE_LOOP('',(#364));
#1327=EDGE_LOOP('',(#365));
#1328=EDGE_LOOP('',(#366));
#1329=EDGE_LOOP('',(#367));
#1330=EDGE_LOOP('',(#368));
#1331=EDGE_LOOP('',(#369));
#1332=EDGE_LOOP('',(#370));
#1333=EDGE_LOOP('',(#371));
#1334=EDGE_LOOP('',(#372,#373,#374,#375));
#1335=EDGE_LOOP('',(#376,#377,#378,#379));
#1336=EDGE_LOOP('',(#380,#381,#382,#383));
#1337=EDGE_LOOP('',(#384,#385,#386,#387,#388,#389));
#1338=EDGE_LOOP('',(#390,#391,#392,#393,#394,#395,#396,#397,#398,#399,#400,
#401,#402,#403));
#1339=EDGE_LOOP('',(#404,#405,#406,#407));
#1340=EDGE_LOOP('',(#408,#409,#410));
#1341=EDGE_LOOP('',(#411,#412,#413,#414));
#1342=EDGE_LOOP('',(#415,#416,#417,#418));
#1343=EDGE_LOOP('',(#419,#420,#421,#422,#423,#424,#425,#426,#427,#428,#429,
#430));
#1344=EDGE_LOOP('',(#431));
#1345=EDGE_LOOP('',(#432,#433,#434,#435));
#1346=EDGE_LOOP('',(#436,#437,#438,#439,#440,#441));
#1347=EDGE_LOOP('',(#442,#443,#444,#445));
#1348=EDGE_LOOP('',(#446,#447,#448,#449));
#1349=EDGE_LOOP('',(#450,#451,#452,#453));
#1350=EDGE_LOOP('',(#454,#455,#456,#457));
#1351=EDGE_LOOP('',(#458,#459,#460,#461));
#1352=EDGE_LOOP('',(#462,#463,#464,#465));
#1353=EDGE_LOOP('',(#466,#467,#468,#469,#470,#471,#472,#473,#474,#475,#476,
#477));
#1354=EDGE_LOOP('',(#478));
#1355=EDGE_LOOP('',(#479,#480,#481,#482));
#1356=EDGE_LOOP('',(#483,#484,#485,#486,#487,#488));
#1357=EDGE_LOOP('',(#489));
#1358=EDGE_LOOP('',(#490));
#1359=EDGE_LOOP('',(#491));
#1360=EDGE_LOOP('',(#492));
#1361=EDGE_LOOP('',(#493,#494,#495,#496,#497,#498,#499,#500,#501,#502,#503,
#504));
#1362=EDGE_LOOP('',(#505,#506,#507,#508,#509,#510));
#1363=EDGE_LOOP('',(#511));
#1364=EDGE_LOOP('',(#512,#513,#514,#515,#516,#517,#518,#519,#520,#521,#522,
#523));
#1365=EDGE_LOOP('',(#524));
#1366=EDGE_LOOP('',(#525));
#1367=EDGE_LOOP('',(#526));
#1368=EDGE_LOOP('',(#527));
#1369=EDGE_LOOP('',(#528));
#1370=EDGE_LOOP('',(#529));
#1371=EDGE_LOOP('',(#530));
#1372=EDGE_LOOP('',(#531));
#1373=EDGE_LOOP('',(#532));
#1374=EDGE_LOOP('',(#533,#534,#535,#536));
#1375=EDGE_LOOP('',(#537));
#1376=EDGE_LOOP('',(#538));
#1377=EDGE_LOOP('',(#539));
#1378=EDGE_LOOP('',(#540));
#1379=EDGE_LOOP('',(#541));
#1380=EDGE_LOOP('',(#542));
#1381=EDGE_LOOP('',(#543,#544,#545,#546));
#1382=EDGE_LOOP('',(#547,#548,#549,#550));
#1383=EDGE_LOOP('',(#551,#552,#553,#554));
#1384=EDGE_LOOP('',(#555,#556,#557,#558));
#1385=EDGE_LOOP('',(#559,#560,#561));
#1386=EDGE_LOOP('',(#562,#563,#564,#565));
#1387=EDGE_LOOP('',(#566,#567,#568,#569));
#1388=EDGE_LOOP('',(#570,#571,#572,#573));
#1389=EDGE_LOOP('',(#574,#575,#576,#577,#578,#579,#580,#581,#582));
#1390=EDGE_LOOP('',(#583,#584,#585,#586,#587,#588,#589,#590,#591));
#1391=EDGE_LOOP('',(#592,#593,#594,#595));
#1392=EDGE_LOOP('',(#596,#597,#598,#599,#600,#601,#602,#603,#604));
#1393=EDGE_LOOP('',(#605,#606,#607,#608,#609,#610,#611,#612,#613));
#1394=EDGE_LOOP('',(#614));
#1395=EDGE_LOOP('',(#615));
#1396=EDGE_LOOP('',(#616,#617,#618,#619));
#1397=EDGE_LOOP('',(#620,#621,#622,#623));
#1398=EDGE_LOOP('',(#624,#625,#626,#627));
#1399=EDGE_LOOP('',(#628,#629,#630,#631));
#1400=EDGE_LOOP('',(#632,#633,#634,#635,#636));
#1401=EDGE_LOOP('',(#637,#638,#639,#640,#641,#642,#643,#644,#645,#646));
#1402=EDGE_LOOP('',(#647,#648,#649,#650,#651,#652,#653,#654,#655,#656,#657));
#1403=EDGE_LOOP('',(#658,#659,#660,#661));
#1404=EDGE_LOOP('',(#662,#663,#664,#665,#666,#667,#668,#669,#670,#671));
#1405=EDGE_LOOP('',(#672,#673,#674,#675,#676,#677,#678,#679,#680,#681));
#1406=EDGE_LOOP('',(#682,#683,#684,#685,#686));
#1407=EDGE_LOOP('',(#687,#688,#689,#690,#691,#692,#693,#694,#695,#696));
#1408=EDGE_LOOP('',(#697,#698,#699,#700,#701,#702,#703,#704,#705,#706,#707));
#1409=EDGE_LOOP('',(#708,#709,#710,#711));
#1410=EDGE_LOOP('',(#712,#713,#714,#715,#716,#717,#718,#719,#720,#721));
#1411=EDGE_LOOP('',(#722,#723,#724,#725,#726,#727,#728,#729,#730,#731));
#1412=EDGE_LOOP('',(#732,#733,#734));
#1413=EDGE_LOOP('',(#735,#736,#737,#738));
#1414=EDGE_LOOP('',(#739,#740,#741));
#1415=EDGE_LOOP('',(#742,#743,#744,#745));
#1416=EDGE_LOOP('',(#746,#747,#748,#749));
#1417=EDGE_LOOP('',(#750,#751,#752));
#1418=EDGE_LOOP('',(#753,#754,#755,#756));
#1419=EDGE_LOOP('',(#757,#758,#759));
#1420=EDGE_LOOP('',(#760,#761,#762,#763));
#1421=EDGE_LOOP('',(#764,#765,#766,#767));
#1422=EDGE_LOOP('',(#768,#769,#770,#771,#772));
#1423=EDGE_LOOP('',(#773,#774,#775,#776));
#1424=EDGE_LOOP('',(#777,#778,#779,#780,#781));
#1425=EDGE_LOOP('',(#782,#783,#784,#785,#786));
#1426=EDGE_LOOP('',(#787,#788,#789,#790,#791));
#1427=EDGE_LOOP('',(#792,#793,#794,#795));
#1428=EDGE_LOOP('',(#796,#797,#798,#799,#800,#801,#802,#803));
#1429=EDGE_LOOP('',(#804,#805,#806,#807,#808,#809,#810,#811));
#1430=FACE_BOUND('',#1318,.T.);
#1431=FACE_BOUND('',#1319,.T.);
#1432=FACE_BOUND('',#1320,.T.);
#1433=FACE_BOUND('',#1321,.T.);
#1434=FACE_BOUND('',#1322,.T.);
#1435=FACE_BOUND('',#1323,.T.);
#1436=FACE_BOUND('',#1324,.T.);
#1437=FACE_BOUND('',#1325,.T.);
#1438=FACE_BOUND('',#1326,.T.);
#1439=FACE_BOUND('',#1327,.T.);
#1440=FACE_BOUND('',#1328,.T.);
#1441=FACE_BOUND('',#1329,.T.);
#1442=FACE_BOUND('',#1330,.T.);
#1443=FACE_BOUND('',#1331,.T.);
#1444=FACE_BOUND('',#1332,.T.);
#1445=FACE_BOUND('',#1333,.T.);
#1446=FACE_BOUND('',#1334,.T.);
#1447=FACE_BOUND('',#1335,.T.);
#1448=FACE_BOUND('',#1336,.T.);
#1449=FACE_BOUND('',#1337,.T.);
#1450=FACE_BOUND('',#1338,.T.);
#1451=FACE_BOUND('',#1339,.T.);
#1452=FACE_BOUND('',#1340,.T.);
#1453=FACE_BOUND('',#1341,.T.);
#1454=FACE_BOUND('',#1342,.T.);
#1455=FACE_BOUND('',#1343,.T.);
#1456=FACE_BOUND('',#1344,.T.);
#1457=FACE_BOUND('',#1345,.T.);
#1458=FACE_BOUND('',#1346,.T.);
#1459=FACE_BOUND('',#1347,.T.);
#1460=FACE_BOUND('',#1348,.T.);
#1461=FACE_BOUND('',#1349,.T.);
#1462=FACE_BOUND('',#1350,.T.);
#1463=FACE_BOUND('',#1351,.T.);
#1464=FACE_BOUND('',#1352,.T.);
#1465=FACE_BOUND('',#1353,.T.);
#1466=FACE_BOUND('',#1354,.T.);
#1467=FACE_BOUND('',#1355,.T.);
#1468=FACE_BOUND('',#1356,.T.);
#1469=FACE_BOUND('',#1357,.T.);
#1470=FACE_BOUND('',#1358,.T.);
#1471=FACE_BOUND('',#1359,.T.);
#1472=FACE_BOUND('',#1360,.T.);
#1473=FACE_BOUND('',#1361,.T.);
#1474=FACE_BOUND('',#1362,.T.);
#1475=FACE_BOUND('',#1363,.T.);
#1476=FACE_BOUND('',#1364,.T.);
#1477=FACE_BOUND('',#1365,.T.);
#1478=FACE_BOUND('',#1366,.T.);
#1479=FACE_BOUND('',#1367,.T.);
#1480=FACE_BOUND('',#1368,.T.);
#1481=FACE_BOUND('',#1369,.T.);
#1482=FACE_BOUND('',#1370,.T.);
#1483=FACE_BOUND('',#1371,.T.);
#1484=FACE_BOUND('',#1372,.T.);
#1485=FACE_BOUND('',#1373,.T.);
#1486=FACE_BOUND('',#1374,.T.);
#1487=FACE_BOUND('',#1375,.T.);
#1488=FACE_BOUND('',#1376,.T.);
#1489=FACE_BOUND('',#1377,.T.);
#1490=FACE_BOUND('',#1378,.T.);
#1491=FACE_BOUND('',#1379,.T.);
#1492=FACE_BOUND('',#1380,.T.);
#1493=FACE_BOUND('',#1381,.T.);
#1494=FACE_BOUND('',#1382,.T.);
#1495=FACE_BOUND('',#1383,.T.);
#1496=FACE_BOUND('',#1384,.T.);
#1497=FACE_BOUND('',#1385,.T.);
#1498=FACE_BOUND('',#1386,.T.);
#1499=FACE_BOUND('',#1387,.T.);
#1500=FACE_BOUND('',#1388,.T.);
#1501=FACE_BOUND('',#1389,.T.);
#1502=FACE_BOUND('',#1390,.T.);
#1503=FACE_BOUND('',#1391,.T.);
#1504=FACE_BOUND('',#1392,.T.);
#1505=FACE_BOUND('',#1393,.T.);
#1506=FACE_BOUND('',#1394,.T.);
#1507=FACE_BOUND('',#1395,.T.);
#1508=FACE_BOUND('',#1396,.T.);
#1509=FACE_BOUND('',#1397,.T.);
#1510=FACE_BOUND('',#1398,.T.);
#1511=FACE_BOUND('',#1399,.T.);
#1512=FACE_BOUND('',#1400,.T.);
#1513=FACE_BOUND('',#1401,.T.);
#1514=FACE_BOUND('',#1402,.T.);
#1515=FACE_BOUND('',#1403,.T.);
#1516=FACE_BOUND('',#1404,.T.);
#1517=FACE_BOUND('',#1405,.T.);
#1518=FACE_BOUND('',#1406,.T.);
#1519=FACE_BOUND('',#1407,.T.);
#1520=FACE_BOUND('',#1408,.T.);
#1521=FACE_BOUND('',#1409,.T.);
#1522=FACE_BOUND('',#1410,.T.);
#1523=FACE_BOUND('',#1411,.T.);
#1524=FACE_BOUND('',#1412,.T.);
#1525=FACE_BOUND('',#1413,.T.);
#1526=FACE_BOUND('',#1414,.T.);
#1527=FACE_BOUND('',#1415,.T.);
#1528=FACE_BOUND('',#1416,.T.);
#1529=FACE_BOUND('',#1417,.T.);
#1530=FACE_BOUND('',#1418,.T.);
#1531=FACE_BOUND('',#1419,.T.);
#1532=FACE_BOUND('',#1420,.T.);
#1533=FACE_BOUND('',#1421,.T.);
#1534=FACE_BOUND('',#1422,.T.);
#1535=FACE_BOUND('',#1423,.T.);
#1536=FACE_BOUND('',#1424,.T.);
#1537=FACE_BOUND('',#1425,.T.);
#1538=FACE_BOUND('',#1426,.T.);
#1539=FACE_BOUND('',#1427,.T.);
#1540=FACE_BOUND('',#1428,.T.);
#1541=FACE_BOUND('',#1429,.T.);
#1542=CYLINDRICAL_SURFACE('',#1667,0.0195);
#1543=CYLINDRICAL_SURFACE('',#1670,0.0195);
#1544=CYLINDRICAL_SURFACE('',#1673,0.0195);
#1545=CYLINDRICAL_SURFACE('',#1676,0.0205);
#1546=CYLINDRICAL_SURFACE('',#1685,0.0205);
#1547=CYLINDRICAL_SURFACE('',#1691,0.001);
#1548=CYLINDRICAL_SURFACE('',#1694,0.001);
#1549=CYLINDRICAL_SURFACE('',#1697,0.001);
#1550=CYLINDRICAL_SURFACE('',#1700,0.001);
#1551=CYLINDRICAL_SURFACE('',#1709,0.0205);
#1552=CYLINDRICAL_SURFACE('',#1724,0.01775);
#1553=CYLINDRICAL_SURFACE('',#1731,0.0205);
#1554=CYLINDRICAL_SURFACE('',#1734,0.0185);
#1555=CYLINDRICAL_SURFACE('',#1745,0.0195);
#1556=CYLINDRICAL_SURFACE('',#1747,0.0195);
#1557=CYLINDRICAL_SURFACE('',#1754,0.01775);
#1558=CYLINDRICAL_SURFACE('',#1760,0.0205);
#1559=CYLINDRICAL_SURFACE('',#1762,0.0205);
#1560=CYLINDRICAL_SURFACE('',#1766,0.016);
#1561=CYLINDRICAL_SURFACE('',#1769,0.016);
#1562=CYLINDRICAL_SURFACE('',#1772,0.0185);
#1563=CYLINDRICAL_SURFACE('',#1793,0.0195);
#1564=CYLINDRICAL_SURFACE('',#1803,0.001);
#1565=ADVANCED_FACE('',(#1430),#1542,.F.);
#1566=ADVANCED_FACE('',(#1431),#1543,.F.);
#1567=ADVANCED_FACE('',(#1432),#1544,.F.);
#1568=ADVANCED_FACE('',(#1433),#1545,.T.);
#1569=ADVANCED_FACE('',(#1434),#76,.T.);
#1570=ADVANCED_FACE('',(#1435),#60,.F.);
#1571=ADVANCED_FACE('',(#1436),#1546,.T.);
#1572=ADVANCED_FACE('',(#1437),#77,.T.);
#1573=ADVANCED_FACE('',(#1438,#1439),#1547,.F.);
#1574=ADVANCED_FACE('',(#1440,#1441),#1548,.F.);
#1575=ADVANCED_FACE('',(#1442,#1443),#1549,.F.);
#1576=ADVANCED_FACE('',(#1444,#1445),#1550,.F.);
#1577=ADVANCED_FACE('',(#1446),#61,.F.);
#1578=ADVANCED_FACE('',(#1447),#62,.T.);
#1579=ADVANCED_FACE('',(#1448),#63,.T.);
#1580=ADVANCED_FACE('',(#1449),#1551,.T.);
#1581=ADVANCED_FACE('',(#1450),#24,.F.);
#1582=ADVANCED_FACE('',(#1451),#14,.T.);
#1583=ADVANCED_FACE('',(#1452),#15,.T.);
#1584=ADVANCED_FACE('',(#1453),#78,.T.);
#1585=ADVANCED_FACE('',(#1454),#64,.F.);
#1586=ADVANCED_FACE('',(#1455,#1456),#1552,.F.);
#1587=ADVANCED_FACE('',(#1457),#1553,.T.);
#1588=ADVANCED_FACE('',(#1458),#1554,.T.);
#1589=ADVANCED_FACE('',(#1459),#16,.T.);
#1590=ADVANCED_FACE('',(#1460),#17,.T.);
#1591=ADVANCED_FACE('',(#1461),#1555,.F.);
#1592=ADVANCED_FACE('',(#1462),#1556,.F.);
#1593=ADVANCED_FACE('',(#1463),#79,.T.);
#1594=ADVANCED_FACE('',(#1464),#65,.F.);
#1595=ADVANCED_FACE('',(#1465,#1466),#1557,.F.);
#1596=ADVANCED_FACE('',(#1467),#1558,.T.);
#1597=ADVANCED_FACE('',(#1468),#1559,.T.);
#1598=ADVANCED_FACE('',(#1469,#1470),#1560,.F.);
#1599=ADVANCED_FACE('',(#1471,#1472),#1561,.F.);
#1600=ADVANCED_FACE('',(#1473),#25,.T.);
#1601=ADVANCED_FACE('',(#1474),#1562,.T.);
#1602=ADVANCED_FACE('',(#1475,#1476,#1477,#1478,#1479,#1480),#80,.T.);
#1603=ADVANCED_FACE('',(#1481,#1482,#1483,#1484,#1485,#1486,#1487,#1488),
#81,.F.);
#1604=ADVANCED_FACE('',(#1489,#1490),#82,.T.);
#1605=ADVANCED_FACE('',(#1491,#1492),#83,.T.);
#1606=ADVANCED_FACE('',(#1493),#18,.T.);
#1607=ADVANCED_FACE('',(#1494),#12,.T.);
#1608=ADVANCED_FACE('',(#1495),#13,.T.);
#1609=ADVANCED_FACE('',(#1496),#19,.T.);
#1610=ADVANCED_FACE('',(#1497),#20,.T.);
#1611=ADVANCED_FACE('',(#1498),#21,.T.);
#1612=ADVANCED_FACE('',(#1499),#1563,.F.);
#1613=ADVANCED_FACE('',(#1500),#84,.T.);
#1614=ADVANCED_FACE('',(#1501),#85,.F.);
#1615=ADVANCED_FACE('',(#1502),#86,.T.);
#1616=ADVANCED_FACE('',(#1503),#87,.T.);
#1617=ADVANCED_FACE('',(#1504),#88,.T.);
#1618=ADVANCED_FACE('',(#1505),#89,.F.);
#1619=ADVANCED_FACE('',(#1506,#1507),#1564,.F.);
#1620=ADVANCED_FACE('',(#1508),#66,.F.);
#1621=ADVANCED_FACE('',(#1509),#67,.F.);
#1622=ADVANCED_FACE('',(#1510),#68,.T.);
#1623=ADVANCED_FACE('',(#1511),#69,.T.);
#1624=ADVANCED_FACE('',(#1512),#90,.F.);
#1625=ADVANCED_FACE('',(#1513),#91,.F.);
#1626=ADVANCED_FACE('',(#1514),#92,.T.);
#1627=ADVANCED_FACE('',(#1515),#93,.F.);
#1628=ADVANCED_FACE('',(#1516),#94,.T.);
#1629=ADVANCED_FACE('',(#1517),#95,.F.);
#1630=ADVANCED_FACE('',(#1518),#96,.F.);
#1631=ADVANCED_FACE('',(#1519),#97,.T.);
#1632=ADVANCED_FACE('',(#1520),#98,.F.);
#1633=ADVANCED_FACE('',(#1521),#99,.F.);
#1634=ADVANCED_FACE('',(#1522),#100,.F.);
#1635=ADVANCED_FACE('',(#1523),#101,.T.);
#1636=ADVANCED_FACE('',(#1524),#102,.F.);
#1637=ADVANCED_FACE('',(#1525),#103,.F.);
#1638=ADVANCED_FACE('',(#1526),#104,.F.);
#1639=ADVANCED_FACE('',(#1527),#105,.F.);
#1640=ADVANCED_FACE('',(#1528),#106,.F.);
#1641=ADVANCED_FACE('',(#1529),#107,.F.);
#1642=ADVANCED_FACE('',(#1530),#108,.F.);
#1643=ADVANCED_FACE('',(#1531),#109,.F.);
#1644=ADVANCED_FACE('',(#1532),#110,.F.);
#1645=ADVANCED_FACE('',(#1533),#111,.F.);
#1646=ADVANCED_FACE('',(#1534),#70,.F.);
#1647=ADVANCED_FACE('',(#1535),#71,.F.);
#1648=ADVANCED_FACE('',(#1536),#72,.F.);
#1649=ADVANCED_FACE('',(#1537),#73,.F.);
#1650=ADVANCED_FACE('',(#1538),#74,.F.);
#1651=ADVANCED_FACE('',(#1539),#75,.F.);
#1652=ADVANCED_FACE('',(#1540),#22,.F.);
#1653=ADVANCED_FACE('',(#1541),#23,.F.);
#1654=CLOSED_SHELL('',(#1565,#1566,#1567,#1568,#1569,#1570,#1571,#1572,
#1573,#1574,#1575,#1576,#1577,#1578,#1579,#1580,#1581,#1582,#1583,#1584,
#1585,#1586,#1587,#1588,#1589,#1590,#1591,#1592,#1593,#1594,#1595,#1596,
#1597,#1598,#1599,#1600,#1601,#1602,#1603,#1604,#1605,#1606,#1607,#1608,
#1609,#1610,#1611,#1612,#1613,#1614,#1615,#1616,#1617,#1618,#1619,#1620,
#1621,#1622,#1623,#1624,#1625,#1626,#1627,#1628,#1629,#1630,#1631,#1632,
#1633,#1634,#1635,#1636,#1637,#1638,#1639,#1640,#1641,#1642,#1643,#1644,
#1645,#1646,#1647,#1648,#1649,#1650,#1651,#1652,#1653));
#1655=STYLED_ITEM('',(#1656),#1663);
#1656=PRESENTATION_STYLE_ASSIGNMENT((#1657));
#1657=SURFACE_STYLE_USAGE(.BOTH.,#1658);
#1658=SURFACE_SIDE_STYLE('',(#1659));
#1659=SURFACE_STYLE_FILL_AREA(#1660);
#1660=FILL_AREA_STYLE('',(#1661));
#1661=FILL_AREA_STYLE_COLOUR('',#1662);
#1662=COLOUR_RGB('',0.231372549019608,0.380392156862745,0.705882352941177);
#1663=MANIFOLD_SOLID_BREP('frame v2',#1654);
#1664=SHAPE_DEFINITION_REPRESENTATION(#3180,#1665);
#1665=SHAPE_REPRESENTATION('frame v2',(#1666),#3175);
#1666=AXIS2_PLACEMENT_3D('',#2332,#1852,#1853);
#1667=AXIS2_PLACEMENT_3D('',#2333,#1854,#1855);
#1668=AXIS2_PLACEMENT_3D('',#2334,#1856,#1857);
#1669=AXIS2_PLACEMENT_3D('',#2339,#1859,#1860);
#1670=AXIS2_PLACEMENT_3D('',#2342,#1862,#1863);
#1671=AXIS2_PLACEMENT_3D('',#2343,#1864,#1865);
#1672=AXIS2_PLACEMENT_3D('',#2348,#1867,#1868);
#1673=AXIS2_PLACEMENT_3D('',#2351,#1870,#1871);
#1674=AXIS2_PLACEMENT_3D('',#2352,#1872,#1873);
#1675=AXIS2_PLACEMENT_3D('',#2357,#1875,#1876);
#1676=AXIS2_PLACEMENT_3D('',#2360,#1878,#1879);
#1677=AXIS2_PLACEMENT_3D('',#2364,#1881,#1882);
#1678=AXIS2_PLACEMENT_3D('',#2368,#1884,#1885);
#1679=AXIS2_PLACEMENT_3D('',#2372,#1887,#1888);
#1680=AXIS2_PLACEMENT_3D('',#2373,#1889,#1890);
#1681=AXIS2_PLACEMENT_3D('',#2374,#1891,#1892);
#1682=AXIS2_PLACEMENT_3D('',#2379,#1894,#1895);
#1683=AXIS2_PLACEMENT_3D('',#2382,#1897,#1898);
#1684=AXIS2_PLACEMENT_3D('',#2388,#1899,#1900);
#1685=AXIS2_PLACEMENT_3D('',#2391,#1902,#1903);
#1686=AXIS2_PLACEMENT_3D('',#2392,#1904,#1905);
#1687=AXIS2_PLACEMENT_3D('',#2397,#1907,#1908);
#1688=AXIS2_PLACEMENT_3D('',#2401,#1910,#1911);
#1689=AXIS2_PLACEMENT_3D('',#2404,#1913,#1914);
#1690=AXIS2_PLACEMENT_3D('',#2405,#1915,#1916);
#1691=AXIS2_PLACEMENT_3D('',#2410,#1919,#1920);
#1692=AXIS2_PLACEMENT_3D('',#2411,#1921,#1922);
#1693=AXIS2_PLACEMENT_3D('',#2413,#1923,#1924);
#1694=AXIS2_PLACEMENT_3D('',#2415,#1925,#1926);
#1695=AXIS2_PLACEMENT_3D('',#2416,#1927,#1928);
#1696=AXIS2_PLACEMENT_3D('',#2418,#1929,#1930);
#1697=AXIS2_PLACEMENT_3D('',#2420,#1931,#1932);
#1698=AXIS2_PLACEMENT_3D('',#2421,#1933,#1934);
#1699=AXIS2_PLACEMENT_3D('',#2423,#1935,#1936);
#1700=AXIS2_PLACEMENT_3D('',#2425,#1937,#1938);
#1701=AXIS2_PLACEMENT_3D('',#2426,#1939,#1940);
#1702=AXIS2_PLACEMENT_3D('',#2428,#1941,#1942);
#1703=AXIS2_PLACEMENT_3D('',#2430,#1943,#1944);
#1704=AXIS2_PLACEMENT_3D('',#2431,#1945,#1946);
#1705=AXIS2_PLACEMENT_3D('',#2439,#1948,#1949);
#1706=AXIS2_PLACEMENT_3D('',#2450,#1950,#1951);
#1707=AXIS2_PLACEMENT_3D('',#2451,#1952,#1953);
#1708=AXIS2_PLACEMENT_3D('',#2457,#1954,#1955);
#1709=AXIS2_PLACEMENT_3D('',#2463,#1956,#1957);
#1710=AXIS2_PLACEMENT_3D('',#2464,#1958,#1959);
#1711=AXIS2_PLACEMENT_3D('',#2469,#1961,#1962);
#1712=AXIS2_PLACEMENT_3D('',#2473,#1964,#1965);
#1713=AXIS2_PLACEMENT_3D('',#2588,#1972,#1973);
#1714=AXIS2_PLACEMENT_3D('',#2589,#1974,#1975);
#1715=AXIS2_PLACEMENT_3D('',#2592,#1976,#1977);
#1716=AXIS2_PLACEMENT_3D('',#2594,#1978,#1979);
#1717=AXIS2_PLACEMENT_3D('',#2596,#1980,#1981);
#1718=AXIS2_PLACEMENT_3D('',#2597,#1982,#1983);
#1719=AXIS2_PLACEMENT_3D('',#2598,#1984,#1985);
#1720=AXIS2_PLACEMENT_3D('',#2599,#1986,#1987);
#1721=AXIS2_PLACEMENT_3D('',#2600,#1988,#1989);
#1722=AXIS2_PLACEMENT_3D('',#2605,#1992,#1993);
#1723=AXIS2_PLACEMENT_3D('',#2606,#1994,#1995);
#1724=AXIS2_PLACEMENT_3D('',#2611,#1998,#1999);
#1725=AXIS2_PLACEMENT_3D('',#2612,#2000,#2001);
#1726=AXIS2_PLACEMENT_3D('',#2617,#2003,#2004);
#1727=AXIS2_PLACEMENT_3D('',#2621,#2006,#2007);
#1728=AXIS2_PLACEMENT_3D('',#2625,#2009,#2010);
#1729=AXIS2_PLACEMENT_3D('',#2629,#2012,#2013);
#1730=AXIS2_PLACEMENT_3D('',#2633,#2016,#2017);
#1731=AXIS2_PLACEMENT_3D('',#2635,#2018,#2019);
#1732=AXIS2_PLACEMENT_3D('',#2639,#2021,#2022);
#1733=AXIS2_PLACEMENT_3D('',#2643,#2024,#2025);
#1734=AXIS2_PLACEMENT_3D('',#2644,#2026,#2027);
#1735=AXIS2_PLACEMENT_3D('',#2648,#2029,#2030);
#1736=AXIS2_PLACEMENT_3D('',#2652,#2032,#2033);
#1737=AXIS2_PLACEMENT_3D('',#2653,#2034,#2035);
#1738=AXIS2_PLACEMENT_3D('',#2654,#2036,#2037);
#1739=AXIS2_PLACEMENT_3D('',#2655,#2038,#2039);
#1740=AXIS2_PLACEMENT_3D('',#2657,#2040,#2041);
#1741=AXIS2_PLACEMENT_3D('',#2665,#2042,#2043);
#1742=AXIS2_PLACEMENT_3D('',#2666,#2044,#2045);
#1743=AXIS2_PLACEMENT_3D('',#2668,#2046,#2047);
#1744=AXIS2_PLACEMENT_3D('',#2670,#2048,#2049);
#1745=AXIS2_PLACEMENT_3D('',#2671,#2050,#2051);
#1746=AXIS2_PLACEMENT_3D('',#2672,#2052,#2053);
#1747=AXIS2_PLACEMENT_3D('',#2677,#2056,#2057);
#1748=AXIS2_PLACEMENT_3D('',#2678,#2058,#2059);
#1749=AXIS2_PLACEMENT_3D('',#2683,#2061,#2062);
#1750=AXIS2_PLACEMENT_3D('',#2686,#2064,#2065);
#1751=AXIS2_PLACEMENT_3D('',#2690,#2067,#2068);
#1752=AXIS2_PLACEMENT_3D('',#2694,#2070,#2071);
#1753=AXIS2_PLACEMENT_3D('',#2695,#2072,#2073);
#1754=AXIS2_PLACEMENT_3D('',#2701,#2075,#2076);
#1755=AXIS2_PLACEMENT_3D('',#2702,#2077,#2078);
#1756=AXIS2_PLACEMENT_3D('',#2707,#2080,#2081);
#1757=AXIS2_PLACEMENT_3D('',#2712,#2084,#2085);
#1758=AXIS2_PLACEMENT_3D('',#2717,#2088,#2089);
#1759=AXIS2_PLACEMENT_3D('',#2720,#2091,#2092);
#1760=AXIS2_PLACEMENT_3D('',#2722,#2093,#2094);
#1761=AXIS2_PLACEMENT_3D('',#2723,#2095,#2096);
#1762=AXIS2_PLACEMENT_3D('',#2728,#2099,#2100);
#1763=AXIS2_PLACEMENT_3D('',#2732,#2102,#2103);
#1764=AXIS2_PLACEMENT_3D('',#2733,#2104,#2105);
#1765=AXIS2_PLACEMENT_3D('',#2737,#2107,#2108);
#1766=AXIS2_PLACEMENT_3D('',#2738,#2109,#2110);
#1767=AXIS2_PLACEMENT_3D('',#2739,#2111,#2112);
#1768=AXIS2_PLACEMENT_3D('',#2741,#2113,#2114);
#1769=AXIS2_PLACEMENT_3D('',#2743,#2115,#2116);
#1770=AXIS2_PLACEMENT_3D('',#2744,#2117,#2118);
#1771=AXIS2_PLACEMENT_3D('',#2746,#2119,#2120);
#1772=AXIS2_PLACEMENT_3D('',#2831,#2122,#2123);
#1773=AXIS2_PLACEMENT_3D('',#2835,#2125,#2126);
#1774=AXIS2_PLACEMENT_3D('',#2836,#2127,#2128);
#1775=AXIS2_PLACEMENT_3D('',#2837,#2129,#2130);
#1776=AXIS2_PLACEMENT_3D('',#2838,#2131,#2132);
#1777=AXIS2_PLACEMENT_3D('',#2843,#2136,#2137);
#1778=AXIS2_PLACEMENT_3D('',#2844,#2138,#2139);
#1779=AXIS2_PLACEMENT_3D('',#2847,#2141,#2142);
#1780=AXIS2_PLACEMENT_3D('',#2849,#2143,#2144);
#1781=AXIS2_PLACEMENT_3D('',#2850,#2145,#2146);
#1782=AXIS2_PLACEMENT_3D('',#2869,#2147,#2148);
#1783=AXIS2_PLACEMENT_3D('',#2889,#2149,#2150);
#1784=AXIS2_PLACEMENT_3D('',#2890,#2151,#2152);
#1785=AXIS2_PLACEMENT_3D('',#2891,#2153,#2154);
#1786=AXIS2_PLACEMENT_3D('',#2892,#2155,#2156);
#1787=AXIS2_PLACEMENT_3D('',#3009,#2157,#2158);
#1788=AXIS2_PLACEMENT_3D('',#3010,#2159,#2160);
#1789=AXIS2_PLACEMENT_3D('',#3011,#2161,#2162);
#1790=AXIS2_PLACEMENT_3D('',#3012,#2163,#2164);
#1791=AXIS2_PLACEMENT_3D('',#3013,#2165,#2166);
#1792=AXIS2_PLACEMENT_3D('',#3015,#2167,#2168);
#1793=AXIS2_PLACEMENT_3D('',#3016,#2169,#2170);
#1794=AXIS2_PLACEMENT_3D('',#3017,#2171,#2172);
#1795=AXIS2_PLACEMENT_3D('',#3022,#2175,#2176);
#1796=AXIS2_PLACEMENT_3D('',#3025,#2178,#2179);
#1797=AXIS2_PLACEMENT_3D('',#3028,#2181,#2182);
#1798=AXIS2_PLACEMENT_3D('',#3039,#2184,#2185);
#1799=AXIS2_PLACEMENT_3D('',#3046,#2187,#2188);
#1800=AXIS2_PLACEMENT_3D('',#3049,#2190,#2191);
#1801=AXIS2_PLACEMENT_3D('',#3052,#2193,#2194);
#1802=AXIS2_PLACEMENT_3D('',#3059,#2196,#2197);
#1803=AXIS2_PLACEMENT_3D('',#3074,#2199,#2200);
#1804=AXIS2_PLACEMENT_3D('',#3075,#2201,#2202);
#1805=AXIS2_PLACEMENT_3D('',#3077,#2204,#2205);
#1806=AXIS2_PLACEMENT_3D('',#3080,#2208,#2209);
#1807=AXIS2_PLACEMENT_3D('',#3081,#2210,#2211);
#1808=AXIS2_PLACEMENT_3D('',#3082,#2212,#2213);
#1809=AXIS2_PLACEMENT_3D('',#3085,#2216,#2217);
#1810=AXIS2_PLACEMENT_3D('',#3089,#2220,#2221);
#1811=AXIS2_PLACEMENT_3D('',#3093,#2224,#2225);
#1812=AXIS2_PLACEMENT_3D('',#3094,#2226,#2227);
#1813=AXIS2_PLACEMENT_3D('',#3097,#2229,#2230);
#1814=AXIS2_PLACEMENT_3D('',#3100,#2232,#2233);
#1815=AXIS2_PLACEMENT_3D('',#3104,#2236,#2237);
#1816=AXIS2_PLACEMENT_3D('',#3105,#2238,#2239);
#1817=AXIS2_PLACEMENT_3D('',#3109,#2242,#2243);
#1818=AXIS2_PLACEMENT_3D('',#3110,#2244,#2245);
#1819=AXIS2_PLACEMENT_3D('',#3113,#2248,#2249);
#1820=AXIS2_PLACEMENT_3D('',#3117,#2252,#2253);
#1821=AXIS2_PLACEMENT_3D('',#3121,#2256,#2257);
#1822=AXIS2_PLACEMENT_3D('',#3122,#2258,#2259);
#1823=AXIS2_PLACEMENT_3D('',#3125,#2261,#2262);
#1824=AXIS2_PLACEMENT_3D('',#3128,#2264,#2265);
#1825=AXIS2_PLACEMENT_3D('',#3132,#2268,#2269);
#1826=AXIS2_PLACEMENT_3D('',#3133,#2270,#2271);
#1827=AXIS2_PLACEMENT_3D('',#3137,#2274,#2275);
#1828=AXIS2_PLACEMENT_3D('',#3138,#2276,#2277);
#1829=AXIS2_PLACEMENT_3D('',#3142,#2280,#2281);
#1830=AXIS2_PLACEMENT_3D('',#3143,#2282,#2283);
#1831=AXIS2_PLACEMENT_3D('',#3144,#2284,#2285);
#1832=AXIS2_PLACEMENT_3D('',#3148,#2288,#2289);
#1833=AXIS2_PLACEMENT_3D('',#3149,#2290,#2291);
#1834=AXIS2_PLACEMENT_3D('',#3150,#2292,#2293);
#1835=AXIS2_PLACEMENT_3D('',#3151,#2294,#2295);
#1836=AXIS2_PLACEMENT_3D('',#3152,#2296,#2297);
#1837=AXIS2_PLACEMENT_3D('',#3156,#2300,#2301);
#1838=AXIS2_PLACEMENT_3D('',#3157,#2302,#2303);
#1839=AXIS2_PLACEMENT_3D('',#3158,#2304,#2305);
#1840=AXIS2_PLACEMENT_3D('',#3162,#2308,#2309);
#1841=AXIS2_PLACEMENT_3D('',#3163,#2310,#2311);
#1842=AXIS2_PLACEMENT_3D('',#3164,#2312,#2313);
#1843=AXIS2_PLACEMENT_3D('',#3165,#2314,#2315);
#1844=AXIS2_PLACEMENT_3D('',#3166,#2316,#2317);
#1845=AXIS2_PLACEMENT_3D('',#3167,#2318,#2319);
#1846=AXIS2_PLACEMENT_3D('',#3168,#2320,#2321);
#1847=AXIS2_PLACEMENT_3D('',#3169,#2322,#2323);
#1848=AXIS2_PLACEMENT_3D('',#3170,#2324,#2325);
#1849=AXIS2_PLACEMENT_3D('',#3171,#2326,#2327);
#1850=AXIS2_PLACEMENT_3D('',#3172,#2328,#2329);
#1851=AXIS2_PLACEMENT_3D('',#3173,#2330,#2331);
#1852=DIRECTION('',(0.,0.,1.));
#1853=DIRECTION('',(1.,0.,0.));
#1854=DIRECTION('',(0.,-1.,0.));
#1855=DIRECTION('',(0.,0.,-1.));
#1856=DIRECTION('',(0.,-1.,0.));
#1857=DIRECTION('',(0.996194698091745,0.,-0.0871557427476582));
#1858=DIRECTION('',(0.,-1.,0.));
#1859=DIRECTION('',(0.,-1.,0.));
#1860=DIRECTION('',(0.,0.,-1.));
#1861=DIRECTION('',(0.,-1.,0.));
#1862=DIRECTION('',(0.,-1.,0.));
#1863=DIRECTION('',(0.,0.,-1.));
#1864=DIRECTION('',(0.,-1.,0.));
#1865=DIRECTION('',(-0.5,0.,0.866025403784438));
#1866=DIRECTION('',(0.,-1.,0.));
#1867=DIRECTION('',(0.,-1.,0.));
#1868=DIRECTION('',(0.,0.,-1.));
#1869=DIRECTION('',(0.,-1.,0.));
#1870=DIRECTION('',(0.,-1.,0.));
#1871=DIRECTION('',(0.,0.,-1.));
#1872=DIRECTION('',(0.,-1.,0.));
#1873=DIRECTION('',(-0.788226981996892,0.,-0.615384615384615));
#1874=DIRECTION('',(0.,-1.,0.));
#1875=DIRECTION('',(0.,-1.,0.));
#1876=DIRECTION('',(0.,0.,-1.));
#1877=DIRECTION('',(0.,-1.,0.));
#1878=DIRECTION('',(0.,1.,0.));
#1879=DIRECTION('',(0.,0.,1.));
#1880=DIRECTION('',(0.,1.,0.));
#1881=DIRECTION('',(0.,-1.,0.));
#1882=DIRECTION('',(0.,0.,-1.));
#1883=DIRECTION('',(0.,1.,0.));
#1884=DIRECTION('',(0.,-1.,0.));
#1885=DIRECTION('',(0.,0.,-1.));
#1886=DIRECTION('',(0.,1.,0.));
#1887=DIRECTION('',(0.,-1.,0.));
#1888=DIRECTION('',(0.,0.,-1.));
#1889=DIRECTION('',(0.,-1.,0.));
#1890=DIRECTION('',(1.,0.,0.));
#1891=DIRECTION('',(0.,1.,0.));
#1892=DIRECTION('',(0.,0.,-1.));
#1893=DIRECTION('',(-1.,0.,0.));
#1894=DIRECTION('',(0.,-1.,0.));
#1895=DIRECTION('',(0.,0.,-1.));
#1896=DIRECTION('',(-0.17364817766693,0.,-0.984807753012208));
#1897=DIRECTION('',(0.,-1.,0.));
#1898=DIRECTION('',(0.,0.,-1.));
#1899=DIRECTION('',(0.,-1.,0.));
#1900=DIRECTION('',(0.,0.,-1.));
#1901=DIRECTION('',(-0.122787803968973,-0.707106781186547,-0.696364240320019));
#1902=DIRECTION('',(0.,1.,0.));
#1903=DIRECTION('',(0.,0.,1.));
#1904=DIRECTION('',(0.,-1.,0.));
#1905=DIRECTION('',(0.,0.,-1.));
#1906=DIRECTION('',(0.,1.,0.));
#1907=DIRECTION('',(0.,-1.,0.));
#1908=DIRECTION('',(0.,0.,-1.));
#1909=DIRECTION('',(0.,1.,0.));
#1910=DIRECTION('',(0.,-1.,0.));
#1911=DIRECTION('',(0.,0.,-1.));
#1912=DIRECTION('',(0.,1.,0.));
#1913=DIRECTION('',(0.,-1.,0.));
#1914=DIRECTION('',(1.,0.,0.));
#1915=DIRECTION('',(0.,-1.,0.));
#1916=DIRECTION('',(0.,0.,-1.));
#1917=DIRECTION('',(-1.,0.,0.));
#1918=DIRECTION('',(0.17364817766693,0.,-0.984807753012208));
#1919=DIRECTION('',(0.,1.,0.));
#1920=DIRECTION('',(0.,0.,1.));
#1921=DIRECTION('',(0.,1.,0.));
#1922=DIRECTION('',(0.,0.,1.));
#1923=DIRECTION('',(0.,-1.,0.));
#1924=DIRECTION('',(0.,0.,-1.));
#1925=DIRECTION('',(0.,1.,0.));
#1926=DIRECTION('',(0.,0.,1.));
#1927=DIRECTION('',(0.,1.,0.));
#1928=DIRECTION('',(0.,0.,1.));
#1929=DIRECTION('',(0.,-1.,0.));
#1930=DIRECTION('',(0.,0.,-1.));
#1931=DIRECTION('',(0.,1.,0.));
#1932=DIRECTION('',(0.,0.,1.));
#1933=DIRECTION('',(0.,1.,0.));
#1934=DIRECTION('',(0.,0.,1.));
#1935=DIRECTION('',(0.,-1.,0.));
#1936=DIRECTION('',(0.,0.,-1.));
#1937=DIRECTION('',(0.,1.,0.));
#1938=DIRECTION('',(0.,0.,1.));
#1939=DIRECTION('',(0.,1.,0.));
#1940=DIRECTION('',(0.,0.,1.));
#1941=DIRECTION('',(0.,-1.,0.));
#1942=DIRECTION('',(0.,0.,-1.));
#1943=DIRECTION('',(0.,-1.,0.));
#1944=DIRECTION('',(0.,0.,-1.));
#1945=DIRECTION('',(0.,-1.,0.));
#1946=DIRECTION('',(0.,0.,-1.));
#1947=DIRECTION('',(0.122787803968973,-0.707106781186547,-0.696364240320019));
#1948=DIRECTION('',(0.,1.,0.));
#1949=DIRECTION('',(0.,0.,1.));
#1950=DIRECTION('',(0.,-1.,0.));
#1951=DIRECTION('',(0.,0.,-1.));
#1952=DIRECTION('',(0.,1.,0.));
#1953=DIRECTION('',(0.,0.,1.));
#1954=DIRECTION('',(0.,-1.,0.));
#1955=DIRECTION('',(0.,0.,-1.));
#1956=DIRECTION('',(0.,1.,0.));
#1957=DIRECTION('',(0.,0.,1.));
#1958=DIRECTION('',(0.,-1.,0.));
#1959=DIRECTION('',(0.,0.,-1.));
#1960=DIRECTION('',(0.,1.,0.));
#1961=DIRECTION('',(0.,-1.,0.));
#1962=DIRECTION('',(0.,0.,-1.));
#1963=DIRECTION('',(0.,1.,0.));
#1964=DIRECTION('',(0.,-1.,0.));
#1965=DIRECTION('',(0.,0.,-1.));
#1966=DIRECTION('',(0.,1.,0.));
#1967=DIRECTION('',(0.,1.,0.));
#1968=DIRECTION('',(0.,1.,0.));
#1969=DIRECTION('',(0.,1.,0.));
#1970=DIRECTION('',(0.,1.,0.));
#1971=DIRECTION('',(0.,1.,0.));
#1972=DIRECTION('',(0.,-1.,0.));
#1973=DIRECTION('',(0.,0.,-1.));
#1974=DIRECTION('',(-0.0871557427476578,0.,-0.996194698091746));
#1975=DIRECTION('',(-0.996194698091746,0.,0.0871557427476578));
#1976=DIRECTION('',(0.,1.,0.));
#1977=DIRECTION('',(0.,0.,1.));
#1978=DIRECTION('',(0.939692620785909,0.,-0.342020143325668));
#1979=DIRECTION('',(-0.342020143325668,0.,-0.939692620785909));
#1980=DIRECTION('',(0.,-1.,0.));
#1981=DIRECTION('',(0.,0.,-1.));
#1982=DIRECTION('',(0.,-1.,0.));
#1983=DIRECTION('',(0.,0.,-1.));
#1984=DIRECTION('',(0.866025403784438,0.,0.5));
#1985=DIRECTION('',(0.5,0.,-0.866025403784438));
#1986=DIRECTION('',(0.,-1.,0.));
#1987=DIRECTION('',(1.,0.,0.));
#1988=DIRECTION('',(0.,-1.,0.));
#1989=DIRECTION('',(0.,0.,-1.));
#1990=DIRECTION('',(0.996194698091746,0.,-0.0871557427476578));
#1991=DIRECTION('',(0.342020143325668,0.,0.939692620785909));
#1992=DIRECTION('',(0.,-1.,0.));
#1993=DIRECTION('',(0.,0.,-1.));
#1994=DIRECTION('',(0.,-1.,0.));
#1995=DIRECTION('',(0.,0.,-1.));
#1996=DIRECTION('',(0.704416026402759,-0.707106781186547,-0.0616284167162191));
#1997=DIRECTION('',(0.241844762647975,-0.707106781186547,0.664463024388675));
#1998=DIRECTION('',(0.,-1.,0.));
#1999=DIRECTION('',(0.,0.,-1.));
#2000=DIRECTION('',(0.,-1.,0.));
#2001=DIRECTION('',(0.,0.,-1.));
#2002=DIRECTION('',(0.,-1.,0.));
#2003=DIRECTION('',(0.,-1.,0.));
#2004=DIRECTION('',(0.,0.,-1.));
#2005=DIRECTION('',(0.,-1.,0.));
#2006=DIRECTION('',(0.,1.,0.));
#2007=DIRECTION('',(0.,0.,1.));
#2008=DIRECTION('',(0.,-1.,0.));
#2009=DIRECTION('',(0.,-1.,0.));
#2010=DIRECTION('',(0.,0.,-1.));
#2011=DIRECTION('',(0.,-1.,0.));
#2012=DIRECTION('',(0.,1.,0.));
#2013=DIRECTION('',(0.,0.,1.));
#2014=DIRECTION('',(0.,-1.,0.));
#2015=DIRECTION('',(0.,-1.,0.));
#2016=DIRECTION('',(0.,-1.,0.));
#2017=DIRECTION('',(0.,0.,-1.));
#2018=DIRECTION('',(0.,1.,0.));
#2019=DIRECTION('',(0.,0.,1.));
#2020=DIRECTION('',(0.,1.,0.));
#2021=DIRECTION('',(0.,-1.,0.));
#2022=DIRECTION('',(0.,0.,-1.));
#2023=DIRECTION('',(0.,1.,0.));
#2024=DIRECTION('',(0.,-1.,0.));
#2025=DIRECTION('',(0.,0.,-1.));
#2026=DIRECTION('',(0.,1.,0.));
#2027=DIRECTION('',(0.,0.,1.));
#2028=DIRECTION('',(0.,1.,0.));
#2029=DIRECTION('',(0.,1.,0.));
#2030=DIRECTION('',(0.,0.,1.));
#2031=DIRECTION('',(0.,1.,0.));
#2032=DIRECTION('',(0.,1.,0.));
#2033=DIRECTION('',(0.,0.,1.));
#2034=DIRECTION('',(0.,-1.,0.));
#2035=DIRECTION('',(0.,0.,-1.));
#2036=DIRECTION('',(0.,-1.,0.));
#2037=DIRECTION('',(0.,0.,-1.));
#2038=DIRECTION('',(-0.984807753012208,0.,0.17364817766693));
#2039=DIRECTION('',(0.17364817766693,0.,0.984807753012208));
#2040=DIRECTION('',(0.,-1.,0.));
#2041=DIRECTION('',(0.,0.,-1.));
#2042=DIRECTION('',(0.,-1.,0.));
#2043=DIRECTION('',(0.,0.,-1.));
#2044=DIRECTION('',(0.939692620785909,0.,0.342020143325668));
#2045=DIRECTION('',(0.342020143325668,0.,-0.939692620785909));
#2046=DIRECTION('',(0.,1.,0.));
#2047=DIRECTION('',(0.,0.,1.));
#2048=DIRECTION('',(-0.0871557427476578,0.,0.996194698091746));
#2049=DIRECTION('',(0.996194698091746,0.,0.0871557427476578));
#2050=DIRECTION('',(0.,-1.,0.));
#2051=DIRECTION('',(0.,0.,-1.));
#2052=DIRECTION('',(0.,-1.,0.));
#2053=DIRECTION('',(-0.173648177666931,0.,-0.984807753012208));
#2054=DIRECTION('',(0.,-1.,0.));
#2055=DIRECTION('',(0.,-1.,0.));
#2056=DIRECTION('',(0.,-1.,0.));
#2057=DIRECTION('',(0.,0.,-1.));
#2058=DIRECTION('',(0.,-1.,0.));
#2059=DIRECTION('',(-0.342020143325668,0.,0.939692620785909));
#2060=DIRECTION('',(0.,-1.,0.));
#2061=DIRECTION('',(0.,1.,0.));
#2062=DIRECTION('',(0.,0.,-1.));
#2063=DIRECTION('',(0.,-1.,0.));
#2064=DIRECTION('',(0.,-1.,0.));
#2065=DIRECTION('',(1.,0.,0.));
#2066=DIRECTION('',(-1.,0.,0.));
#2067=DIRECTION('',(0.,1.,0.));
#2068=DIRECTION('',(0.,0.,-1.));
#2069=DIRECTION('',(0.5,0.,0.866025403784438));
#2070=DIRECTION('',(0.,-1.,0.));
#2071=DIRECTION('',(0.,0.,-1.));
#2072=DIRECTION('',(0.,-1.,0.));
#2073=DIRECTION('',(0.,0.,-1.));
#2074=DIRECTION('',(0.353553390593275,-0.707106781186547,0.612372435695795));
#2075=DIRECTION('',(0.,-1.,0.));
#2076=DIRECTION('',(0.,0.,-1.));
#2077=DIRECTION('',(0.,-1.,0.));
#2078=DIRECTION('',(0.,0.,-1.));
#2079=DIRECTION('',(0.,-1.,0.));
#2080=DIRECTION('',(0.,-1.,0.));
#2081=DIRECTION('',(0.,0.,-1.));
#2082=DIRECTION('',(0.,-1.,0.));
#2083=DIRECTION('',(0.,-1.,0.));
#2084=DIRECTION('',(0.,1.,0.));
#2085=DIRECTION('',(0.,0.,1.));
#2086=DIRECTION('',(0.,-1.,0.));
#2087=DIRECTION('',(0.,-1.,0.));
#2088=DIRECTION('',(0.,1.,0.));
#2089=DIRECTION('',(0.,0.,1.));
#2090=DIRECTION('',(0.,-1.,0.));
#2091=DIRECTION('',(0.,-1.,0.));
#2092=DIRECTION('',(0.,0.,-1.));
#2093=DIRECTION('',(0.,1.,0.));
#2094=DIRECTION('',(0.,0.,1.));
#2095=DIRECTION('',(0.,-1.,0.));
#2096=DIRECTION('',(0.,0.,-1.));
#2097=DIRECTION('',(0.,1.,0.));
#2098=DIRECTION('',(0.,1.,0.));
#2099=DIRECTION('',(0.,1.,0.));
#2100=DIRECTION('',(0.,0.,1.));
#2101=DIRECTION('',(0.,1.,0.));
#2102=DIRECTION('',(0.,-1.,0.));
#2103=DIRECTION('',(0.,0.,-1.));
#2104=DIRECTION('',(0.,-1.,0.));
#2105=DIRECTION('',(0.,0.,-1.));
#2106=DIRECTION('',(0.,1.,0.));
#2107=DIRECTION('',(0.,-1.,0.));
#2108=DIRECTION('',(0.,0.,-1.));
#2109=DIRECTION('',(0.,1.,0.));
#2110=DIRECTION('',(0.,0.,1.));
#2111=DIRECTION('',(0.,-1.,0.));
#2112=DIRECTION('',(0.,0.,-1.));
#2113=DIRECTION('',(0.,-1.,0.));
#2114=DIRECTION('',(0.,0.,-1.));
#2115=DIRECTION('',(0.,1.,0.));
#2116=DIRECTION('',(0.,0.,1.));
#2117=DIRECTION('',(0.,-1.,0.));
#2118=DIRECTION('',(0.,0.,-1.));
#2119=DIRECTION('',(0.,-1.,0.));
#2120=DIRECTION('',(0.,0.,-1.));
#2121=DIRECTION('',(0.,1.,0.));
#2122=DIRECTION('',(0.,1.,0.));
#2123=DIRECTION('',(0.,0.,1.));
#2124=DIRECTION('',(0.,1.,0.));
#2125=DIRECTION('',(0.,1.,0.));
#2126=DIRECTION('',(0.,0.,1.));
#2127=DIRECTION('',(0.,-1.,0.));
#2128=DIRECTION('',(0.,0.,-1.));
#2129=DIRECTION('',(0.,1.,0.));
#2130=DIRECTION('',(0.,0.,1.));
#2131=DIRECTION('',(0.,-1.,0.));
#2132=DIRECTION('',(1.,0.,0.));
#2133=DIRECTION('',(-1.,0.,0.));
#2134=DIRECTION('',(-1.,0.,0.));
#2135=DIRECTION('',(-1.,0.,0.));
#2136=DIRECTION('',(0.,-1.,0.));
#2137=DIRECTION('',(0.,0.,-1.));
#2138=DIRECTION('',(0.,-1.,0.));
#2139=DIRECTION('',(0.,0.,-1.));
#2140=DIRECTION('',(-1.,0.,0.));
#2141=DIRECTION('',(0.,-1.,0.));
#2142=DIRECTION('',(0.,0.,-1.));
#2143=DIRECTION('',(0.,-1.,0.));
#2144=DIRECTION('',(1.,0.,0.));
#2145=DIRECTION('',(0.,1.,0.));
#2146=DIRECTION('',(0.,0.,1.));
#2147=DIRECTION('',(0.,-1.,0.));
#2148=DIRECTION('',(0.,0.,-1.));
#2149=DIRECTION('',(0.,-1.,0.));
#2150=DIRECTION('',(0.,0.,-1.));
#2151=DIRECTION('',(0.,-1.,0.));
#2152=DIRECTION('',(1.,0.,0.));
#2153=DIRECTION('',(0.,-1.,0.));
#2154=DIRECTION('',(1.,0.,0.));
#2155=DIRECTION('',(0.,-1.,0.));
#2156=DIRECTION('',(0.,0.,-1.));
#2157=DIRECTION('',(0.,-1.,0.));
#2158=DIRECTION('',(0.,0.,-1.));
#2159=DIRECTION('',(0.,-1.,0.));
#2160=DIRECTION('',(0.,0.,-1.));
#2161=DIRECTION('',(0.866025403784438,0.,-0.5));
#2162=DIRECTION('',(-0.5,0.,-0.866025403784438));
#2163=DIRECTION('',(0.,-1.,0.));
#2164=DIRECTION('',(0.,0.,-1.));
#2165=DIRECTION('',(0.,-1.,0.));
#2166=DIRECTION('',(0.,0.,-1.));
#2167=DIRECTION('',(-0.984807753012208,0.,-0.17364817766693));
#2168=DIRECTION('',(-0.17364817766693,0.,0.984807753012208));
#2169=DIRECTION('',(0.,-1.,0.));
#2170=DIRECTION('',(0.,0.,-1.));
#2171=DIRECTION('',(0.,-1.,0.));
#2172=DIRECTION('',(0.788226981996892,0.,0.615384615384616));
#2173=DIRECTION('',(0.,-1.,0.));
#2174=DIRECTION('',(0.,-1.,0.));
#2175=DIRECTION('',(0.,-1.,0.));
#2176=DIRECTION('',(1.,0.,0.));
#2177=DIRECTION('',(-0.996194698091746,0.,-0.0871557427476578));
#2178=DIRECTION('',(0.,-1.,0.));
#2179=DIRECTION('',(0.,0.,-1.));
#2180=DIRECTION('',(-0.342020143325668,0.,0.939692620785909));
#2181=DIRECTION('',(-1.96796983368086E-16,0.,1.));
#2182=DIRECTION('',(1.,0.,1.96796983368086E-16));
#2183=DIRECTION('',(0.,-1.,0.));
#2184=DIRECTION('',(-1.96796983368086E-16,0.,1.));
#2185=DIRECTION('',(1.,0.,1.96796983368086E-16));
#2186=DIRECTION('',(0.,-1.,0.));
#2187=DIRECTION('',(0.,-1.,0.));
#2188=DIRECTION('',(1.,0.,0.));
#2189=DIRECTION('',(-1.,0.,0.));
#2190=DIRECTION('',(0.,-1.,0.));
#2191=DIRECTION('',(0.,0.,-1.));
#2192=DIRECTION('',(-0.5,0.,0.866025403784438));
#2193=DIRECTION('',(-1.96796983368086E-16,0.,1.));
#2194=DIRECTION('',(1.,0.,1.96796983368086E-16));
#2195=DIRECTION('',(0.,-1.,0.));
#2196=DIRECTION('',(-1.96796983368086E-16,0.,1.));
#2197=DIRECTION('',(1.,0.,1.96796983368086E-16));
#2198=DIRECTION('',(0.,-1.,0.));
#2199=DIRECTION('',(0.,1.,0.));
#2200=DIRECTION('',(0.,0.,1.));
#2201=DIRECTION('',(0.,-1.,0.));
#2202=DIRECTION('',(0.,0.,-1.));
#2203=DIRECTION('',(-0.353553390593275,-0.707106781186547,0.612372435695795));
#2204=DIRECTION('',(0.,-1.,0.));
#2205=DIRECTION('',(0.,0.,-1.));
#2206=DIRECTION('',(-0.704416026402759,-0.707106781186547,-0.0616284167162191));
#2207=DIRECTION('',(-0.241844762647975,-0.707106781186547,0.664463024388675));
#2208=DIRECTION('',(0.,1.,0.));
#2209=DIRECTION('',(0.,0.,1.));
#2210=DIRECTION('',(0.,1.,0.));
#2211=DIRECTION('',(0.,0.,1.));
#2212=DIRECTION('',(0.,1.,0.));
#2213=DIRECTION('',(-1.,0.,0.));
#2214=DIRECTION('',(-0.5,0.,-0.866025403784438));
#2215=DIRECTION('',(0.342020143325668,0.,-0.939692620785909));
#2216=DIRECTION('',(0.866025403784438,0.,-0.5));
#2217=DIRECTION('',(-0.5,0.,-0.866025403784438));
#2218=DIRECTION('',(0.5,0.,0.866025403784439));
#2219=DIRECTION('',(0.353553390593275,-0.707106781186547,0.612372435695795));
#2220=DIRECTION('',(0.939692620785909,0.,0.342020143325668));
#2221=DIRECTION('',(0.342020143325668,0.,-0.939692620785909));
#2222=DIRECTION('',(-0.241844762647974,-0.707106781186548,0.664463024388675));
#2223=DIRECTION('',(0.342020143325669,0.,-0.939692620785908));
#2224=DIRECTION('',(0.939692620785909,0.,0.342020143325668));
#2225=DIRECTION('',(0.342020143325668,0.,-0.939692620785909));
#2226=DIRECTION('',(0.,1.,0.));
#2227=DIRECTION('',(-1.,0.,0.));
#2228=DIRECTION('',(0.996194698091746,0.,0.0871557427476578));
#2229=DIRECTION('',(0.,1.,0.));
#2230=DIRECTION('',(0.,0.,1.));
#2231=DIRECTION('',(0.17364817766693,0.,0.984807753012208));
#2232=DIRECTION('',(-0.984807753012208,0.,0.17364817766693));
#2233=DIRECTION('',(0.17364817766693,0.,0.984807753012208));
#2234=DIRECTION('',(-0.122787803968973,-0.707106781186547,-0.69636424032002));
#2235=DIRECTION('',(0.173648177666928,0.,0.984807753012208));
#2236=DIRECTION('',(-0.984807753012208,0.,0.17364817766693));
#2237=DIRECTION('',(0.17364817766693,0.,0.984807753012208));
#2238=DIRECTION('',(-0.0871557427476578,0.,0.996194698091746));
#2239=DIRECTION('',(0.996194698091746,0.,0.0871557427476578));
#2240=DIRECTION('',(-0.996194698091746,0.,-0.0871557427476583));
#2241=DIRECTION('',(-0.704416026402759,-0.707106781186548,-0.0616284167162191));
#2242=DIRECTION('',(-0.0871557427476578,0.,0.996194698091746));
#2243=DIRECTION('',(0.996194698091746,0.,0.0871557427476578));
#2244=DIRECTION('',(0.,1.,0.));
#2245=DIRECTION('',(1.,0.,0.));
#2246=DIRECTION('',(-0.342020143325668,0.,-0.939692620785909));
#2247=DIRECTION('',(0.5,0.,-0.866025403784438));
#2248=DIRECTION('',(0.866025403784438,0.,0.5));
#2249=DIRECTION('',(0.5,0.,-0.866025403784438));
#2250=DIRECTION('',(-0.353553390593275,-0.707106781186547,0.612372435695795));
#2251=DIRECTION('',(0.5,0.,-0.866025403784439));
#2252=DIRECTION('',(0.939692620785909,0.,-0.342020143325668));
#2253=DIRECTION('',(-0.342020143325668,0.,-0.939692620785909));
#2254=DIRECTION('',(0.342020143325669,0.,0.939692620785908));
#2255=DIRECTION('',(0.241844762647974,-0.707106781186548,0.664463024388675));
#2256=DIRECTION('',(0.939692620785909,0.,-0.342020143325668));
#2257=DIRECTION('',(-0.342020143325668,0.,-0.939692620785909));
#2258=DIRECTION('',(0.,1.,0.));
#2259=DIRECTION('',(1.,0.,0.));
#2260=DIRECTION('',(-0.17364817766693,0.,0.984807753012208));
#2261=DIRECTION('',(0.,1.,0.));
#2262=DIRECTION('',(0.,0.,1.));
#2263=DIRECTION('',(-0.996194698091746,0.,0.0871557427476578));
#2264=DIRECTION('',(-0.984807753012208,0.,-0.17364817766693));
#2265=DIRECTION('',(-0.17364817766693,0.,0.984807753012208));
#2266=DIRECTION('',(0.173648177666928,0.,-0.984807753012208));
#2267=DIRECTION('',(0.122787803968973,-0.707106781186548,-0.696364240320019));
#2268=DIRECTION('',(-0.984807753012208,0.,-0.17364817766693));
#2269=DIRECTION('',(-0.17364817766693,0.,0.984807753012208));
#2270=DIRECTION('',(-0.0871557427476578,0.,-0.996194698091746));
#2271=DIRECTION('',(-0.996194698091746,0.,0.0871557427476578));
#2272=DIRECTION('',(0.704416026402759,-0.707106781186548,-0.0616284167162191));
#2273=DIRECTION('',(-0.996194698091746,0.,0.0871557427476583));
#2274=DIRECTION('',(-0.0871557427476578,0.,-0.996194698091746));
#2275=DIRECTION('',(-0.996194698091746,0.,0.0871557427476578));
#2276=DIRECTION('',(0.615384615384615,0.,-0.788226981996893));
#2277=DIRECTION('',(-0.788226981996893,0.,-0.615384615384615));
#2278=DIRECTION('',(0.557360644084209,0.707106781186548,0.435142634576336));
#2279=DIRECTION('',(0.788226981996893,0.,0.615384615384615));
#2280=DIRECTION('',(0.,-1.,0.));
#2281=DIRECTION('',(0.,0.,-1.));
#2282=DIRECTION('',(0.,-1.,0.));
#2283=DIRECTION('',(-0.788226981996892,0.,-0.615384615384615));
#2284=DIRECTION('',(-0.615384615384616,0.,0.788226981996892));
#2285=DIRECTION('',(0.788226981996892,0.,0.615384615384616));
#2286=DIRECTION('',(-0.55736064408421,0.707106781186547,-0.435142634576337));
#2287=DIRECTION('',(-0.788226981996892,0.,-0.615384615384616));
#2288=DIRECTION('',(0.,-1.,0.));
#2289=DIRECTION('',(0.,0.,-1.));
#2290=DIRECTION('',(0.,-1.,0.));
#2291=DIRECTION('',(0.788226981996892,0.,0.615384615384616));
#2292=DIRECTION('',(0.,-1.,0.));
#2293=DIRECTION('',(0.,0.,-1.));
#2294=DIRECTION('',(0.,-1.,0.));
#2295=DIRECTION('',(-0.342020143325668,0.,0.939692620785909));
#2296=DIRECTION('',(-0.615384615384615,0.,-0.788226981996893));
#2297=DIRECTION('',(-0.788226981996893,0.,0.615384615384615));
#2298=DIRECTION('',(0.788226981996893,0.,-0.615384615384615));
#2299=DIRECTION('',(0.55736064408421,-0.707106781186547,-0.435142634576337));
#2300=DIRECTION('',(0.,-1.,0.));
#2301=DIRECTION('',(0.,0.,-1.));
#2302=DIRECTION('',(0.,-1.,0.));
#2303=DIRECTION('',(-0.173648177666931,0.,-0.984807753012208));
#2304=DIRECTION('',(0.615384615384616,0.,0.788226981996892));
#2305=DIRECTION('',(0.788226981996892,0.,-0.615384615384616));
#2306=DIRECTION('',(-0.788226981996892,0.,0.615384615384616));
#2307=DIRECTION('',(-0.55736064408421,-0.707106781186547,0.435142634576337));
#2308=DIRECTION('',(0.,-1.,0.));
#2309=DIRECTION('',(0.,0.,-1.));
#2310=DIRECTION('',(0.,-1.,0.));
#2311=DIRECTION('',(-0.5,0.,0.866025403784438));
#2312=DIRECTION('',(0.,-1.,0.));
#2313=DIRECTION('',(0.,0.,-1.));
#2314=DIRECTION('',(0.,-1.,0.));
#2315=DIRECTION('',(0.996194698091745,0.,-0.0871557427476582));
#2316=DIRECTION('',(0.,-1.,0.));
#2317=DIRECTION('',(0.,0.,-1.));
#2318=DIRECTION('',(0.,-1.,0.));
#2319=DIRECTION('',(0.,0.,-1.));
#2320=DIRECTION('',(0.,-1.,0.));
#2321=DIRECTION('',(0.,0.,-1.));
#2322=DIRECTION('',(0.,-1.,0.));
#2323=DIRECTION('',(0.,0.,-1.));
#2324=DIRECTION('',(0.,-1.,0.));
#2325=DIRECTION('',(0.,0.,-1.));
#2326=DIRECTION('',(0.,-1.,0.));
#2327=DIRECTION('',(0.,0.,-1.));
#2328=DIRECTION('',(0.,1.,0.));
#2329=DIRECTION('',(0.,0.,1.));
#2330=DIRECTION('',(0.,1.,0.));
#2331=DIRECTION('',(0.,0.,1.));
#2332=CARTESIAN_POINT('',(0.,0.,0.));
#2333=CARTESIAN_POINT('',(0.033,-0.004,5.52779310482976E-18));
#2334=CARTESIAN_POINT('',(0.033,-0.007,5.52779310482976E-18));
#2335=CARTESIAN_POINT('',(0.0396693927948506,-0.007,0.0183240061053253));
#2336=CARTESIAN_POINT('',(0.052425796612789,-0.007,-0.00169953698357933));
#2337=CARTESIAN_POINT('',(0.0396693927948506,-0.004,0.0183240061053253));
#2338=CARTESIAN_POINT('',(0.0396693927948506,-0.004,0.0183240061053253));
#2339=CARTESIAN_POINT('',(0.033,-0.004,5.52779310482976E-18));
#2340=CARTESIAN_POINT('',(0.0524257966127891,-0.004,-0.00169953698357932));
#2341=CARTESIAN_POINT('',(0.0524257966127891,-0.004,-0.00169953698357932));
#2342=CARTESIAN_POINT('',(0.033,-0.004,5.52779310482976E-18));
#2343=CARTESIAN_POINT('',(0.033,-0.007,5.52779310482976E-18));
#2344=CARTESIAN_POINT('',(0.0176295738510606,-0.007,0.012));
#2345=CARTESIAN_POINT('',(0.02325,-0.007,0.0168874953737965));
#2346=CARTESIAN_POINT('',(0.0176295738510606,-0.004,0.012));
#2347=CARTESIAN_POINT('',(0.0176295738510606,-0.004,0.012));
#2348=CARTESIAN_POINT('',(0.033,-0.004,5.52779310482976E-18));
#2349=CARTESIAN_POINT('',(0.02325,-0.004,0.0168874953737965));
#2350=CARTESIAN_POINT('',(0.02325,-0.004,0.0168874953737965));
#2351=CARTESIAN_POINT('',(0.033,-0.004,5.52779310482976E-18));
#2352=CARTESIAN_POINT('',(0.033,-0.007,5.52779310482976E-18));
#2353=CARTESIAN_POINT('',(0.0363861394645052,-0.007,-0.0192037511837381));
#2354=CARTESIAN_POINT('',(0.0176295738510606,-0.007,-0.012));
#2355=CARTESIAN_POINT('',(0.0363861394645052,-0.004,-0.0192037511837381));
#2356=CARTESIAN_POINT('',(0.0363861394645052,-0.004,-0.0192037511837381));
#2357=CARTESIAN_POINT('',(0.033,-0.004,5.52779310482976E-18));
#2358=CARTESIAN_POINT('',(0.0176295738510606,-0.004,-0.012));
#2359=CARTESIAN_POINT('',(0.0176295738510606,-0.004,-0.012));
#2360=CARTESIAN_POINT('',(0.033,-0.009,1.52911269265661E-18));
#2361=CARTESIAN_POINT('',(0.0163792298614054,-0.009,-0.012));
#2362=CARTESIAN_POINT('',(0.0163792298614054,-0.003,-0.012));
#2363=CARTESIAN_POINT('',(0.0163792298614054,-0.009,-0.012));
#2364=CARTESIAN_POINT('',(0.033,-0.003,1.52911269265661E-18));
#2365=CARTESIAN_POINT('',(0.0179223312327807,-0.003,-0.0138893450006118));
#2366=CARTESIAN_POINT('',(0.0179223312327807,-0.002,-0.0138893450006118));
#2367=CARTESIAN_POINT('',(0.0179223312327807,-0.006,-0.0138893450006118));
#2368=CARTESIAN_POINT('',(0.033,-0.006,1.52911269265661E-18));
#2369=CARTESIAN_POINT('',(0.036559787642172,-0.006,-0.0201885589367502));
#2370=CARTESIAN_POINT('',(0.036559787642172,-0.0275,-0.0201885589367502));
#2371=CARTESIAN_POINT('',(0.036559787642172,-0.009,-0.0201885589367502));
#2372=CARTESIAN_POINT('',(0.033,-0.009,1.52911269265661E-18));
#2373=CARTESIAN_POINT('',(0.000500000000000007,-0.004,0.));
#2374=CARTESIAN_POINT('',(-0.033,-0.004,1.11001558765969E-17));
#2375=CARTESIAN_POINT('',(-0.0176295738510606,-0.004,-0.012));
#2376=CARTESIAN_POINT('',(-0.0363861394645052,-0.004,-0.0192037511837381));
#2377=CARTESIAN_POINT('',(0.,-0.004,-0.012));
#2378=CARTESIAN_POINT('',(-0.0185929704657761,-0.004,-0.012));
#2379=CARTESIAN_POINT('',(-0.033,-0.004,1.35266943733098E-17));
#2380=CARTESIAN_POINT('',(-0.036255903331255,-0.004,-0.0184651453689789));
#2381=CARTESIAN_POINT('',(-0.031989851398164,-0.004,0.00572883740070495));
#2382=CARTESIAN_POINT('',(-0.033,-0.004,1.35266943733098E-17));
#2383=CARTESIAN_POINT('',(-0.0185929704657761,-0.004,-0.012));
#2384=CARTESIAN_POINT('',(-0.0190326881813993,-0.00366213194049571,-0.012));
#2385=CARTESIAN_POINT('',(-0.0194751281253927,-0.00332847702814338,-0.012));
#2386=CARTESIAN_POINT('',(-0.0199209136404717,-0.00300000000000002,-0.012));
#2387=CARTESIAN_POINT('',(-0.0199209136404716,-0.003,-0.012));
#2388=CARTESIAN_POINT('',(-0.033,-0.003,1.35266943733098E-17));
#2389=CARTESIAN_POINT('',(-0.036082255153588,-0.003,-0.0174803376159667));
#2390=CARTESIAN_POINT('',(-0.033,0.01475,1.60495087750699E-17));
#2391=CARTESIAN_POINT('',(-0.033,-0.009,1.36950833081926E-17));
#2392=CARTESIAN_POINT('',(-0.033,-0.003,1.36950833081926E-17));
#2393=CARTESIAN_POINT('',(-0.0179223312327807,-0.003,-0.0138893450006118));
#2394=CARTESIAN_POINT('',(-0.0163792298614054,-0.003,-0.012));
#2395=CARTESIAN_POINT('',(-0.0163792298614054,-0.009,-0.012));
#2396=CARTESIAN_POINT('',(-0.0163792298614054,-0.009,-0.012));
#2397=CARTESIAN_POINT('',(-0.033,-0.009,1.36950833081926E-17));
#2398=CARTESIAN_POINT('',(-0.036559787642172,-0.009,-0.0201885589367502));
#2399=CARTESIAN_POINT('',(-0.036559787642172,-0.0275,-0.0201885589367502));
#2400=CARTESIAN_POINT('',(-0.036559787642172,-0.006,-0.0201885589367502));
#2401=CARTESIAN_POINT('',(-0.033,-0.006,1.36950833081926E-17));
#2402=CARTESIAN_POINT('',(-0.0179223312327807,-0.006,-0.0138893450006118));
#2403=CARTESIAN_POINT('',(-0.0179223312327807,-0.006,-0.0138893450006118));
#2404=CARTESIAN_POINT('',(0.000500000000000007,-0.004,0.));
#2405=CARTESIAN_POINT('',(0.033,-0.004,1.36072375777385E-18));
#2406=CARTESIAN_POINT('',(0.036255903331255,-0.004,-0.0184651453689789));
#2407=CARTESIAN_POINT('',(0.0185929704657761,-0.004,-0.012));
#2408=CARTESIAN_POINT('',(0.,-0.004,-0.012));
#2409=CARTESIAN_POINT('',(0.032020005087771,-0.004,0.00555782732904211));
#2410=CARTESIAN_POINT('',(-0.0132586232538106,-0.025,-0.0095));
#2411=CARTESIAN_POINT('',(-0.0132586232538106,0.,-0.0095));
#2412=CARTESIAN_POINT('',(-0.0132586232538106,0.,-0.0085));
#2413=CARTESIAN_POINT('',(-0.0132586232538106,-0.002,-0.0095));
#2414=CARTESIAN_POINT('',(-0.0132586232538106,-0.002,-0.0105));
#2415=CARTESIAN_POINT('',(0.0132586232538106,-0.025,-0.0095));
#2416=CARTESIAN_POINT('',(0.0132586232538106,0.,-0.0095));
#2417=CARTESIAN_POINT('',(0.0132586232538106,0.,-0.0085));
#2418=CARTESIAN_POINT('',(0.0132586232538106,-0.002,-0.0095));
#2419=CARTESIAN_POINT('',(0.0132586232538106,-0.002,-0.0105));
#2420=CARTESIAN_POINT('',(0.0132586232538106,-0.025,0.0095));
#2421=CARTESIAN_POINT('',(0.0132586232538106,0.,0.0095));
#2422=CARTESIAN_POINT('',(0.0132586232538106,0.,0.0105));
#2423=CARTESIAN_POINT('',(0.0132586232538106,-0.002,0.0095));
#2424=CARTESIAN_POINT('',(0.0132586232538106,-0.002,0.0085));
#2425=CARTESIAN_POINT('',(-0.0132586232538106,-0.025,0.0095));
#2426=CARTESIAN_POINT('',(-0.0132586232538106,0.,0.0095));
#2427=CARTESIAN_POINT('',(-0.0132586232538106,0.,0.0105));
#2428=CARTESIAN_POINT('',(-0.0132586232538106,-0.002,0.0095));
#2429=CARTESIAN_POINT('',(-0.0132586232538106,-0.002,0.0085));
#2430=CARTESIAN_POINT('',(0.033,-0.004,1.36072375777385E-18));
#2431=CARTESIAN_POINT('',(0.033,-0.003,1.36072375777385E-18));
#2432=CARTESIAN_POINT('',(0.0199209136404717,-0.003,-0.012));
#2433=CARTESIAN_POINT('',(0.036082255153588,-0.003,-0.0174803376159667));
#2434=CARTESIAN_POINT('',(0.0199209136404717,-0.00299999999999999,-0.012));
#2435=CARTESIAN_POINT('',(0.0194746893128596,-0.0033288003671302,-0.012));
#2436=CARTESIAN_POINT('',(0.0190322847718067,-0.00366244191030452,-0.012));
#2437=CARTESIAN_POINT('',(0.0185929704657761,-0.00400000000000001,-0.012));
#2438=CARTESIAN_POINT('',(0.033,0.01475,1.88787900590283E-18));
#2439=CARTESIAN_POINT('',(-0.033,-0.003,1.36950833081926E-17));
#2440=CARTESIAN_POINT('',(-0.0163792298614053,-0.003,-0.012));
#2441=CARTESIAN_POINT('',(-0.015971093007946,-0.00266909517919819,-0.012));
#2442=CARTESIAN_POINT('',(-0.0155649318297682,-0.00233562822754851,-0.012));
#2443=CARTESIAN_POINT('',(-0.0151604372250887,-0.00199999999999998,-0.012));
#2444=CARTESIAN_POINT('',(-0.0151604372250887,-0.002,-0.012));
#2445=CARTESIAN_POINT('',(-0.0161096289686403,-0.002,-0.0133028330224433));
#2446=CARTESIAN_POINT('',(-0.0167058396242881,-0.00235626037387932,-0.0134840441332095));
#2447=CARTESIAN_POINT('',(-0.0173092049747052,-0.00269101981571001,-0.0136798015805532));
#2448=CARTESIAN_POINT('',(-0.0179223312327807,-0.003,-0.0138893450006118));
#2449=CARTESIAN_POINT('',(-0.0161096289686405,-0.002,-0.0133028330224433));
#2450=CARTESIAN_POINT('',(-0.033,-0.002,1.36950833081926E-17));
#2451=CARTESIAN_POINT('',(0.033,-0.003,1.52911269265661E-18));
#2452=CARTESIAN_POINT('',(0.0151604372250887,-0.00199999999999999,-0.012));
#2453=CARTESIAN_POINT('',(0.0155649023550643,-0.00233560377099823,-0.012));
#2454=CARTESIAN_POINT('',(0.0159710615315248,-0.00266906965908302,-0.012));
#2455=CARTESIAN_POINT('',(0.0163792298614053,-0.003,-0.012));
#2456=CARTESIAN_POINT('',(0.0151604372250887,-0.002,-0.012));
#2457=CARTESIAN_POINT('',(0.033,-0.002,1.52911269265661E-18));
#2458=CARTESIAN_POINT('',(0.0161096289686404,-0.002,-0.0133028330224433));
#2459=CARTESIAN_POINT('',(0.0179223312327807,-0.003,-0.0138893450006118));
#2460=CARTESIAN_POINT('',(0.0173092049747052,-0.00269101981570986,-0.0136798015805534));
#2461=CARTESIAN_POINT('',(0.0167058396242884,-0.00235626037386822,-0.0134840441332278));
#2462=CARTESIAN_POINT('',(0.0161096289686404,-0.002,-0.0133028330224433));
#2463=CARTESIAN_POINT('',(0.033,-0.009,1.52911269265661E-18));
#2464=CARTESIAN_POINT('',(0.033,-0.003,1.52911269265661E-18));
#2465=CARTESIAN_POINT('',(0.0179232160248633,-0.003,0.0138903054310214));
#2466=CARTESIAN_POINT('',(0.0163792298614054,-0.003,0.012));
#2467=CARTESIAN_POINT('',(0.0163792298614054,-0.009,0.012));
#2468=CARTESIAN_POINT('',(0.0163792298614054,-0.009,0.012));
#2469=CARTESIAN_POINT('',(0.033,-0.009,1.52911269265661E-18));
#2470=CARTESIAN_POINT('',(0.02275,-0.009,0.017753520777581));
#2471=CARTESIAN_POINT('',(0.02275,-0.0275,0.017753520777581));
#2472=CARTESIAN_POINT('',(0.02275,-0.006,0.017753520777581));
#2473=CARTESIAN_POINT('',(0.033,-0.006,1.52911269265661E-18));
#2474=CARTESIAN_POINT('',(0.0179232160248633,-0.006,0.0138903054310214));
#2475=CARTESIAN_POINT('',(0.0179232160248633,-0.006,0.0138903054310214));
#2476=CARTESIAN_POINT('',(0.0248158834084219,-0.00603,0.0165912698589102));
#2477=CARTESIAN_POINT('',(0.0248158834084219,-0.001,0.0165912698589102));
#2478=CARTESIAN_POINT('',(0.0209590698895363,-0.00603,0.0149282186376266));
#2479=CARTESIAN_POINT('',(0.0209590698895363,-0.000999999999999999,0.0149282186376266));
#2480=CARTESIAN_POINT('',(0.0147892637362258,-0.00603,0.0126889224694387));
#2481=CARTESIAN_POINT('',(0.0147892637362258,-0.001,0.0126889224694387));
#2482=CARTESIAN_POINT('',(0.00868368309867059,-0.00603,0.0115226396427111));
#2483=CARTESIAN_POINT('',(0.00868368309867059,-0.001,0.0115226396427111));
#2484=CARTESIAN_POINT('',(0.00426375488344946,-0.00603,0.0114936019537156));
#2485=CARTESIAN_POINT('',(0.00426375488344946,-0.001,0.0114936019537156));
#2486=CARTESIAN_POINT('',(7.69211714891022E-12,-0.00603,0.0115031990230265));
#2487=CARTESIAN_POINT('',(7.69211714891022E-12,-0.000999999999999998,0.0115031990230265));
#2488=CARTESIAN_POINT('',(-0.00426375486892104,-0.00603,0.0114936019541782));
#2489=CARTESIAN_POINT('',(-0.00426375486892104,-0.001,0.0114936019541782));
#2490=CARTESIAN_POINT('',(-0.00868368308031892,-0.00603,0.011522639640817));
#2491=CARTESIAN_POINT('',(-0.00868368308031892,-0.001,0.011522639640817));
#2492=CARTESIAN_POINT('',(-0.0147892637124603,-0.00603,0.0126889224638301));
#2493=CARTESIAN_POINT('',(-0.0147892637124603,-0.000999999999999998,0.0126889224638301));
#2494=CARTESIAN_POINT('',(-0.0209590698486267,-0.00603,0.0149282186199865));
#2495=CARTESIAN_POINT('',(-0.0209590698486267,-0.000999999999999999,0.0149282186199865));
#2496=CARTESIAN_POINT('',(-0.0248158833675119,-0.00603,0.0165912698412698));
#2497=CARTESIAN_POINT('',(-0.0248158833675119,-0.001,0.0165912698412698));
#2498=CARTESIAN_POINT('',(0.023696249576312,-0.002,0.0161145684347681));
#2499=CARTESIAN_POINT('',(0.0236962495769263,-0.0025,0.0161145684337041));
#2500=CARTESIAN_POINT('',(0.023696249576312,-0.00260022939328117,0.0161145684347681));
#2501=CARTESIAN_POINT('',(1.87608637161432,-0.0025,0.814855855704557));
#2502=CARTESIAN_POINT('',(1.25899620886538,-0.0025,0.548767660416795));
#2503=CARTESIAN_POINT('',(0.641906046116445,-0.0025,0.282679465129033));
#2504=CARTESIAN_POINT('',(0.0248158833675118,-0.0025,0.0165912698412698));
#2505=CARTESIAN_POINT('',(0.0130086232538106,-0.0025,0.0115));
#2506=CARTESIAN_POINT('',(0.00562795680262936,-0.0025,0.0115000000000002));
#2507=CARTESIAN_POINT('',(-0.00562795680262932,-0.0025,0.0114999999999997));
#2508=CARTESIAN_POINT('',(-0.0130086232538105,-0.0025,0.0115));
#2509=CARTESIAN_POINT('',(-0.0248158833675119,-0.0025,0.0165912698412698));
#2510=CARTESIAN_POINT('',(-0.148233915917298,-0.0025,0.0698089088988222));
#2511=CARTESIAN_POINT('',(-0.271651948467085,-0.0025,0.123026547956374));
#2512=CARTESIAN_POINT('',(-0.395069981016872,-0.0025,0.176244187013927));
#2513=CARTESIAN_POINT('',(0.0248158833675118,-0.0025,0.0165912698412698));
#2514=CARTESIAN_POINT('',(0.0248158833675118,-0.002,0.0165912698412698));
#2515=CARTESIAN_POINT('',(0.0248158833675118,-0.001,0.0165912698412698));
#2516=CARTESIAN_POINT('',(0.0248158833675118,-0.001,0.0165912698412698));
#2517=CARTESIAN_POINT('',(0.0228542332719316,-0.001,0.0157454097624221));
#2518=CARTESIAN_POINT('',(0.0188917207370626,-0.001,0.0141428189087838));
#2519=CARTESIAN_POINT('',(0.0138312784399531,-0.001,0.0125433420740187));
#2520=CARTESIAN_POINT('',(0.00965133308881638,-0.001,0.0117382868588655));
#2521=CARTESIAN_POINT('',(0.00641695860444535,-0.001,0.0114813333617102));
#2522=CARTESIAN_POINT('',(0.0031887603326939,-0.001,0.0115053054886852));
#2523=CARTESIAN_POINT('',(-4.14447083991146E-5,-0.001,0.0114974446835491));
#2524=CARTESIAN_POINT('',(-0.00327156312405729,-0.001,0.0115049157771179));
#2525=CARTESIAN_POINT('',(-0.00650002127211338,-0.001,0.0114828922079784));
#2526=CARTESIAN_POINT('',(-0.00972904277864499,-0.001,0.0117496998003301));
#2527=CARTESIAN_POINT('',(-0.0138950797191909,-0.001,0.0125613211683755));
#2528=CARTESIAN_POINT('',(-0.0189295961210028,-0.001,0.0141579629287246));
#2529=CARTESIAN_POINT('',(-0.0228630215888208,-0.001,0.0157491992692426));
#2530=CARTESIAN_POINT('',(-0.0248158833675119,-0.001,0.0165912698412698));
#2531=CARTESIAN_POINT('',(-0.0248158833675119,-0.001,0.0165912698412698));
#2532=CARTESIAN_POINT('',(-0.0248158833675119,-0.002,0.0165912698412698));
#2533=CARTESIAN_POINT('',(-0.0248158833675118,-0.0025,0.0165912698412698));
#2534=CARTESIAN_POINT('',(1.87608637161432,-0.0025,0.814855855704557));
#2535=CARTESIAN_POINT('',(1.25899620886538,-0.0025,0.548767660416795));
#2536=CARTESIAN_POINT('',(0.641906046116445,-0.0025,0.282679465129033));
#2537=CARTESIAN_POINT('',(0.0248158833675118,-0.0025,0.0165912698412698));
#2538=CARTESIAN_POINT('',(0.0130086232538106,-0.0025,0.0115));
#2539=CARTESIAN_POINT('',(0.00562795680262936,-0.0025,0.0115000000000002));
#2540=CARTESIAN_POINT('',(-0.00562795680262932,-0.0025,0.0114999999999997));
#2541=CARTESIAN_POINT('',(-0.0130086232538105,-0.0025,0.0115));
#2542=CARTESIAN_POINT('',(-0.0248158833675119,-0.0025,0.0165912698412698));
#2543=CARTESIAN_POINT('',(-0.148233915917298,-0.0025,0.0698089088988222));
#2544=CARTESIAN_POINT('',(-0.271651948467085,-0.0025,0.123026547956374));
#2545=CARTESIAN_POINT('',(-0.395069981016872,-0.0025,0.176244187013927));
#2546=CARTESIAN_POINT('',(-0.0236962495763117,-0.0025,0.0161145684347686));
#2547=CARTESIAN_POINT('',(-0.023696249576312,-0.002,0.0161145684347681));
#2548=CARTESIAN_POINT('',(-0.0236962495763131,-0.00260022939327974,0.0161145684347661));
#2549=CARTESIAN_POINT('',(-0.0236962495763124,-0.00260022939328113,0.0161145684347683));
#2550=CARTESIAN_POINT('',(-0.0231119966104547,-0.00264952742723298,0.0158690790327183));
#2551=CARTESIAN_POINT('',(-0.0219466803716272,-0.00279739619339466,0.0153899603431421));
#2552=CARTESIAN_POINT('',(-0.0202103116352393,-0.0032743801166838,0.0147116063331453));
#2553=CARTESIAN_POINT('',(-0.0185880804254662,-0.00417587995229781,0.0141176973581943));
#2554=CARTESIAN_POINT('',(-0.0179232160248633,-0.00535169179832616,0.0138903054310214));
#2555=CARTESIAN_POINT('',(-0.0179232160248633,-0.006,0.0138903054310214));
#2556=CARTESIAN_POINT('',(-0.0179232160248633,-0.006,0.0138903054310214));
#2557=CARTESIAN_POINT('',(-0.0179232160248633,-0.002,0.0138903054310214));
#2558=CARTESIAN_POINT('',(-0.0179232160248633,-0.003,0.0138903054310214));
#2559=CARTESIAN_POINT('',(-0.0179232160248633,-0.003,0.0138903054310214));
#2560=CARTESIAN_POINT('',(-0.0173071699295722,-0.00269059434015816,0.0136782742496123));
#2561=CARTESIAN_POINT('',(-0.0167008855454168,-0.0023557154752953,0.0134791203450907));
#2562=CARTESIAN_POINT('',(-0.0161018022393291,-0.002,0.0132928895444617));
#2563=CARTESIAN_POINT('',(-0.0161018022393291,-0.002,0.0132928895444617));
#2564=CARTESIAN_POINT('',(1.87608637161432,-0.002,0.814855855704557));
#2565=CARTESIAN_POINT('',(1.25899620886538,-0.002,0.548767660416795));
#2566=CARTESIAN_POINT('',(0.641906046116445,-0.002,0.282679465129033));
#2567=CARTESIAN_POINT('',(0.0248158833675118,-0.002,0.0165912698412698));
#2568=CARTESIAN_POINT('',(0.0130086232538106,-0.002,0.0115));
#2569=CARTESIAN_POINT('',(0.00562795680262936,-0.002,0.0115000000000002));
#2570=CARTESIAN_POINT('',(-0.00562795680262932,-0.002,0.0114999999999997));
#2571=CARTESIAN_POINT('',(-0.0130086232538105,-0.002,0.0115));
#2572=CARTESIAN_POINT('',(-0.0248158833675119,-0.002,0.0165912698412698));
#2573=CARTESIAN_POINT('',(-0.148233915917298,-0.002,0.0698089088988222));
#2574=CARTESIAN_POINT('',(-0.271651948467085,-0.002,0.123026547956374));
#2575=CARTESIAN_POINT('',(-0.395069981016872,-0.002,0.176244187013927));
#2576=CARTESIAN_POINT('',(0.0161018022393292,-0.002,0.0132928895444618));
#2577=CARTESIAN_POINT('',(0.0161018022393292,-0.002,0.0132928895444618));
#2578=CARTESIAN_POINT('',(0.0167008855454169,-0.00235571547529532,0.0134791203450907));
#2579=CARTESIAN_POINT('',(0.0173071699295723,-0.00269059434015842,0.013678274249612));
#2580=CARTESIAN_POINT('',(0.0179232160248633,-0.003,0.0138903054310214));
#2581=CARTESIAN_POINT('',(0.0179232160248633,-0.006,0.0138903054310214));
#2582=CARTESIAN_POINT('',(0.0179232160248633,-0.00534953039230786,0.0138903054310214));
#2583=CARTESIAN_POINT('',(0.0185952180822431,-0.00416767965912652,0.0141201699007841));
#2584=CARTESIAN_POINT('',(0.0202212483792964,-0.00327072959711104,0.0147157641010836));
#2585=CARTESIAN_POINT('',(0.0219529486760882,-0.0027964966868313,0.0153925272634347));
#2586=CARTESIAN_POINT('',(0.0231133859257409,-0.00264941019973712,0.0158696627904377));
#2587=CARTESIAN_POINT('',(0.023696249576312,-0.00260022939328118,0.0161145684347681));
#2588=CARTESIAN_POINT('',(0.033,-0.006,1.52911269265661E-18));
#2589=CARTESIAN_POINT('',(0.0494372125185138,-0.006,-0.00143806975533635));
#2590=CARTESIAN_POINT('',(0.0534219913108808,-0.006,-0.00178669272632698));
#2591=CARTESIAN_POINT('',(0.052093731713425,-0.00301857603000014,-0.00167048506933009));
#2592=CARTESIAN_POINT('',(0.033,-0.00301857603000014,9.01481208093591E-19));
#2593=CARTESIAN_POINT('',(0.0395553860804086,-0.00301857603000014,0.0180107752317298));
#2594=CARTESIAN_POINT('',(0.0386433323648736,-0.006,0.0155049282429675));
#2595=CARTESIAN_POINT('',(0.0400114129381762,-0.006,0.0192636987261111));
#2596=CARTESIAN_POINT('',(0.033,-0.006,1.52911269265661E-18));
#2597=CARTESIAN_POINT('',(0.033,-0.006,1.52911269265661E-18));
#2598=CARTESIAN_POINT('',(0.02475,-0.006,0.0142894191624432));
#2599=CARTESIAN_POINT('',(0.000500000000000007,-0.004,0.));
#2600=CARTESIAN_POINT('',(0.033,-0.004,1.36072375777385E-18));
#2601=CARTESIAN_POINT('',(0.0394128776873563,-0.004,0.0176192366397358));
#2602=CARTESIAN_POINT('',(0.0516786505892202,-0.004,-0.00163417017651859));
#2603=CARTESIAN_POINT('',(0.000746874013551624,-0.004,0.0028217828870876));
#2604=CARTESIAN_POINT('',(0.0291982222006834,-0.004,-0.0104452986574062));
#2605=CARTESIAN_POINT('',(0.033,-0.004,1.36072375777385E-18));
#2606=CARTESIAN_POINT('',(0.033,-0.003,1.36072375777385E-18));
#2607=CARTESIAN_POINT('',(0.0506824558911285,-0.003,-0.00154701443377092));
#2608=CARTESIAN_POINT('',(0.0390708575440306,-0.003,0.0166795440189499));
#2609=CARTESIAN_POINT('',(0.033,0.01475,3.88654947473198E-19));
#2610=CARTESIAN_POINT('',(0.033,0.01475,7.6741338588986E-19));
#2611=CARTESIAN_POINT('',(-0.033,-0.0002,1.35266943733098E-17));
#2612=CARTESIAN_POINT('',(-0.033,-0.002,1.35266943733098E-17));
#2613=CARTESIAN_POINT('',(-0.0199209136404716,-0.002,0.012));
#2614=CARTESIAN_POINT('',(-0.0199209136404716,-0.002,-0.012));
#2615=CARTESIAN_POINT('',(-0.0199209136404716,-0.0002,0.012));
#2616=CARTESIAN_POINT('',(-0.0199209136404716,-0.003,0.012));
#2617=CARTESIAN_POINT('',(-0.033,-0.003,1.35266943733098E-17));
#2618=CARTESIAN_POINT('',(-0.024125,-0.003,0.0153719509171738));
#2619=CARTESIAN_POINT('',(-0.024125,-0.0002,0.0153719509171738));
#2620=CARTESIAN_POINT('',(-0.024125,-0.0025,0.0153719509171738));
#2621=CARTESIAN_POINT('',(-0.033,-0.0025,1.35266943733098E-17));
#2622=CARTESIAN_POINT('',(-0.0390708575440306,-0.0025,0.0166795440189499));
#2623=CARTESIAN_POINT('',(-0.0390708575440306,-0.0002,0.0166795440189499));
#2624=CARTESIAN_POINT('',(-0.0390708575440306,-0.003,0.0166795440189499));
#2625=CARTESIAN_POINT('',(-0.033,-0.003,1.35266943733098E-17));
#2626=CARTESIAN_POINT('',(-0.0506824558911285,-0.003,-0.00154701443377092));
#2627=CARTESIAN_POINT('',(-0.0506824558911285,-0.0002,-0.00154701443377092));
#2628=CARTESIAN_POINT('',(-0.0506824558911285,-0.0025,-0.00154701443377092));
#2629=CARTESIAN_POINT('',(-0.033,-0.0025,1.35266943733098E-17));
#2630=CARTESIAN_POINT('',(-0.036082255153588,-0.0025,-0.0174803376159667));
#2631=CARTESIAN_POINT('',(-0.036082255153588,-0.0002,-0.0174803376159667));
#2632=CARTESIAN_POINT('',(-0.0199209136404716,-0.0002,-0.012));
#2633=CARTESIAN_POINT('',(-0.033,-0.0002,1.35266943733098E-17));
#2634=CARTESIAN_POINT('',(-0.033,-0.0002,-0.01775));
#2635=CARTESIAN_POINT('',(-0.033,-0.009,1.36950833081926E-17));
#2636=CARTESIAN_POINT('',(-0.0534219913108808,-0.0275,-0.00178669272632698));
#2637=CARTESIAN_POINT('',(-0.0534219913108808,-0.009,-0.00178669272632698));
#2638=CARTESIAN_POINT('',(-0.0534219913108808,-0.006,-0.00178669272632697));
#2639=CARTESIAN_POINT('',(-0.033,-0.009,1.36950833081926E-17));
#2640=CARTESIAN_POINT('',(-0.0400114129381762,-0.009,0.0192636987261111));
#2641=CARTESIAN_POINT('',(-0.0400114129381762,-0.0275,0.0192636987261111));
#2642=CARTESIAN_POINT('',(-0.0400114129381762,-0.006,0.0192636987261111));
#2643=CARTESIAN_POINT('',(-0.033,-0.006,1.36950833081926E-17));
#2644=CARTESIAN_POINT('',(-0.033,-0.002,1.24398203390666E-17));
#2645=CARTESIAN_POINT('',(-0.0248158833675119,-0.002,-0.0165912698412698));
#2646=CARTESIAN_POINT('',(-0.0248158833675119,-0.00152786404500008,-0.0165912698412698));
#2647=CARTESIAN_POINT('',(-0.0248158833675119,-0.001,-0.0165912698412698));
#2648=CARTESIAN_POINT('',(-0.033,-0.00152786404500008,1.24398203390666E-17));
#2649=CARTESIAN_POINT('',(-0.0393273726515248,-0.00152786404500008,0.0173843134845393));
#2650=CARTESIAN_POINT('',(-0.0393273726515248,-0.00152786404500008,0.0173843134845393));
#2651=CARTESIAN_POINT('',(-0.0393273726515248,-0.0025,0.0173843134845393));
#2652=CARTESIAN_POINT('',(-0.033,-0.0025,1.24398203390666E-17));
#2653=CARTESIAN_POINT('',(-0.033,-0.001,1.24398203390666E-17));
#2654=CARTESIAN_POINT('',(-0.033,-0.006,1.36950833081926E-17));
#2655=CARTESIAN_POINT('',(-0.0358651949315043,-0.006,-0.0162493279247015));
#2656=CARTESIAN_POINT('',(-0.0363282567386162,-0.00301857603000014,-0.0188754819327339));
#2657=CARTESIAN_POINT('',(-0.033,-0.00301857603000011,1.36950833081926E-17));
#2658=CARTESIAN_POINT('',(-0.0211850807471456,-0.00301857603000012,-0.0150920109382294));
#2659=CARTESIAN_POINT('',(-0.0179223312327807,-0.006,-0.0138893450006118));
#2660=CARTESIAN_POINT('',(-0.0179223312327807,-0.00558438311828934,-0.0138893450006118));
#2661=CARTESIAN_POINT('',(-0.0181924332674614,-0.00478139122498746,-0.0139810245528762));
#2662=CARTESIAN_POINT('',(-0.0193528860593855,-0.00364523944610998,-0.0143902907878411));
#2663=CARTESIAN_POINT('',(-0.0204520666021456,-0.00322019750217107,-0.0148044442585613));
#2664=CARTESIAN_POINT('',(-0.0211850807471457,-0.00301857603000013,-0.0150920109382294));
#2665=CARTESIAN_POINT('',(-0.033,-0.006,1.36950833081926E-17));
#2666=CARTESIAN_POINT('',(-0.0386433323648735,-0.006,0.0155049282429675));
#2667=CARTESIAN_POINT('',(-0.0395553860804086,-0.00301857603000014,0.0180107752317298));
#2668=CARTESIAN_POINT('',(-0.033,-0.00301857603000014,1.30674518236296E-17));
#2669=CARTESIAN_POINT('',(-0.052093731713425,-0.00301857603000014,-0.00167048506933008));
#2670=CARTESIAN_POINT('',(-0.0494372125185138,-0.006,-0.00143806975533634));
#2671=CARTESIAN_POINT('',(-0.033,-0.004,1.11001558765969E-17));
#2672=CARTESIAN_POINT('',(-0.033,-0.007,1.11001558765969E-17));
#2673=CARTESIAN_POINT('',(-0.0176295738510606,-0.007,-0.012));
#2674=CARTESIAN_POINT('',(-0.0363861394645052,-0.007,-0.0192037511837381));
#2675=CARTESIAN_POINT('',(-0.0176295738510606,-0.004,-0.012));
#2676=CARTESIAN_POINT('',(-0.0363861394645052,-0.004,-0.0192037511837381));
#2677=CARTESIAN_POINT('',(-0.033,-0.004,1.11001558765969E-17));
#2678=CARTESIAN_POINT('',(-0.033,-0.007,1.11001558765969E-17));
#2679=CARTESIAN_POINT('',(-0.052425796612789,-0.007,-0.00169953698357932));
#2680=CARTESIAN_POINT('',(-0.0396693927948505,-0.007,0.0183240061053253));
#2681=CARTESIAN_POINT('',(-0.052425796612789,-0.004,-0.00169953698357932));
#2682=CARTESIAN_POINT('',(-0.052425796612789,-0.004,-0.00169953698357932));
#2683=CARTESIAN_POINT('',(-0.033,-0.004,1.11001558765969E-17));
#2684=CARTESIAN_POINT('',(-0.0396693927948506,-0.004,0.0183240061053253));
#2685=CARTESIAN_POINT('',(-0.0396693927948506,-0.004,0.0183240061053253));
#2686=CARTESIAN_POINT('',(0.000500000000000007,-0.004,0.));
#2687=CARTESIAN_POINT('',(0.,-0.004,0.012));
#2688=CARTESIAN_POINT('',(-0.0176295738510606,-0.004,0.012));
#2689=CARTESIAN_POINT('',(-0.0185929704657761,-0.004,0.012));
#2690=CARTESIAN_POINT('',(-0.033,-0.004,1.11001558765969E-17));
#2691=CARTESIAN_POINT('',(-0.02325,-0.004,0.0168874953737965));
#2692=CARTESIAN_POINT('',(-0.024625,-0.004,0.0145059255133894));
#2693=CARTESIAN_POINT('',(-0.023625,-0.004,0.0162379763209583));
#2694=CARTESIAN_POINT('',(-0.033,-0.004,1.35266943733098E-17));
#2695=CARTESIAN_POINT('',(-0.033,-0.004,1.35266943733098E-17));
#2696=CARTESIAN_POINT('',(-0.0185929704657761,-0.00400000000000001,0.012));
#2697=CARTESIAN_POINT('',(-0.0190326881813993,-0.00366213194049572,0.012));
#2698=CARTESIAN_POINT('',(-0.0194751281253927,-0.00332847702814337,0.012));
#2699=CARTESIAN_POINT('',(-0.0199209136404717,-0.003,0.012));
#2700=CARTESIAN_POINT('',(-0.033,0.01475,1.65624604562692E-17));
#2701=CARTESIAN_POINT('',(0.033,-0.0002,1.36072375777385E-18));
#2702=CARTESIAN_POINT('',(0.033,-0.003,1.36072375777385E-18));
#2703=CARTESIAN_POINT('',(0.024125,-0.003,0.0153719509171738));
#2704=CARTESIAN_POINT('',(0.0199209136404717,-0.003,0.012));
#2705=CARTESIAN_POINT('',(0.0199209136404717,-0.0002,0.012));
#2706=CARTESIAN_POINT('',(0.0199209136404717,-0.002,0.012));
#2707=CARTESIAN_POINT('',(0.033,-0.002,1.36072375777385E-18));
#2708=CARTESIAN_POINT('',(0.0199209136404717,-0.002,-0.012));
#2709=CARTESIAN_POINT('',(0.0199209136404717,-0.0002,-0.012));
#2710=CARTESIAN_POINT('',(0.036082255153588,-0.0002,-0.0174803376159667));
#2711=CARTESIAN_POINT('',(0.036082255153588,-0.0025,-0.0174803376159667));
#2712=CARTESIAN_POINT('',(0.033,-0.0025,1.36072375777385E-18));
#2713=CARTESIAN_POINT('',(0.0506824558911285,-0.0025,-0.00154701443377092));
#2714=CARTESIAN_POINT('',(0.0506824558911285,-0.0002,-0.00154701443377092));
#2715=CARTESIAN_POINT('',(0.0390708575440306,-0.0002,0.0166795440189499));
#2716=CARTESIAN_POINT('',(0.0390708575440306,-0.0025,0.0166795440189499));
#2717=CARTESIAN_POINT('',(0.033,-0.0025,1.36072375777385E-18));
#2718=CARTESIAN_POINT('',(0.024125,-0.0025,0.0153719509171738));
#2719=CARTESIAN_POINT('',(0.024125,-0.0002,0.0153719509171738));
#2720=CARTESIAN_POINT('',(0.033,-0.0002,1.36072375777385E-18));
#2721=CARTESIAN_POINT('',(0.033,-0.0002,-0.01775));
#2722=CARTESIAN_POINT('',(0.033,-0.009,1.52911269265661E-18));
#2723=CARTESIAN_POINT('',(0.033,-0.009,1.52911269265661E-18));
#2724=CARTESIAN_POINT('',(0.0534219913108808,-0.009,-0.00178669272632698));
#2725=CARTESIAN_POINT('',(0.0400114129381762,-0.009,0.0192636987261111));
#2726=CARTESIAN_POINT('',(0.0534219913108808,-0.0275,-0.00178669272632698));
#2727=CARTESIAN_POINT('',(0.0400114129381762,-0.0275,0.0192636987261111));
#2728=CARTESIAN_POINT('',(-0.033,-0.009,1.36950833081926E-17));
#2729=CARTESIAN_POINT('',(-0.0163792298614053,-0.009,0.012));
#2730=CARTESIAN_POINT('',(-0.0163792298614053,-0.009,0.012));
#2731=CARTESIAN_POINT('',(-0.0163792298614053,-0.003,0.012));
#2732=CARTESIAN_POINT('',(-0.033,-0.003,1.36950833081926E-17));
#2733=CARTESIAN_POINT('',(-0.033,-0.006,1.36950833081926E-17));
#2734=CARTESIAN_POINT('',(-0.02275,-0.006,0.017753520777581));
#2735=CARTESIAN_POINT('',(-0.02275,-0.0275,0.017753520777581));
#2736=CARTESIAN_POINT('',(-0.02275,-0.009,0.017753520777581));
#2737=CARTESIAN_POINT('',(-0.033,-0.009,1.36950833081926E-17));
#2738=CARTESIAN_POINT('',(0.033,-0.002,9.79717439317882E-19));
#2739=CARTESIAN_POINT('',(0.033,0.,9.79717439317882E-19));
#2740=CARTESIAN_POINT('',(0.033,0.,-0.016));
#2741=CARTESIAN_POINT('',(0.033,-0.0002,9.79717439317882E-19));
#2742=CARTESIAN_POINT('',(0.033,-0.0002,-0.016));
#2743=CARTESIAN_POINT('',(-0.033,-0.002,9.79717439317882E-19));
#2744=CARTESIAN_POINT('',(-0.033,0.,9.79717439317882E-19));
#2745=CARTESIAN_POINT('',(-0.033,0.,-0.016));
#2746=CARTESIAN_POINT('',(-0.033,-0.0002,9.79717439317882E-19));
#2747=CARTESIAN_POINT('',(-0.033,-0.0002,-0.016));
#2748=CARTESIAN_POINT('',(0.0248158834083171,-0.00603,-0.016591269858865));
#2749=CARTESIAN_POINT('',(0.0248158834083171,-0.001,-0.016591269858865));
#2750=CARTESIAN_POINT('',(0.0208412587790937,-0.00603,-0.0148774186935424));
#2751=CARTESIAN_POINT('',(0.0208412587790937,-0.001,-0.0148774186935424));
#2752=CARTESIAN_POINT('',(0.0147536619655005,-0.00603,-0.012675440772893));
#2753=CARTESIAN_POINT('',(0.0147536619655005,-0.000999999999999999,-0.012675440772893));
#2754=CARTESIAN_POINT('',(0.00912131562315218,-0.00603,-0.0117706919942345));
#2755=CARTESIAN_POINT('',(0.00912131562315218,-0.001,-0.0117706919942345));
#2756=CARTESIAN_POINT('',(0.00488170262379348,-0.00603,-0.0119767000803858));
#2757=CARTESIAN_POINT('',(0.00488170262379348,-0.000999999999999998,-0.0119767000803858));
#2758=CARTESIAN_POINT('',(8.75815798977398E-12,-0.00603,-0.0120358073064449));
#2759=CARTESIAN_POINT('',(8.75815798977398E-12,-0.001,-0.0120358073064449));
#2760=CARTESIAN_POINT('',(-0.00488170260877074,-0.00603,-0.0119767000812578));
#2761=CARTESIAN_POINT('',(-0.00488170260877074,-0.001,-0.0119767000812578));
#2762=CARTESIAN_POINT('',(-0.00912131560688224,-0.00603,-0.0117706919933694));
#2763=CARTESIAN_POINT('',(-0.00912131560688224,-0.000999999999999999,-0.0117706919933694));
#2764=CARTESIAN_POINT('',(-0.0147536619443281,-0.00603,-0.0126754407683371));
#2765=CARTESIAN_POINT('',(-0.0147536619443281,-0.001,-0.0126754407683371));
#2766=CARTESIAN_POINT('',(-0.0208412587382886,-0.00603,-0.0148774186759474));
#2767=CARTESIAN_POINT('',(-0.0208412587382886,-0.000999999999999999,-0.0148774186759474));
#2768=CARTESIAN_POINT('',(-0.0248158833675118,-0.00603,-0.0165912698412698));
#2769=CARTESIAN_POINT('',(-0.0248158833675118,-0.001,-0.0165912698412698));
#2770=CARTESIAN_POINT('',(-0.0211850807471456,-0.00301857603000014,-0.0150920109382294));
#2771=CARTESIAN_POINT('',(-0.0215046143962056,-0.00293068571413439,-0.0152173662688461));
#2772=CARTESIAN_POINT('',(-0.0221381949564734,-0.00273943678994911,-0.015469839756187));
#2773=CARTESIAN_POINT('',(-0.0229193337713884,-0.00247026599476788,-0.0157896517211646));
#2774=CARTESIAN_POINT('',(-0.02353715278443,-0.00223834462809119,-0.0160471219007828));
#2775=CARTESIAN_POINT('',(-0.0239205680981526,-0.00208506997821641,-0.0162086988232559));
#2776=CARTESIAN_POINT('',(-0.0242225425882232,-0.00195410292114903,-0.0163369387148594));
#2777=CARTESIAN_POINT('',(-0.0244498425053764,-0.00184800285045891,-0.0164339716449718));
#2778=CARTESIAN_POINT('',(-0.0246568164890889,-0.00173015861133049,-0.0165227085825044));
#2779=CARTESIAN_POINT('',(-0.0248158833675115,-0.00161767191164291,-0.0165912698412697));
#2780=CARTESIAN_POINT('',(-0.0248158833675118,-0.0015278640450004,-0.0165912698412698));
#2781=CARTESIAN_POINT('',(-0.0248158833675118,-0.001,-0.0165912698412698));
#2782=CARTESIAN_POINT('',(-0.0228634409207413,-0.001,-0.0157493800844309));
#2783=CARTESIAN_POINT('',(-0.0199062377209469,-0.001,-0.0145453118703861));
#2784=CARTESIAN_POINT('',(-0.0158966020337244,-0.001,-0.0132022781533581));
#2785=CARTESIAN_POINT('',(-0.0128369627472073,-0.001,-0.0123973911395073));
#2786=CARTESIAN_POINT('',(-0.00968905213355337,-0.001,-0.0119013624181662));
#2787=CARTESIAN_POINT('',(-0.00643970413238459,-0.001,-0.011879755315053));
#2788=CARTESIAN_POINT('',(-0.00321135916694233,-0.001,-0.0120066516632967));
#2789=CARTESIAN_POINT('',(2.23154771081086E-5,-0.001,-0.0120209895363654));
#2790=CARTESIAN_POINT('',(0.00325628296546646,-0.001,-0.0120060115142046));
#2791=CARTESIAN_POINT('',(0.00648438061616785,-0.001,-0.0118774626652186));
#2792=CARTESIAN_POINT('',(0.00973628159438941,-0.001,-0.0119051812757927));
#2793=CARTESIAN_POINT('',(0.0128881265241698,-0.001,-0.0124085995268318));
#2794=CARTESIAN_POINT('',(0.0159390245284338,-0.001,-0.0132154579217927));
#2795=CARTESIAN_POINT('',(0.0199322955192072,-0.001,-0.0145558142119665));
#2796=CARTESIAN_POINT('',(0.0228697427889135,-0.001,-0.0157520974389281));
#2797=CARTESIAN_POINT('',(0.0248158833675119,-0.001,-0.0165912698412698));
#2798=CARTESIAN_POINT('',(0.0248158833675119,-0.001,-0.0165912698412698));
#2799=CARTESIAN_POINT('',(0.0248158833675119,-0.002,-0.0165912698412698));
#2800=CARTESIAN_POINT('',(0.0248158833675119,-0.00152786404500009,-0.0165912698412698));
#2801=CARTESIAN_POINT('',(0.0248158833675119,-0.00152786404500009,-0.0165912698412698));
#2802=CARTESIAN_POINT('',(0.0248158833675119,-0.00161881767496662,-0.0165912698412698));
#2803=CARTESIAN_POINT('',(0.0246546666567065,-0.00173119807644566,-0.0165217835833844));
#2804=CARTESIAN_POINT('',(0.0244484123935437,-0.00184877202116998,-0.0164333604061932));
#2805=CARTESIAN_POINT('',(0.0242210935630691,-0.00195473829371873,-0.0163363215301485));
#2806=CARTESIAN_POINT('',(0.0239189611634239,-0.00208573958049666,-0.0162080193453207));
#2807=CARTESIAN_POINT('',(0.0235359264578053,-0.00223881085326892,-0.016046608765224));
#2808=CARTESIAN_POINT('',(0.0229187661100598,-0.00247046249111116,-0.0157894194400615));
#2809=CARTESIAN_POINT('',(0.0221383112352359,-0.00273939619110615,-0.0154698873965439));
#2810=CARTESIAN_POINT('',(0.0215045356120843,-0.00293070738435338,-0.0152173353612856));
#2811=CARTESIAN_POINT('',(0.0211850807471275,-0.00301857603000488,-0.0150920109382223));
#2812=CARTESIAN_POINT('',(0.0211850807471268,-0.00301857603000529,-0.015092010938222));
#2813=CARTESIAN_POINT('',(0.0211850807471268,-0.00301857603000529,-0.015092010938222));
#2814=CARTESIAN_POINT('',(0.0204459601750505,-0.00322187712435871,-0.0148020486636383));
#2815=CARTESIAN_POINT('',(0.0193484575780196,-0.00364777628313492,-0.0143887043680587));
#2816=CARTESIAN_POINT('',(0.0181906488098756,-0.00478497641729632,-0.0139804123841858));
#2817=CARTESIAN_POINT('',(0.0179223312327807,-0.00558484537225062,-0.0138893450006118));
#2818=CARTESIAN_POINT('',(0.0179223312327807,-0.006,-0.0138893450006118));
#2819=CARTESIAN_POINT('',(1.93263570457861,-0.002,-0.839239828844185));
#2820=CARTESIAN_POINT('',(1.29669576417491,-0.002,-0.56502364250988));
#2821=CARTESIAN_POINT('',(0.660755823771213,-0.002,-0.290807456175575));
#2822=CARTESIAN_POINT('',(0.0248158833675119,-0.002,-0.0165912698412698));
#2823=CARTESIAN_POINT('',(0.0130086232538106,-0.002,-0.0115));
#2824=CARTESIAN_POINT('',(0.00693009305308642,-0.002,-0.012038668964401));
#2825=CARTESIAN_POINT('',(-0.00693009305308647,-0.002,-0.0120386689644009));
#2826=CARTESIAN_POINT('',(-0.0130086232538106,-0.002,-0.0115));
#2827=CARTESIAN_POINT('',(-0.0248158833675118,-0.002,-0.0165912698412698));
#2828=CARTESIAN_POINT('',(-0.152003871448252,-0.002,-0.0714345071081309));
#2829=CARTESIAN_POINT('',(-0.279191859528993,-0.002,-0.126277744374992));
#2830=CARTESIAN_POINT('',(-0.406379847609733,-0.002,-0.181120981641853));
#2831=CARTESIAN_POINT('',(0.033,-0.002,2.73849723530573E-19));
#2832=CARTESIAN_POINT('',(0.0393273726515248,-0.0025,0.0173843134845393));
#2833=CARTESIAN_POINT('',(0.0393273726515248,-0.0025,0.0173843134845393));
#2834=CARTESIAN_POINT('',(0.0393273726515248,-0.00152786404500009,0.0173843134845393));
#2835=CARTESIAN_POINT('',(0.033,-0.00152786404500009,2.73849723530573E-19));
#2836=CARTESIAN_POINT('',(0.033,-0.001,2.73849723530573E-19));
#2837=CARTESIAN_POINT('',(0.033,-0.0025,2.73849723530573E-19));
#2838=CARTESIAN_POINT('',(6.93889390390723E-18,-0.002,0.));
#2839=CARTESIAN_POINT('',(0.,-0.002,-0.012));
#2840=CARTESIAN_POINT('',(0.,-0.002,-0.012));
#2841=CARTESIAN_POINT('',(0.,-0.002,0.012));
#2842=CARTESIAN_POINT('',(0.0151604372250887,-0.002,0.012));
#2843=CARTESIAN_POINT('',(0.033,-0.002,1.52911269265661E-18));
#2844=CARTESIAN_POINT('',(-0.033,-0.002,1.36950833081926E-17));
#2845=CARTESIAN_POINT('',(-0.0151604372250887,-0.002,0.012));
#2846=CARTESIAN_POINT('',(0.,-0.002,0.012));
#2847=CARTESIAN_POINT('',(0.,-0.002,6.12323399573677E-20));
#2848=CARTESIAN_POINT('',(0.,-0.002,-0.001));
#2849=CARTESIAN_POINT('',(6.93889390390723E-18,0.,0.));
#2850=CARTESIAN_POINT('',(0.,0.,6.12323399573677E-20));
#2851=CARTESIAN_POINT('',(0.,0.,0.001));
#2852=CARTESIAN_POINT('',(-0.0252356545606011,0.,0.0156832694262927));
#2853=CARTESIAN_POINT('',(-0.0232495695150974,0.,0.0148268730399171));
#2854=CARTESIAN_POINT('',(-0.0192495281396195,0.,0.013207921110501));
#2855=CARTESIAN_POINT('',(-0.0141285108385707,0.,0.0115874452504074));
#2856=CARTESIAN_POINT('',(-0.00989221128046238,0.,0.0107630983588692));
#2857=CARTESIAN_POINT('',(-0.00660985819314212,0.,0.010484738466475));
#2858=CARTESIAN_POINT('',(-0.00332690169882662,0.,0.0105043932545845));
#2859=CARTESIAN_POINT('',(-4.2389415011641E-5,0.,0.0104976885151862));
#2860=CARTESIAN_POINT('',(0.00324218218025438,0.,0.0105048526846702));
#2861=CARTESIAN_POINT('',(0.0065249607402167,0.,0.0104829007461328));
#2862=CARTESIAN_POINT('',(0.00981284865505525,0.,0.0107513946236874));
#2863=CARTESIAN_POINT('',(0.0140633287429655,0.,0.0115691437961083));
#2864=CARTESIAN_POINT('',(0.0192108262782071,0.,0.0131924426133717));
#2865=CARTESIAN_POINT('',(0.023240583623986,0.,0.0148229983394386));
#2866=CARTESIAN_POINT('',(0.0252356545606012,0.,0.0156832694262928));
#2867=CARTESIAN_POINT('',(-0.025235654560601,0.,0.0156832694262927));
#2868=CARTESIAN_POINT('',(0.0252356545606012,0.,0.0156832694262928));
#2869=CARTESIAN_POINT('',(0.033,0.,2.73849723530573E-19));
#2870=CARTESIAN_POINT('',(0.0252356545606013,0.,-0.0156832694262928));
#2871=CARTESIAN_POINT('',(0.0252356545606013,0.,-0.0156832694262928));
#2872=CARTESIAN_POINT('',(0.0232537052911617,0.,-0.0148286563792984));
#2873=CARTESIAN_POINT('',(0.0202583315264816,0.,-0.0136084190562234));
#2874=CARTESIAN_POINT('',(0.0161904810382082,0.,-0.0122460836234982));
#2875=CARTESIAN_POINT('',(0.0130833808877973,0.,-0.0114274987447507));
#2876=CARTESIAN_POINT('',(0.00987911626307375,0.,-0.0109148548011025));
#2877=CARTESIAN_POINT('',(0.00657539431472468,0.,-0.0108718620523429));
#2878=CARTESIAN_POINT('',(0.00329454011861129,0.,-0.0110060907429215));
#2879=CARTESIAN_POINT('',(8.04999188332453E-6,0.,-0.0110210475668275));
#2880=CARTESIAN_POINT('',(-0.00327814634434881,0.,-0.0110063473138725));
#2881=CARTESIAN_POINT('',(-0.00655924578856255,0.,-0.0108726425543311));
#2882=CARTESIAN_POINT('',(-0.00986043638420272,0.,-0.010913470078583));
#2883=CARTESIAN_POINT('',(-0.0130576175973049,0.,-0.0114220062562191));
#2884=CARTESIAN_POINT('',(-0.0161682339352307,0.,-0.0122391752831714));
#2885=CARTESIAN_POINT('',(-0.0202445477646279,0.,-0.0136028719876746));
#2886=CARTESIAN_POINT('',(-0.0232507802758192,0.,-0.0148273951178156));
#2887=CARTESIAN_POINT('',(-0.0252356545606016,0.,-0.0156832694262929));
#2888=CARTESIAN_POINT('',(-0.0252356545606016,0.,-0.0156832694262929));
#2889=CARTESIAN_POINT('',(-0.033,0.,1.24398203390666E-17));
#2890=CARTESIAN_POINT('',(1.38777878078145E-17,-0.0002,0.));
#2891=CARTESIAN_POINT('',(1.38777878078145E-17,-0.0002,0.));
#2892=CARTESIAN_POINT('',(-0.033,-0.001,1.24398203390666E-17));
#2893=CARTESIAN_POINT('',(-0.0248158833675119,-0.001,-0.0165912698412698));
#2894=CARTESIAN_POINT('',(-0.0248158833675118,-0.000735830475049593,-0.0165912698412698));
#2895=CARTESIAN_POINT('',(-0.0249063114813766,-0.000218188965398989,-0.0163954228076371));
#2896=CARTESIAN_POINT('',(-0.0251262803832323,-1.70715307052563E-17,-0.0159196346468652));
#2897=CARTESIAN_POINT('',(-0.0252356545606016,4.16207446587198E-23,-0.0156832694262929));
#2898=CARTESIAN_POINT('',(-0.0248158833675119,-0.001,0.0165912698412699));
#2899=CARTESIAN_POINT('',(-0.0248158833675119,-0.000735830475049007,0.0165912698412699));
#2900=CARTESIAN_POINT('',(-0.0249063114813762,-0.000218188965397092,0.0163954228076348));
#2901=CARTESIAN_POINT('',(-0.0251262803832324,5.26448484961289E-16,0.0159196346468641));
#2902=CARTESIAN_POINT('',(-0.0252356545606021,-1.21567754639155E-28,0.0156832694262909));
#2903=CARTESIAN_POINT('',(-0.0251244675974447,-0.001,0.0167243308197034));
#2904=CARTESIAN_POINT('',(-0.0251244675974447,0.,0.0167243308197034));
#2905=CARTESIAN_POINT('',(-0.0255204237578959,0.,0.0158060614044441));
#2906=CARTESIAN_POINT('',(-0.0231231729609276,-0.001,0.0158613760843732));
#2907=CARTESIAN_POINT('',(-0.0231231729609117,0.,0.0158613760843948));
#2908=CARTESIAN_POINT('',(-0.0235191291213721,0.,0.0149431066691295));
#2909=CARTESIAN_POINT('',(-0.0191485905374645,-0.001,0.0142345362508514));
#2910=CARTESIAN_POINT('',(-0.0191485905374721,-1.46930431142471E-19,0.0142345362508411));
#2911=CARTESIAN_POINT('',(-0.0194923799102468,0.,0.0132941863423305));
#2912=CARTESIAN_POINT('',(-0.0140616118208845,-0.001,0.0126061188273646));
#2913=CARTESIAN_POINT('',(-0.0140616118208835,4.04058685641794E-19,0.0126061188273659));
#2914=CARTESIAN_POINT('',(-0.0143284628929382,0.,0.0116404061732166));
#2915=CARTESIAN_POINT('',(-0.00990232087708272,-0.001,0.011776287977932));
#2916=CARTESIAN_POINT('',(-0.0099023208770829,-6.97919547926736E-19,0.0117762879779317));
#2917=CARTESIAN_POINT('',(-0.0100516970960422,0.,0.0107850826460925));
#2918=CARTESIAN_POINT('',(-0.00670214081425368,-0.001,0.0114873459532683));
#2919=CARTESIAN_POINT('',(-0.00670214081425363,2.66311406445729E-18,0.0114873459532684));
#2920=CARTESIAN_POINT('',(-0.00672809826751834,0.,0.0104863431819761));
#2921=CARTESIAN_POINT('',(-0.00340801187104972,-0.001,0.0115036768865184));
#2922=CARTESIAN_POINT('',(-0.00340801187104972,4.53804145958425E-19,0.0115036768865184));
#2923=CARTESIAN_POINT('',(-0.00340143307387958,0.,0.0105039641957696));
#2924=CARTESIAN_POINT('',(-7.32420251460482E-5,-0.000999999999999999,0.0114979465006571));
#2925=CARTESIAN_POINT('',(-7.32420251460708E-5,5.93001020756986E-18,0.0114979465006571));
#2926=CARTESIAN_POINT('',(-7.35997605618826E-5,0.,0.0104978000349446));
#2927=CARTESIAN_POINT('',(0.00325946150141514,-0.00100000000000001,0.0115045371108526));
#2928=CARTESIAN_POINT('',(0.00325946150141523,-1.3765504120377E-17,0.0115045371108527));
#2929=CARTESIAN_POINT('',(0.0032543136459085,0.,0.0105048356644514));
#2930=CARTESIAN_POINT('',(0.00655978940264693,-0.000999999999999979,0.0114839050559324));
#2931=CARTESIAN_POINT('',(0.00655978940264657,4.91320062739381E-17,0.0114839050559322));
#2932=CARTESIAN_POINT('',(0.00658073856008943,0.,0.0104828573072498));
#2933=CARTESIAN_POINT('',(0.00976608712886503,-0.00100000000000008,0.011755712354808));
#2934=CARTESIAN_POINT('',(0.00976608712886634,-1.82762520975376E-16,0.0117557123548088));
#2935=CARTESIAN_POINT('',(0.0099109039483871,0.,0.0107637676460169));
#2936=CARTESIAN_POINT('',(0.0139482840294664,-0.000999999999999577,0.012573823967299));
#2937=CARTESIAN_POINT('',(0.0139482840294595,9.70144943828545E-16,0.0125738239672948));
#2938=CARTESIAN_POINT('',(0.0142128947705442,0.,0.0116073998032586));
#2939=CARTESIAN_POINT('',(0.0190817147027767,-0.00100000000000341,0.0142075939953719));
#2940=CARTESIAN_POINT('',(0.0190817147028329,-7.83700752868476E-15,0.0142075939954054));
#2941=CARTESIAN_POINT('',(0.0194248676786646,0.,0.0132669763794618));
#2942=CARTESIAN_POINT('',(0.0231062152187751,-0.000999999999992841,0.015854063935715));
#2943=CARTESIAN_POINT('',(0.0231062152186571,1.64653006080436E-14,0.0158540639356446));
#2944=CARTESIAN_POINT('',(0.02350217137922,0.,0.0149357945204704));
#2945=CARTESIAN_POINT('',(0.0251272808634008,-0.001,0.0167255438950469));
#2946=CARTESIAN_POINT('',(0.0251272808634008,0.,0.0167255438950469));
#2947=CARTESIAN_POINT('',(0.0255232370238521,0.,0.0158072744797876));
#2948=CARTESIAN_POINT('',(0.0248158833675118,-0.001,0.0165912698412699));
#2949=CARTESIAN_POINT('',(0.0248158833675118,-0.000735830475049157,0.0165912698412698));
#2950=CARTESIAN_POINT('',(0.0249063114813778,-0.000218188965397546,0.0163954228076358));
#2951=CARTESIAN_POINT('',(0.025126280383231,2.90155608761674E-16,0.0159196346468643));
#2952=CARTESIAN_POINT('',(0.0252356545606018,2.95076401092912E-29,0.0156832694262918));
#2953=CARTESIAN_POINT('',(0.0251250941499956,-0.001,-0.0167246009880639));
#2954=CARTESIAN_POINT('',(0.0251250941499956,1.30104260698261E-18,-0.0167246009880639));
#2955=CARTESIAN_POINT('',(0.0255210503104468,0.,-0.0158063315728045));
#2956=CARTESIAN_POINT('',(0.0231193962413569,-0.001,-0.0158597475695218));
#2957=CARTESIAN_POINT('',(0.0231193962414082,-4.26133428941712E-15,-0.0158597475695429));
#2958=CARTESIAN_POINT('',(0.0235153524018122,0.,-0.0149414781542531));
#2959=CARTESIAN_POINT('',(0.0201308744398435,-0.001,-0.0146289966162362));
#2960=CARTESIAN_POINT('',(0.020130874439832,9.62565706301948E-16,-0.0146289966162314));
#2961=CARTESIAN_POINT('',(0.0204879043357351,0.,-0.0136940002846798));
#2962=CARTESIAN_POINT('',(0.0160798902254225,-0.001,-0.0132579343872179));
#2963=CARTESIAN_POINT('',(0.0160798902254247,-1.78627243602944E-16,-0.0132579343872188));
#2964=CARTESIAN_POINT('',(0.0163750824429231,0.,-0.0123018814011427));
#2965=CARTESIAN_POINT('',(0.0130160857091105,-0.001,-0.0124371074740102));
#2966=CARTESIAN_POINT('',(0.0130160857091099,4.76498464419117E-17,-0.0124371074740099));
#2967=CARTESIAN_POINT('',(0.0132343878663319,0.,-0.0114596144698333));
#2968=CARTESIAN_POINT('',(0.00990119937346386,-0.001,-0.0119230673500359));
#2969=CARTESIAN_POINT('',(0.00990119937346402,-1.19721421647031E-17,-0.011923067350036));
#2970=CARTESIAN_POINT('',(0.00999752465507379,0.,-0.0109239011520848));
#2971=CARTESIAN_POINT('',(0.00670171222118663,-0.001,-0.0118673603155606));
#2972=CARTESIAN_POINT('',(0.00670171222118659,2.38722216900716E-19,-0.0118673603155606));
#2973=CARTESIAN_POINT('',(0.00665404544858086,0.,-0.0108673290790727));
#2974=CARTESIAN_POINT('',(0.00335003129483174,-0.001,-0.012005821638259));
#2975=CARTESIAN_POINT('',(0.00335003129483175,6.08912441239392E-19,-0.012005821638259));
#2976=CARTESIAN_POINT('',(0.00333381787610981,0.,-0.0110061314068226));
#2977=CARTESIAN_POINT('',(7.85824573524354E-6,-0.001,-0.0120211797636312));
#2978=CARTESIAN_POINT('',(7.85824573524193E-6,-2.67437198185828E-18,-0.0120211797636312));
#2979=CARTESIAN_POINT('',(7.84648348467053E-6,0.,-0.0110210273102032));
#2980=CARTESIAN_POINT('',(-0.00333377297297975,-0.001,-0.0120060876759521));
#2981=CARTESIAN_POINT('',(-0.00333377297297975,-3.19765369667113E-19,-0.0120060876759521));
#2982=CARTESIAN_POINT('',(-0.0033177688255272,0.,-0.0110063877265754));
#2983=CARTESIAN_POINT('',(-0.00668635791149944,-0.001,-0.011868094282564));
#2984=CARTESIAN_POINT('',(-0.00668635791149944,3.95343346052674E-18,-0.011868094282564));
#2985=CARTESIAN_POINT('',(-0.00663841283946357,0.,-0.0108680910227467));
#2986=CARTESIAN_POINT('',(-0.00988328777762257,-0.001,-0.0119216414724209));
#2987=CARTESIAN_POINT('',(-0.00988328777762256,-5.08562761657899E-18,-0.0119216414724209));
#2988=CARTESIAN_POINT('',(-0.00997870718163308,0.,-0.0109224067116962));
#2989=CARTESIAN_POINT('',(-0.0129914963736487,-0.001,-0.0124317368669157));
#2990=CARTESIAN_POINT('',(-0.0129914963736487,1.63890770057892E-17,-0.0124317368669156));
#2991=CARTESIAN_POINT('',(-0.0132090274711201,0.,-0.011454057139948));
#2992=CARTESIAN_POINT('',(-0.0160586583218318,-0.001,-0.0132512468595562));
#2993=CARTESIAN_POINT('',(-0.0160586583218318,-6.0470680406578E-17,-0.0132512468595564));
#2994=CARTESIAN_POINT('',(-0.0163534499919401,0.,-0.0122950642769066));
#2995=CARTESIAN_POINT('',(-0.0201183513730527,-0.001,-0.0146238860005334));
#2996=CARTESIAN_POINT('',(-0.0201183513730526,3.20815086296223E-16,-0.0146238860005324));
#2997=CARTESIAN_POINT('',(-0.0204752758919078,0.,-0.013688842172283));
#2998=CARTESIAN_POINT('',(-0.0231172351509187,-0.001,-0.0158588157111172));
#2999=CARTESIAN_POINT('',(-0.0231172351509188,-1.42266339026138E-15,-0.0158588157111217));
#3000=CARTESIAN_POINT('',(-0.0235131913113721,0.,-0.0149405462958529));
#3001=CARTESIAN_POINT('',(-0.0251254526719209,-0.001,-0.0167247555820889));
#3002=CARTESIAN_POINT('',(-0.0251254526719209,0.,-0.0167247555820889));
#3003=CARTESIAN_POINT('',(-0.0255214088323721,0.,-0.0158064861668296));
#3004=CARTESIAN_POINT('',(0.0248158833675119,-0.001,-0.0165912698412699));
#3005=CARTESIAN_POINT('',(0.0248158833675119,-0.000735830475049819,-0.0165912698412699));
#3006=CARTESIAN_POINT('',(0.0249063114813758,-0.000218188965399469,-0.0163954228076361));
#3007=CARTESIAN_POINT('',(0.0251262803832313,-7.25811439842129E-16,-0.015919634646868));
#3008=CARTESIAN_POINT('',(0.0252356545606001,-2.64438722737287E-27,-0.0156832694262953));
#3009=CARTESIAN_POINT('',(0.033,-0.001,2.73849723530573E-19));
#3010=CARTESIAN_POINT('',(-0.033,-0.006,1.36950833081926E-17));
#3011=CARTESIAN_POINT('',(-0.02475,-0.006,0.0142894191624432));
#3012=CARTESIAN_POINT('',(0.033,-0.006,1.52911269265661E-18));
#3013=CARTESIAN_POINT('',(0.033,-0.00301857603000014,1.52911269265661E-18));
#3014=CARTESIAN_POINT('',(0.0363282567386162,-0.00301857603000014,-0.0188754819327339));
#3015=CARTESIAN_POINT('',(0.0358651949315043,-0.006,-0.0162493279247015));
#3016=CARTESIAN_POINT('',(-0.033,-0.004,1.11001558765969E-17));
#3017=CARTESIAN_POINT('',(-0.033,-0.007,1.11001558765969E-17));
#3018=CARTESIAN_POINT('',(-0.02325,-0.007,0.0168874953737965));
#3019=CARTESIAN_POINT('',(-0.0176295738510606,-0.007,0.012));
#3020=CARTESIAN_POINT('',(-0.02325,-0.004,0.0168874953737965));
#3021=CARTESIAN_POINT('',(-0.0176295738510606,-0.004,0.012));
#3022=CARTESIAN_POINT('',(0.000500000000000007,-0.004,0.));
#3023=CARTESIAN_POINT('',(0.000245529862954495,-0.004,0.00290860697592107));
#3024=CARTESIAN_POINT('',(-0.0516786505892202,-0.004,-0.00163417017651859));
#3025=CARTESIAN_POINT('',(-0.033,-0.004,1.35266943733098E-17));
#3026=CARTESIAN_POINT('',(-0.0394128776873563,-0.004,0.0176192366397358));
#3027=CARTESIAN_POINT('',(-0.0290812444222429,-0.004,-0.0107666924622495));
#3028=CARTESIAN_POINT('',(0.,-0.004,0.012));
#3029=CARTESIAN_POINT('',(-0.0163792298614053,-0.009,0.012));
#3030=CARTESIAN_POINT('',(-0.0167937890119314,-0.0086638881780612,0.012));
#3031=CARTESIAN_POINT('',(-0.0172104305511522,-0.00833038005831099,0.012));
#3032=CARTESIAN_POINT('',(-0.0176295738510606,-0.008,0.012));
#3033=CARTESIAN_POINT('',(-0.0176295738510606,-0.008,0.012));
#3034=CARTESIAN_POINT('',(-0.0176295738510606,-0.007,0.012));
#3035=CARTESIAN_POINT('',(-0.0163792298614053,-0.00299999999999998,0.012));
#3036=CARTESIAN_POINT('',(-0.015971093007946,-0.00266909517919818,0.012));
#3037=CARTESIAN_POINT('',(-0.0155649318297682,-0.00233562822754851,0.012));
#3038=CARTESIAN_POINT('',(-0.0151604372250887,-0.00199999999999999,0.012));
#3039=CARTESIAN_POINT('',(0.,-0.004,-0.012));
#3040=CARTESIAN_POINT('',(-0.0176295738510606,-0.007,-0.012));
#3041=CARTESIAN_POINT('',(-0.0176295738510606,-0.008,-0.012));
#3042=CARTESIAN_POINT('',(-0.0176295738510606,-0.008,-0.012));
#3043=CARTESIAN_POINT('',(-0.0172104305511522,-0.00833038005831098,-0.012));
#3044=CARTESIAN_POINT('',(-0.0167937890119314,-0.00866388817806121,-0.012));
#3045=CARTESIAN_POINT('',(-0.0163792298614054,-0.009,-0.012));
#3046=CARTESIAN_POINT('',(0.000500000000000007,-0.004,0.));
#3047=CARTESIAN_POINT('',(0.,-0.004,0.012));
#3048=CARTESIAN_POINT('',(0.0185929704657761,-0.004,0.012));
#3049=CARTESIAN_POINT('',(0.033,-0.004,1.36072375777385E-18));
#3050=CARTESIAN_POINT('',(0.023625,-0.004,0.0162379763209582));
#3051=CARTESIAN_POINT('',(0.024875,-0.004,0.0140729128114971));
#3052=CARTESIAN_POINT('',(0.,-0.004,-0.012));
#3053=CARTESIAN_POINT('',(0.0163792298614054,-0.009,-0.012));
#3054=CARTESIAN_POINT('',(0.0167937890119314,-0.00866388817806121,-0.012));
#3055=CARTESIAN_POINT('',(0.0172104305511522,-0.00833038005831099,-0.012));
#3056=CARTESIAN_POINT('',(0.0176295738510606,-0.008,-0.012));
#3057=CARTESIAN_POINT('',(0.0176295738510606,-0.008,-0.012));
#3058=CARTESIAN_POINT('',(0.0176295738510606,-0.007,-0.012));
#3059=CARTESIAN_POINT('',(0.,-0.004,0.012));
#3060=CARTESIAN_POINT('',(0.0176295738510606,-0.007,0.012));
#3061=CARTESIAN_POINT('',(0.0176295738510606,-0.008,0.012));
#3062=CARTESIAN_POINT('',(0.0176295738510606,-0.008,0.012));
#3063=CARTESIAN_POINT('',(0.0172104305511522,-0.00833038005831098,0.012));
#3064=CARTESIAN_POINT('',(0.0167937890119314,-0.00866388817806121,0.012));
#3065=CARTESIAN_POINT('',(0.0163792298614054,-0.009,0.012));
#3066=CARTESIAN_POINT('',(0.0151604372250887,-0.00199999999999999,0.012));
#3067=CARTESIAN_POINT('',(0.0155649023550643,-0.00233560377099823,0.012));
#3068=CARTESIAN_POINT('',(0.0159710615315248,-0.00266906965908303,0.012));
#3069=CARTESIAN_POINT('',(0.0163792298614053,-0.00300000000000001,0.012));
#3070=CARTESIAN_POINT('',(0.0199209136404717,-0.00299999999999999,0.012));
#3071=CARTESIAN_POINT('',(0.0194746893128596,-0.0033288003671302,0.012));
#3072=CARTESIAN_POINT('',(0.0190322847718067,-0.00366244191030452,0.012));
#3073=CARTESIAN_POINT('',(0.0185929704657761,-0.00400000000000001,0.012));
#3074=CARTESIAN_POINT('',(0.,-0.025,6.12323399573677E-20));
#3075=CARTESIAN_POINT('',(0.033,-0.004,1.36072375777385E-18));
#3076=CARTESIAN_POINT('',(0.033,0.01475,1.36072375777385E-18));
#3077=CARTESIAN_POINT('',(-0.033,-0.004,1.35266943733098E-17));
#3078=CARTESIAN_POINT('',(-0.033,0.01475,1.64585335852412E-18));
#3079=CARTESIAN_POINT('',(-0.033,0.01475,7.00028028258597E-18));
#3080=CARTESIAN_POINT('',(-0.033,-0.003,1.36950833081926E-17));
#3081=CARTESIAN_POINT('',(0.033,-0.003,1.52911269265661E-18));
#3082=CARTESIAN_POINT('',(-0.0014609956554404,-0.0025,0.000155720531624867));
#3083=CARTESIAN_POINT('',(-0.027875,-0.0025,0.0088767603887905));
#3084=CARTESIAN_POINT('',(-0.0365057064690881,-0.0025,0.00963184936305557));
#3085=CARTESIAN_POINT('',(-0.027875,-0.0275,0.0088767603887905));
#3086=CARTESIAN_POINT('',(-0.02375,-0.007,0.0160214699700122));
#3087=CARTESIAN_POINT('',(-0.02375,-0.007,0.0160214699700122));
#3088=CARTESIAN_POINT('',(-0.033,0.0115,1.80390497805042E-17));
#3089=CARTESIAN_POINT('',(-0.0365057064690881,-0.0275,0.00963184936305557));
#3090=CARTESIAN_POINT('',(-0.033,0.0115,2.7938106702211E-18));
#3091=CARTESIAN_POINT('',(-0.0393273726515248,-0.007,0.0173843134845394));
#3092=CARTESIAN_POINT('',(-0.0396693927948505,-0.007,0.0183240061053253));
#3093=CARTESIAN_POINT('',(-0.0400114129381762,-0.00152786404500008,0.019263698726111));
#3094=CARTESIAN_POINT('',(-0.0014609956554404,-0.0025,0.000155720531624867));
#3095=CARTESIAN_POINT('',(-0.0432109956554404,-0.0025,-0.000893346363163491));
#3096=CARTESIAN_POINT('',(-0.05168080036939,-0.0025,-0.00163435825791251));
#3097=CARTESIAN_POINT('',(-0.033,-0.0025,1.30674518236296E-17));
#3098=CARTESIAN_POINT('',(-0.0362562780626298,-0.0025,-0.0184672705762125));
#3099=CARTESIAN_POINT('',(-0.0347798938210861,-0.0025,-0.0100942794683751));
#3100=CARTESIAN_POINT('',(-0.0347798938210861,-0.0275,-0.0100942794683751));
#3101=CARTESIAN_POINT('',(-0.033,0.0115,1.49032044523846E-17));
#3102=CARTESIAN_POINT('',(-0.0362124912868382,-0.007,-0.0182189434307258));
#3103=CARTESIAN_POINT('',(-0.0363861394645052,-0.007,-0.0192037511837381));
#3104=CARTESIAN_POINT('',(-0.036559787642172,-0.00152786404500008,-0.0201885589367501));
#3105=CARTESIAN_POINT('',(-0.0432109956554404,-0.0275,-0.000893346363163491));
#3106=CARTESIAN_POINT('',(-0.0514296019146973,-0.007,-0.00161238124083167));
#3107=CARTESIAN_POINT('',(-0.0514296019146973,-0.007,-0.00161238124083167));
#3108=CARTESIAN_POINT('',(-0.033,0.0115,2.35153658389108E-18));
#3109=CARTESIAN_POINT('',(-0.0534219913108807,-0.00152786404500008,-0.00178669272632697));
#3110=CARTESIAN_POINT('',(0.0014609956554404,-0.0025,0.000155720531624867));
#3111=CARTESIAN_POINT('',(0.0365057064690881,-0.0025,0.00963184936305557));
#3112=CARTESIAN_POINT('',(0.027875,-0.0025,0.0088767603887905));
#3113=CARTESIAN_POINT('',(0.027875,-0.0275,0.0088767603887905));
#3114=CARTESIAN_POINT('',(0.033,0.0115,4.66043136684136E-18));
#3115=CARTESIAN_POINT('',(0.02375,-0.007,0.0160214699700121));
#3116=CARTESIAN_POINT('',(0.02325,-0.007,0.0168874953737965));
#3117=CARTESIAN_POINT('',(0.0365057064690881,-0.0275,0.00963184936305557));
#3118=CARTESIAN_POINT('',(0.0393273726515248,-0.007,0.0173843134845393));
#3119=CARTESIAN_POINT('',(0.0393273726515248,-0.007,0.0173843134845393));
#3120=CARTESIAN_POINT('',(0.033,0.0115,4.48949995403278E-18));
#3121=CARTESIAN_POINT('',(0.0400114129381762,-0.00152786404500009,0.019263698726111));
#3122=CARTESIAN_POINT('',(0.0014609956554404,-0.0025,0.000155720531624867));
#3123=CARTESIAN_POINT('',(0.0347798938210861,-0.0025,-0.0100942794683751));
#3124=CARTESIAN_POINT('',(0.0362562780626298,-0.0025,-0.0184672705762125));
#3125=CARTESIAN_POINT('',(0.033,-0.0025,9.01481208093591E-19));
#3126=CARTESIAN_POINT('',(0.05168080036939,-0.0025,-0.00163435825791251));
#3127=CARTESIAN_POINT('',(0.0432109956554404,-0.0025,-0.000893346363163491));
#3128=CARTESIAN_POINT('',(0.0347798938210861,-0.0275,-0.0100942794683751));
#3129=CARTESIAN_POINT('',(0.0362124912868382,-0.007,-0.0182189434307258));
#3130=CARTESIAN_POINT('',(0.0362124912868382,-0.007,-0.0182189434307258));
#3131=CARTESIAN_POINT('',(0.033,0.0115,5.94198651407396E-18));
#3132=CARTESIAN_POINT('',(0.036559787642172,-0.00152786404500009,-0.0201885589367501));
#3133=CARTESIAN_POINT('',(0.0432109956554404,-0.0275,-0.000893346363163491));
#3134=CARTESIAN_POINT('',(0.033,0.0115,4.51433762148586E-19));
#3135=CARTESIAN_POINT('',(0.0514296019146973,-0.007,-0.00161238124083167));
#3136=CARTESIAN_POINT('',(0.052425796612789,-0.007,-0.00169953698357933));
#3137=CARTESIAN_POINT('',(0.0534219913108807,-0.00152786404500009,-0.00178669272632698));
#3138=CARTESIAN_POINT('',(0.0176295738510606,-0.007,-0.012));
#3139=CARTESIAN_POINT('',(0.033,0.0115,-6.77840954578546E-18));
#3140=CARTESIAN_POINT('',(0.0184178008330575,-0.007,-0.0113846153846154));
#3141=CARTESIAN_POINT('',(0.0176295738510606,-0.007,-0.012));
#3142=CARTESIAN_POINT('',(0.033,-0.007,5.52779310482976E-18));
#3143=CARTESIAN_POINT('',(0.033,-0.007,5.52779310482976E-18));
#3144=CARTESIAN_POINT('',(-0.0176295738510606,-0.007,0.012));
#3145=CARTESIAN_POINT('',(-0.033,0.0115,1.24675117266653E-17));
#3146=CARTESIAN_POINT('',(-0.0184178008330575,-0.007,0.0113846153846154));
#3147=CARTESIAN_POINT('',(-0.0176295738510606,-0.007,0.012));
#3148=CARTESIAN_POINT('',(-0.033,-0.007,1.11001558765969E-17));
#3149=CARTESIAN_POINT('',(-0.033,-0.007,1.11001558765969E-17));
#3150=CARTESIAN_POINT('',(-0.033,-0.007,1.11001558765969E-17));
#3151=CARTESIAN_POINT('',(-0.033,-0.007,1.11001558765969E-17));
#3152=CARTESIAN_POINT('',(-0.0184178008330575,-0.007,-0.0113846153846154));
#3153=CARTESIAN_POINT('',(-0.0184178008330575,-0.007,-0.0113846153846154));
#3154=CARTESIAN_POINT('',(-0.0184178008330575,-0.007,-0.0113846153846154));
#3155=CARTESIAN_POINT('',(-0.033,0.0115,1.61309076050076E-19));
#3156=CARTESIAN_POINT('',(-0.033,-0.007,1.11001558765969E-17));
#3157=CARTESIAN_POINT('',(-0.033,-0.007,1.11001558765969E-17));
#3158=CARTESIAN_POINT('',(0.0184178008330575,-0.007,0.0113846153846154));
#3159=CARTESIAN_POINT('',(0.0184178008330575,-0.007,0.0113846153846154));
#3160=CARTESIAN_POINT('',(0.0184178008330575,-0.007,0.0113846153846154));
#3161=CARTESIAN_POINT('',(0.033,0.0115,8.26250480496648E-18));
#3162=CARTESIAN_POINT('',(0.033,-0.007,5.52779310482976E-18));
#3163=CARTESIAN_POINT('',(0.033,-0.007,5.52779310482976E-18));
#3164=CARTESIAN_POINT('',(0.033,-0.007,5.52779310482976E-18));
#3165=CARTESIAN_POINT('',(0.033,-0.007,5.52779310482976E-18));
#3166=CARTESIAN_POINT('',(0.033,-0.007,5.52779310482976E-18));
#3167=CARTESIAN_POINT('',(0.033,-0.007,5.52779310482976E-18));
#3168=CARTESIAN_POINT('',(0.033,-0.007,5.52779310482976E-18));
#3169=CARTESIAN_POINT('',(-0.033,-0.007,1.11001558765969E-17));
#3170=CARTESIAN_POINT('',(-0.033,-0.007,1.11001558765969E-17));
#3171=CARTESIAN_POINT('',(-0.033,-0.007,1.11001558765969E-17));
#3172=CARTESIAN_POINT('',(-0.033,-0.00152786404500008,1.30674518236296E-17));
#3173=CARTESIAN_POINT('',(0.033,-0.00152786404500009,9.01481208093591E-19));
#3174=MECHANICAL_DESIGN_GEOMETRIC_PRESENTATION_REPRESENTATION('',(#1655),
#3175);
#3175=(
GEOMETRIC_REPRESENTATION_CONTEXT(3)
GLOBAL_UNCERTAINTY_ASSIGNED_CONTEXT((#3176))
GLOBAL_UNIT_ASSIGNED_CONTEXT((#3179,#3178,#3177))
REPRESENTATION_CONTEXT('frame v2','TOP_LEVEL_ASSEMBLY_PART')
);
#3176=UNCERTAINTY_MEASURE_WITH_UNIT(LENGTH_MEASURE(2.E-5),#3179,
'DISTANCE_ACCURACY_VALUE','Maximum Tolerance applied to model');
#3177=(
NAMED_UNIT(*)
SI_UNIT($,.STERADIAN.)
SOLID_ANGLE_UNIT()
);
#3178=(
NAMED_UNIT(*)
PLANE_ANGLE_UNIT()
SI_UNIT($,.RADIAN.)
);
#3179=(
LENGTH_UNIT()
NAMED_UNIT(*)
SI_UNIT($,.METRE.)
);
#3180=PRODUCT_DEFINITION_SHAPE('','',#3181);
#3181=PRODUCT_DEFINITION('','',#3183,#3182);
#3182=PRODUCT_DEFINITION_CONTEXT('',#3189,'design');
#3183=PRODUCT_DEFINITION_FORMATION_WITH_SPECIFIED_SOURCE('','',#3185,
 .NOT_KNOWN.);
#3184=PRODUCT_RELATED_PRODUCT_CATEGORY('','',(#3185));
#3185=PRODUCT('frame v2','frame v2','frame v2',(#3187));
#3186=PRODUCT_CATEGORY('','');
#3187=PRODUCT_CONTEXT('',#3189,'mechanical');
#3188=APPLICATION_PROTOCOL_DEFINITION('international standard',
'ap242_managed_model_based_3d_engineering',2020,#3189);
#3189=APPLICATION_CONTEXT('managed model based 3d engineering');
ENDSEC;
END-ISO-10303-21;
